ts,hash,config_json,sharpe_weekly,n_weeks,anchor,context
2026-08-27T10:40:20.330940+00:00,a1d5c78a7daa7412376417e77019eab5,"{""anchor"": ""MON"", ""avol_lookback_weeks"": 12, ""book_terminal_return"": true, ""book_weighting"": ""risk_parity"", ""clip_forward_return"": 1.0, ""construction"": ""books"", ""cost_multiple"": 1.0, ""cpvv_min_days_week"": 4, ""cpvv_window"": ""week"", ""factors"": [""AVOL""], ""fee_bp_illiquid"": 5.0, ""fee_bp_liquid"": 1.0, ""funding_weight"": 0.5, ""min_cross_section"": 10, ""min_days_per_week"": 3, ""nprocs"": 1, ""q_top_frac"": 0.2, ""quintile_frac"": 0.2, ""rank_min_periods"": 26, ""rank_window_weeks"": 52, ""ranking_frame"": ""XS"", ""require_continuous_trading"": false, ""require_finite_positive_prices"": true, ""smooth_window_weeks"": 20, ""tskd_diff_order"": ""avg_then_diff"", ""tskd_min_bars_per_side"": 20, ""turnover_cap"": 0.5, ""vol_min_periods"": 13, ""vol_window_weeks"": 26}",0.13895126987817522,347,MON,
2026-08-27T10:40:20.701105+00:00,ce01691e8c50fe9635ec879af6ad00ca,"{""anchor"": ""MON"", ""avol_lookback_weeks"": 12, ""book_terminal_return"": true, ""book_weighting"": ""risk_parity"", ""clip_forward_return"": 1.0, ""construction"": ""books"", ""cost_multiple"": 1.0, ""cpvv_min_days_week"": 4, ""cpvv_window"": ""week"", ""factors"": [""Q""], ""fee_bp_illiquid"": 5.0, ""fee_bp_liquid"": 1.0, ""funding_weight"": 0.5, ""min_cross_section"": 10, ""min_days_per_week"": 3, ""nprocs"": 1, ""q_top_frac"": 0.2, ""quintile_frac"": 0.2, ""rank_min_periods"": 26, ""rank_window_weeks"": 52, ""ranking_frame"": ""XS"", ""require_continuous_trading"": false, ""require_finite_positive_prices"": true, ""smooth_window_weeks"": 20, ""tskd_diff_order"": ""avg_then_diff"", ""tskd_min_bars_per_side"": 20, ""turnover_cap"": 0.5, ""vol_min_periods"": 13, ""vol_window_weeks"": 26}",0.021011881037047465,347,MON,
2026-08-27T10:40:21.039857+00:00,2d523e2762e26199fedec11176ef3b3d,"{""anchor"": ""MON"", ""avol_lookback_weeks"": 12, ""book_terminal_return"": true, ""book_weighting"": ""risk_parity"", ""clip_forward_return"": 1.0, ""construction"": ""books"", ""cost_multiple"": 1.0, ""cpvv_min_days_week"": 4, ""cpvv_window"": ""week"", ""factors"": [""RSJ""], ""fee_bp_illiquid"": 5.0, ""fee_bp_liquid"": 1.0, ""funding_weight"": 0.5, ""min_cross_section"": 10, ""min_days_per_week"": 3, ""nprocs"": 1, ""q_top_frac"": 0.2, ""quintile_frac"": 0.2, ""rank_min_periods"": 26, ""rank_window_weeks"": 52, ""ranking_frame"": ""XS"", ""require_continuous_trading"": false, ""require_finite_positive_prices"": true, ""smooth_window_weeks"": 20, ""tskd_diff_order"": ""avg_then_diff"", ""tskd_min_bars_per_side"": 20, ""turnover_cap"": 0.5, ""vol_min_periods"": 13, ""vol_window_weeks"": 26}",0.11159668807490103,347,MON,
2026-08-27T10:40:21.449402+00:00,2a154199191855d36d623106666fd6f2,"{""anchor"": ""MON"", ""avol_lookback_weeks"": 12, ""book_terminal_return"": true, ""book_weighting"": ""risk_parity"", ""clip_forward_return"": 1.0, ""construction"": ""books"", ""cost_multiple"": 1.0, ""cpvv_min_days_week"": 4, ""cpvv_window"": ""week"", ""factors"": [""OFI""], ""fee_bp_illiquid"": 5.0, ""fee_bp_liquid"": 1.0, ""funding_weight"": 0.5, ""min_cross_section"": 10, ""min_days_per_week"": 3, ""nprocs"": 1, ""q_top_frac"": 0.2, ""quintile_frac"": 0.2, ""rank_min_periods"": 26, ""rank_window_weeks"": 52, ""ranking_frame"": ""XS"", ""require_continuous_trading"": false, ""require_finite_positive_prices"": true, ""smooth_window_weeks"": 20, ""tskd_diff_order"": ""avg_then_diff"", ""tskd_min_bars_per_side"": 20, ""turnover_cap"": 0.5, ""vol_min_periods"": 13, ""vol_window_weeks"": 26}",0.07127099363781828,347,MON,
2026-08-27T10:40:21.823722+00:00,a037f1311f0364465daaf4b2469a6126,"{""anchor"": ""MON"", ""avol_lookback_weeks"": 12, ""book_terminal_return"": true, ""book_weighting"": ""risk_parity"", ""clip_forward_return"": 1.0, ""construction"": ""books"", ""cost_multiple"": 1.0, ""cpvv_min_days_week"": 4, ""cpvv_window"": ""week"", ""factors"": [""CPVm""], ""fee_bp_illiquid"": 5.0, ""fee_bp_liquid"": 1.0, ""funding_weight"": 0.5, ""min_cross_section"": 10, ""min_days_per_week"": 3, ""nprocs"": 1, ""q_top_frac"": 0.2, ""quintile_frac"": 0.2, ""rank_min_periods"": 26, ""rank_window_weeks"": 52, ""ranking_frame"": ""XS"", ""require_continuous_trading"": false, ""require_finite_positive_prices"": true, ""smooth_window_weeks"": 20, ""tskd_diff_order"": ""avg_then_diff"", ""tskd_min_bars_per_side"": 20, ""turnover_cap"": 0.5, ""vol_min_periods"": 13, ""vol_window_weeks"": 26}",0.1238544732101938,347,MON,
2026-08-27T10:40:22.168665+00:00,e0acfa41977547ec4e8b6ac95c3c4a31,"{""anchor"": ""MON"", ""avol_lookback_weeks"": 12, ""book_terminal_return"": true, ""book_weighting"": ""risk_parity"", ""clip_forward_return"": 1.0, ""construction"": ""books"", ""cost_multiple"": 1.0, ""cpvv_min_days_week"": 4, ""cpvv_window"": ""week"", ""factors"": [""CPVv""], ""fee_bp_illiquid"": 5.0, ""fee_bp_liquid"": 1.0, ""funding_weight"": 0.5, ""min_cross_section"": 10, ""min_days_per_week"": 3, ""nprocs"": 1, ""q_top_frac"": 0.2, ""quintile_frac"": 0.2, ""rank_min_periods"": 26, ""rank_window_weeks"": 52, ""ranking_frame"": ""XS"", ""require_continuous_trading"": false, ""require_finite_positive_prices"": true, ""smooth_window_weeks"": 20, ""tskd_diff_order"": ""avg_then_diff"", ""tskd_min_bars_per_side"": 20, ""turnover_cap"": 0.5, ""vol_min_periods"": 13, ""vol_window_weeks"": 26}",0.010920270861762544,347,MON,
2026-08-27T10:40:22.537956+00:00,9f7f6517651d77d6526c8670354aa717,"{""anchor"": ""MON"", ""avol_lookback_weeks"": 12, ""book_terminal_return"": true, ""book_weighting"": ""risk_parity"", ""clip_forward_return"": 1.0, ""construction"": ""books"", ""cost_multiple"": 1.0, ""cpvv_min_days_week"": 4, ""cpvv_window"": ""week"", ""factors"": [""WRspread""], ""fee_bp_illiquid"": 5.0, ""fee_bp_liquid"": 1.0, ""funding_weight"": 0.5, ""min_cross_section"": 10, ""min_days_per_week"": 3, ""nprocs"": 1, ""q_top_frac"": 0.2, ""quintile_frac"": 0.2, ""rank_min_periods"": 26, ""rank_window_weeks"": 52, ""ranking_frame"": ""XS"", ""require_continuous_trading"": false, ""require_finite_positive_prices"": true, ""smooth_window_weeks"": 20, ""tskd_diff_order"": ""avg_then_diff"", ""tskd_min_bars_per_side"": 20, ""turnover_cap"": 0.5, ""vol_min_periods"": 13, ""vol_window_weeks"": 26}",nan,347,MON,
2026-08-27T10:40:22.886189+00:00,572669e29a6aef8ffeb4538a6b7743b7,"{""anchor"": ""MON"", ""avol_lookback_weeks"": 12, ""book_terminal_return"": true, ""book_weighting"": ""risk_parity"", ""clip_forward_return"": 1.0, ""construction"": ""books"", ""cost_multiple"": 1.0, ""cpvv_min_days_week"": 4, ""cpvv_window"": ""week"", ""factors"": [""TopChg""], ""fee_bp_illiquid"": 5.0, ""fee_bp_liquid"": 1.0, ""funding_weight"": 0.5, ""min_cross_section"": 10, ""min_days_per_week"": 3, ""nprocs"": 1, ""q_top_frac"": 0.2, ""quintile_frac"": 0.2, ""rank_min_periods"": 26, ""rank_window_weeks"": 52, ""ranking_frame"": ""XS"", ""require_continuous_trading"": false, ""require_finite_positive_prices"": true, ""smooth_window_weeks"": 20, ""tskd_diff_order"": ""avg_then_diff"", ""tskd_min_bars_per_side"": 20, ""turnover_cap"": 0.5, ""vol_min_periods"": 13, ""vol_window_weeks"": 26}",nan,347,MON,
2026-08-27T10:40:23.258095+00:00,4a6ae1e6ce7a9a99acbf1c9b41832a88,"{""anchor"": ""MON"", ""avol_lookback_weeks"": 12, ""book_terminal_return"": true, ""book_weighting"": ""risk_parity"", ""clip_forward_return"": 1.0, ""construction"": ""books"", ""cost_multiple"": 1.0, ""cpvv_min_days_week"": 4, ""cpvv_window"": ""week"", ""factors"": [""Quad""], ""fee_bp_illiquid"": 5.0, ""fee_bp_liquid"": 1.0, ""funding_weight"": 0.5, ""min_cross_section"": 10, ""min_days_per_week"": 3, ""nprocs"": 1, ""q_top_frac"": 0.2, ""quintile_frac"": 0.2, ""rank_min_periods"": 26, ""rank_window_weeks"": 52, ""ranking_frame"": ""XS"", ""require_continuous_trading"": false, ""require_finite_positive_prices"": true, ""smooth_window_weeks"": 20, ""tskd_diff_order"": ""avg_then_diff"", ""tskd_min_bars_per_side"": 20, ""turnover_cap"": 0.5, ""vol_min_periods"": 13, ""vol_window_weeks"": 26}",nan,347,MON,
2026-08-27T10:40:23.653842+00:00,354bb1d55b3c31db9604fe357bba70c0,"{""anchor"": ""MON"", ""avol_lookback_weeks"": 12, ""book_terminal_return"": true, ""book_weighting"": ""risk_parity"", ""clip_forward_return"": 1.0, ""construction"": ""books"", ""cost_multiple"": 1.0, ""cpvv_min_days_week"": 4, ""cpvv_window"": ""week"", ""factors"": [""TKU""], ""fee_bp_illiquid"": 5.0, ""fee_bp_liquid"": 1.0, ""funding_weight"": 0.5, ""min_cross_section"": 10, ""min_days_per_week"": 3, ""nprocs"": 1, ""q_top_frac"": 0.2, ""quintile_frac"": 0.2, ""rank_min_periods"": 26, ""rank_window_weeks"": 52, ""ranking_frame"": ""XS"", ""require_continuous_trading"": false, ""require_finite_positive_prices"": true, ""smooth_window_weeks"": 20, ""tskd_diff_order"": ""avg_then_diff"", ""tskd_min_bars_per_side"": 20, ""turnover_cap"": 0.5, ""vol_min_periods"": 13, ""vol_window_weeks"": 26}",0.10972900750868914,347,MON,
2026-08-27T10:40:24.062780+00:00,7ed17fe57c513a5bb361ae3894dfbb5e,"{""anchor"": ""MON"", ""avol_lookback_weeks"": 12, ""book_terminal_return"": true, ""book_weighting"": ""risk_parity"", ""clip_forward_return"": 1.0, ""construction"": ""books"", ""cost_multiple"": 1.0, ""cpvv_min_days_week"": 4, ""cpvv_window"": ""week"", ""factors"": [""TSKD""], ""fee_bp_illiquid"": 5.0, ""fee_bp_liquid"": 1.0, ""funding_weight"": 0.5, ""min_cross_section"": 10, ""min_days_per_week"": 3, ""nprocs"": 1, ""q_top_frac"": 0.2, ""quintile_frac"": 0.2, ""rank_min_periods"": 26, ""rank_window_weeks"": 52, ""ranking_frame"": ""XS"", ""require_continuous_trading"": false, ""require_finite_positive_prices"": true, ""smooth_window_weeks"": 20, ""tskd_diff_order"": ""avg_then_diff"", ""tskd_min_bars_per_side"": 20, ""turnover_cap"": 0.5, ""vol_min_periods"": 13, ""vol_window_weeks"": 26}",0.04808636800169681,347,MON,
2026-08-27T10:40:24.410427+00:00,9ccbb84102e990d84f1dbdeca0658ff2,"{""anchor"": ""MON"", ""avol_lookback_weeks"": 12, ""book_terminal_return"": true, ""book_weighting"": ""risk_parity"", ""clip_forward_return"": 1.0, ""construction"": ""books"", ""cost_multiple"": 1.0, ""cpvv_min_days_week"": 4, ""cpvv_window"": ""week"", ""factors"": [""AVOL""], ""fee_bp_illiquid"": 5.0, ""fee_bp_liquid"": 1.0, ""funding_weight"": 0.0, ""min_cross_section"": 10, ""min_days_per_week"": 3, ""nprocs"": 1, ""q_top_frac"": 0.2, ""quintile_frac"": 0.2, ""rank_min_periods"": 26, ""rank_window_weeks"": 52, ""ranking_frame"": ""XS"", ""require_continuous_trading"": false, ""require_finite_positive_prices"": true, ""smooth_window_weeks"": 20, ""tskd_diff_order"": ""avg_then_diff"", ""tskd_min_bars_per_side"": 20, ""turnover_cap"": 0.5, ""vol_min_periods"": 13, ""vol_window_weeks"": 26}",0.11929951497755054,347,MON,
2026-08-27T10:40:24.790549+00:00,0400a9d2a927d18531cbb5b09958c1e7,"{""anchor"": ""MON"", ""avol_lookback_weeks"": 12, ""book_terminal_return"": true, ""book_weighting"": ""risk_parity"", ""clip_forward_return"": 1.0, ""construction"": ""books"", ""cost_multiple"": 1.0, ""cpvv_min_days_week"": 4, ""cpvv_window"": ""week"", ""factors"": [""Q""], ""fee_bp_illiquid"": 5.0, ""fee_bp_liquid"": 1.0, ""funding_weight"": 0.0, ""min_cross_section"": 10, ""min_days_per_week"": 3, ""nprocs"": 1, ""q_top_frac"": 0.2, ""quintile_frac"": 0.2, ""rank_min_periods"": 26, ""rank_window_weeks"": 52, ""ranking_frame"": ""XS"", ""require_continuous_trading"": false, ""require_finite_positive_prices"": true, ""smooth_window_weeks"": 20, ""tskd_diff_order"": ""avg_then_diff"", ""tskd_min_bars_per_side"": 20, ""turnover_cap"": 0.5, ""vol_min_periods"": 13, ""vol_window_weeks"": 26}",-0.0538830331013747,347,MON,
2026-08-27T10:40:25.153317+00:00,343e326470754fb49d4e63de53ca7c1f,"{""anchor"": ""MON"", ""avol_lookback_weeks"": 12, ""book_terminal_return"": true, ""book_weighting"": ""risk_parity"", ""clip_forward_return"": 1.0, ""construction"": ""books"", ""cost_multiple"": 1.0, ""cpvv_min_days_week"": 4, ""cpvv_window"": ""week"", ""factors"": [""RSJ""], ""fee_bp_illiquid"": 5.0, ""fee_bp_liquid"": 1.0, ""funding_weight"": 0.0, ""min_cross_section"": 10, ""min_days_per_week"": 3, ""nprocs"": 1, ""q_top_frac"": 0.2, ""quintile_frac"": 0.2, ""rank_min_periods"": 26, ""rank_window_weeks"": 52, ""ranking_frame"": ""XS"", ""require_continuous_trading"": false, ""require_finite_positive_prices"": true, ""smooth_window_weeks"": 20, ""tskd_diff_order"": ""avg_then_diff"", ""tskd_min_bars_per_side"": 20, ""turnover_cap"": 0.5, ""vol_min_periods"": 13, ""vol_window_weeks"": 26}",0.0719539749729239,347,MON,
2026-08-27T10:40:25.587801+00:00,62889a28078d7808e567c0cc6f62dd27,"{""anchor"": ""MON"", ""avol_lookback_weeks"": 12, ""book_terminal_return"": true, ""book_weighting"": ""risk_parity"", ""clip_forward_return"": 1.0, ""construction"": ""books"", ""cost_multiple"": 1.0, ""cpvv_min_days_week"": 4, ""cpvv_window"": ""week"", ""factors"": [""OFI""], ""fee_bp_illiquid"": 5.0, ""fee_bp_liquid"": 1.0, ""funding_weight"": 0.0, ""min_cross_section"": 10, ""min_days_per_week"": 3, ""nprocs"": 1, ""q_top_frac"": 0.2, ""quintile_frac"": 0.2, ""rank_min_periods"": 26, ""rank_window_weeks"": 52, ""ranking_frame"": ""XS"", ""require_continuous_trading"": false, ""require_finite_positive_prices"": true, ""smooth_window_weeks"": 20, ""tskd_diff_order"": ""avg_then_diff"", ""tskd_min_bars_per_side"": 20, ""turnover_cap"": 0.5, ""vol_min_periods"": 13, ""vol_window_weeks"": 26}",0.007400242052521657,347,MON,
2026-08-27T10:40:25.926256+00:00,e02abeb0f834829db4f2ccef2fc7bfc7,"{""anchor"": ""MON"", ""avol_lookback_weeks"": 12, ""book_terminal_return"": true, ""book_weighting"": ""risk_parity"", ""clip_forward_return"": 1.0, ""construction"": ""books"", ""cost_multiple"": 1.0, ""cpvv_min_days_week"": 4, ""cpvv_window"": ""week"", ""factors"": [""CPVm""], ""fee_bp_illiquid"": 5.0, ""fee_bp_liquid"": 1.0, ""funding_weight"": 0.0, ""min_cross_section"": 10, ""min_days_per_week"": 3, ""nprocs"": 1, ""q_top_frac"": 0.2, ""quintile_frac"": 0.2, ""rank_min_periods"": 26, ""rank_window_weeks"": 52, ""ranking_frame"": ""XS"", ""require_continuous_trading"": false, ""require_finite_positive_prices"": true, ""smooth_window_weeks"": 20, ""tskd_diff_order"": ""avg_then_diff"", ""tskd_min_bars_per_side"": 20, ""turnover_cap"": 0.5, ""vol_min_periods"": 13, ""vol_window_weeks"": 26}",0.08226694930215421,347,MON,
2026-08-27T10:40:26.207899+00:00,038ac8c3a9b53d25a1f89c6dcfabdbab,"{""anchor"": ""MON"", ""avol_lookback_weeks"": 12, ""book_terminal_return"": true, ""book_weighting"": ""risk_parity"", ""clip_forward_return"": 1.0, ""construction"": ""books"", ""cost_multiple"": 1.0, ""cpvv_min_days_week"": 4, ""cpvv_window"": ""week"", ""factors"": [""CPVv""], ""fee_bp_illiquid"": 5.0, ""fee_bp_liquid"": 1.0, ""funding_weight"": 0.0, ""min_cross_section"": 10, ""min_days_per_week"": 3, ""nprocs"": 1, ""q_top_frac"": 0.2, ""quintile_frac"": 0.2, ""rank_min_periods"": 26, ""rank_window_weeks"": 52, ""ranking_frame"": ""XS"", ""require_continuous_trading"": false, ""require_finite_positive_prices"": true, ""smooth_window_weeks"": 20, ""tskd_diff_order"": ""avg_then_diff"", ""tskd_min_bars_per_side"": 20, ""turnover_cap"": 0.5, ""vol_min_periods"": 13, ""vol_window_weeks"": 26}",-0.03081491743934477,347,MON,
2026-08-27T10:40:26.462499+00:00,1a989bcf2d1f1830dca383391513d64d,"{""anchor"": ""MON"", ""avol_lookback_weeks"": 12, ""book_terminal_return"": true, ""book_weighting"": ""risk_parity"", ""clip_forward_return"": 1.0, ""construction"": ""books"", ""cost_multiple"": 1.0, ""cpvv_min_days_week"": 4, ""cpvv_window"": ""week"", ""factors"": [""WRspread""], ""fee_bp_illiquid"": 5.0, ""fee_bp_liquid"": 1.0, ""funding_weight"": 0.0, ""min_cross_section"": 10, ""min_days_per_week"": 3, ""nprocs"": 1, ""q_top_frac"": 0.2, ""quintile_frac"": 0.2, ""rank_min_periods"": 26, ""rank_window_weeks"": 52, ""ranking_frame"": ""XS"", ""require_continuous_trading"": false, ""require_finite_positive_prices"": true, ""smooth_window_weeks"": 20, ""tskd_diff_order"": ""avg_then_diff"", ""tskd_min_bars_per_side"": 20, ""turnover_cap"": 0.5, ""vol_min_periods"": 13, ""vol_window_weeks"": 26}",nan,347,MON,
2026-08-27T10:40:26.726100+00:00,9b3d99ddfd95a013fbc0f33fa8be32d6,"{""anchor"": ""MON"", ""avol_lookback_weeks"": 12, ""book_terminal_return"": true, ""book_weighting"": ""risk_parity"", ""clip_forward_return"": 1.0, ""construction"": ""books"", ""cost_multiple"": 1.0, ""cpvv_min_days_week"": 4, ""cpvv_window"": ""week"", ""factors"": [""TopChg""], ""fee_bp_illiquid"": 5.0, ""fee_bp_liquid"": 1.0, ""funding_weight"": 0.0, ""min_cross_section"": 10, ""min_days_per_week"": 3, ""nprocs"": 1, ""q_top_frac"": 0.2, ""quintile_frac"": 0.2, ""rank_min_periods"": 26, ""rank_window_weeks"": 52, ""ranking_frame"": ""XS"", ""require_continuous_trading"": false, ""require_finite_positive_prices"": true, ""smooth_window_weeks"": 20, ""tskd_diff_order"": ""avg_then_diff"", ""tskd_min_bars_per_side"": 20, ""turnover_cap"": 0.5, ""vol_min_periods"": 13, ""vol_window_weeks"": 26}",nan,347,MON,
2026-08-27T10:40:26.981335+00:00,99f1bac3fb66f009dcbe6f3dd0bb029a,"{""anchor"": ""MON"", ""avol_lookback_weeks"": 12, ""book_terminal_return"": true, ""book_weighting"": ""risk_parity"", ""clip_forward_return"": 1.0, ""construction"": ""books"", ""cost_multiple"": 1.0, ""cpvv_min_days_week"": 4, ""cpvv_window"": ""week"", ""factors"": [""Quad""], ""fee_bp_illiquid"": 5.0, ""fee_bp_liquid"": 1.0, ""funding_weight"": 0.0, ""min_cross_section"": 10, ""min_days_per_week"": 3, ""nprocs"": 1, ""q_top_frac"": 0.2, ""quintile_frac"": 0.2, ""rank_min_periods"": 26, ""rank_window_weeks"": 52, ""ranking_frame"": ""XS"", ""require_continuous_trading"": false, ""require_finite_positive_prices"": true, ""smooth_window_weeks"": 20, ""tskd_diff_order"": ""avg_then_diff"", ""tskd_min_bars_per_side"": 20, ""turnover_cap"": 0.5, ""vol_min_periods"": 13, ""vol_window_weeks"": 26}",nan,347,MON,
2026-08-27T10:40:27.240120+00:00,bd86cb2c6e8b2d2ec1f6786b817b407d,"{""anchor"": ""MON"", ""avol_lookback_weeks"": 12, ""book_terminal_return"": true, ""book_weighting"": ""risk_parity"", ""clip_forward_return"": 1.0, ""construction"": ""books"", ""cost_multiple"": 1.0, ""cpvv_min_days_week"": 4, ""cpvv_window"": ""week"", ""factors"": [""TKU""], ""fee_bp_illiquid"": 5.0, ""fee_bp_liquid"": 1.0, ""funding_weight"": 0.0, ""min_cross_section"": 10, ""min_days_per_week"": 3, ""nprocs"": 1, ""q_top_frac"": 0.2, ""quintile_frac"": 0.2, ""rank_min_periods"": 26, ""rank_window_weeks"": 52, ""ranking_frame"": ""XS"", ""require_continuous_trading"": false, ""require_finite_positive_prices"": true, ""smooth_window_weeks"": 20, ""tskd_diff_order"": ""avg_then_diff"", ""tskd_min_bars_per_side"": 20, ""turnover_cap"": 0.5, ""vol_min_periods"": 13, ""vol_window_weeks"": 26}",0.053318060600850335,347,MON,
2026-08-27T10:40:27.494774+00:00,8745147adf8f7e495494f68e2365835f,"{""anchor"": ""MON"", ""avol_lookback_weeks"": 12, ""book_terminal_return"": true, ""book_weighting"": ""risk_parity"", ""clip_forward_return"": 1.0, ""construction"": ""books"", ""cost_multiple"": 1.0, ""cpvv_min_days_week"": 4, ""cpvv_window"": ""week"", ""factors"": [""TSKD""], ""fee_bp_illiquid"": 5.0, ""fee_bp_liquid"": 1.0, ""funding_weight"": 0.0, ""min_cross_section"": 10, ""min_days_per_week"": 3, ""nprocs"": 1, ""q_top_frac"": 0.2, ""quintile_frac"": 0.2, ""rank_min_periods"": 26, ""rank_window_weeks"": 52, ""ranking_frame"": ""XS"", ""require_continuous_trading"": false, ""require_finite_positive_prices"": true, ""smooth_window_weeks"": 20, ""tskd_diff_order"": ""avg_then_diff"", ""tskd_min_bars_per_side"": 20, ""turnover_cap"": 0.5, ""vol_min_periods"": 13, ""vol_window_weeks"": 26}",-0.02002959219398257,347,MON,
2026-08-27T10:40:28.022301+00:00,8cd0a9a44a28574cc9b791e9eb3b82c2,"{""anchor"": ""MON"", ""avol_lookback_weeks"": 12, ""book_terminal_return"": true, ""book_weighting"": ""risk_parity"", ""clip_forward_return"": 1.0, ""construction"": ""books"", ""cost_multiple"": 1.0, ""cpvv_min_days_week"": 4, ""cpvv_window"": ""week"", ""factors"": [""AVOL""], ""fee_bp_illiquid"": 5.0, ""fee_bp_liquid"": 1.0, ""funding_weight"": 0.5, ""min_cross_section"": 10, ""min_days_per_week"": 3, ""nprocs"": 1, ""q_top_frac"": 0.2, ""quintile_frac"": 0.2, ""rank_min_periods"": 26, ""rank_window_weeks"": 52, ""ranking_frame"": ""TS"", ""require_continuous_trading"": false, ""require_finite_positive_prices"": true, ""smooth_window_weeks"": 20, ""tskd_diff_order"": ""avg_then_diff"", ""tskd_min_bars_per_side"": 20, ""turnover_cap"": 0.5, ""vol_min_periods"": 13, ""vol_window_weeks"": 26}",0.06958285886421271,347,MON,
2026-08-27T10:40:28.565356+00:00,f900762b952c39aa0a5ff5a8dce1a474,"{""anchor"": ""MON"", ""avol_lookback_weeks"": 12, ""book_terminal_return"": true, ""book_weighting"": ""risk_parity"", ""clip_forward_return"": 1.0, ""construction"": ""books"", ""cost_multiple"": 1.0, ""cpvv_min_days_week"": 4, ""cpvv_window"": ""week"", ""factors"": [""Q""], ""fee_bp_illiquid"": 5.0, ""fee_bp_liquid"": 1.0, ""funding_weight"": 0.5, ""min_cross_section"": 10, ""min_days_per_week"": 3, ""nprocs"": 1, ""q_top_frac"": 0.2, ""quintile_frac"": 0.2, ""rank_min_periods"": 26, ""rank_window_weeks"": 52, ""ranking_frame"": ""TS"", ""require_continuous_trading"": false, ""require_finite_positive_prices"": true, ""smooth_window_weeks"": 20, ""tskd_diff_order"": ""avg_then_diff"", ""tskd_min_bars_per_side"": 20, ""turnover_cap"": 0.5, ""vol_min_periods"": 13, ""vol_window_weeks"": 26}",0.12907319889634794,347,MON,
2026-08-27T10:40:29.088252+00:00,132a23ab454d886fad14659d9db041db,"{""anchor"": ""MON"", ""avol_lookback_weeks"": 12, ""book_terminal_return"": true, ""book_weighting"": ""risk_parity"", ""clip_forward_return"": 1.0, ""construction"": ""books"", ""cost_multiple"": 1.0, ""cpvv_min_days_week"": 4, ""cpvv_window"": ""week"", ""factors"": [""RSJ""], ""fee_bp_illiquid"": 5.0, ""fee_bp_liquid"": 1.0, ""funding_weight"": 0.5, ""min_cross_section"": 10, ""min_days_per_week"": 3, ""nprocs"": 1, ""q_top_frac"": 0.2, ""quintile_frac"": 0.2, ""rank_min_periods"": 26, ""rank_window_weeks"": 52, ""ranking_frame"": ""TS"", ""require_continuous_trading"": false, ""require_finite_positive_prices"": true, ""smooth_window_weeks"": 20, ""tskd_diff_order"": ""avg_then_diff"", ""tskd_min_bars_per_side"": 20, ""turnover_cap"": 0.5, ""vol_min_periods"": 13, ""vol_window_weeks"": 26}",0.12157874120843468,347,MON,
2026-08-27T10:40:29.591212+00:00,bf12b49d835bf17ba4a0f7898bba8b59,"{""anchor"": ""MON"", ""avol_lookback_weeks"": 12, ""book_terminal_return"": true, ""book_weighting"": ""risk_parity"", ""clip_forward_return"": 1.0, ""construction"": ""books"", ""cost_multiple"": 1.0, ""cpvv_min_days_week"": 4, ""cpvv_window"": ""week"", ""factors"": [""OFI""], ""fee_bp_illiquid"": 5.0, ""fee_bp_liquid"": 1.0, ""funding_weight"": 0.5, ""min_cross_section"": 10, ""min_days_per_week"": 3, ""nprocs"": 1, ""q_top_frac"": 0.2, ""quintile_frac"": 0.2, ""rank_min_periods"": 26, ""rank_window_weeks"": 52, ""ranking_frame"": ""TS"", ""require_continuous_trading"": false, ""require_finite_positive_prices"": true, ""smooth_window_weeks"": 20, ""tskd_diff_order"": ""avg_then_diff"", ""tskd_min_bars_per_side"": 20, ""turnover_cap"": 0.5, ""vol_min_periods"": 13, ""vol_window_weeks"": 26}",0.12329058424499616,347,MON,
2026-08-27T10:40:30.107035+00:00,51426338836111d154502c97cc4c6f73,"{""anchor"": ""MON"", ""avol_lookback_weeks"": 12, ""book_terminal_return"": true, ""book_weighting"": ""risk_parity"", ""clip_forward_return"": 1.0, ""construction"": ""books"", ""cost_multiple"": 1.0, ""cpvv_min_days_week"": 4, ""cpvv_window"": ""week"", ""factors"": [""CPVm""], ""fee_bp_illiquid"": 5.0, ""fee_bp_liquid"": 1.0, ""funding_weight"": 0.5, ""min_cross_section"": 10, ""min_days_per_week"": 3, ""nprocs"": 1, ""q_top_frac"": 0.2, ""quintile_frac"": 0.2, ""rank_min_periods"": 26, ""rank_window_weeks"": 52, ""ranking_frame"": ""TS"", ""require_continuous_trading"": false, ""require_finite_positive_prices"": true, ""smooth_window_weeks"": 20, ""tskd_diff_order"": ""avg_then_diff"", ""tskd_min_bars_per_side"": 20, ""turnover_cap"": 0.5, ""vol_min_periods"": 13, ""vol_window_weeks"": 26}",0.12676620641024267,347,MON,
2026-08-27T10:40:30.590640+00:00,fb14b1056d942a93b63c95cd62971229,"{""anchor"": ""MON"", ""avol_lookback_weeks"": 12, ""book_terminal_return"": true, ""book_weighting"": ""risk_parity"", ""clip_forward_return"": 1.0, ""construction"": ""books"", ""cost_multiple"": 1.0, ""cpvv_min_days_week"": 4, ""cpvv_window"": ""week"", ""factors"": [""CPVv""], ""fee_bp_illiquid"": 5.0, ""fee_bp_liquid"": 1.0, ""funding_weight"": 0.5, ""min_cross_section"": 10, ""min_days_per_week"": 3, ""nprocs"": 1, ""q_top_frac"": 0.2, ""quintile_frac"": 0.2, ""rank_min_periods"": 26, ""rank_window_weeks"": 52, ""ranking_frame"": ""TS"", ""require_continuous_trading"": false, ""require_finite_positive_prices"": true, ""smooth_window_weeks"": 20, ""tskd_diff_order"": ""avg_then_diff"", ""tskd_min_bars_per_side"": 20, ""turnover_cap"": 0.5, ""vol_min_periods"": 13, ""vol_window_weeks"": 26}",0.1348112901762837,347,MON,
2026-08-27T10:40:31.068447+00:00,3ae9b9b0fcf23aefc9fe9528406a0d8d,"{""anchor"": ""MON"", ""avol_lookback_weeks"": 12, ""book_terminal_return"": true, ""book_weighting"": ""risk_parity"", ""clip_forward_return"": 1.0, ""construction"": ""books"", ""cost_multiple"": 1.0, ""cpvv_min_days_week"": 4, ""cpvv_window"": ""week"", ""factors"": [""WRspread""], ""fee_bp_illiquid"": 5.0, ""fee_bp_liquid"": 1.0, ""funding_weight"": 0.5, ""min_cross_section"": 10, ""min_days_per_week"": 3, ""nprocs"": 1, ""q_top_frac"": 0.2, ""quintile_frac"": 0.2, ""rank_min_periods"": 26, ""rank_window_weeks"": 52, ""ranking_frame"": ""TS"", ""require_continuous_trading"": false, ""require_finite_positive_prices"": true, ""smooth_window_weeks"": 20, ""tskd_diff_order"": ""avg_then_diff"", ""tskd_min_bars_per_side"": 20, ""turnover_cap"": 0.5, ""vol_min_periods"": 13, ""vol_window_weeks"": 26}",nan,347,MON,
2026-08-27T10:40:31.662111+00:00,fda0b4cfb5e339983a41c325ce7823ca,"{""anchor"": ""MON"", ""avol_lookback_weeks"": 12, ""book_terminal_return"": true, ""book_weighting"": ""risk_parity"", ""clip_forward_return"": 1.0, ""construction"": ""books"", ""cost_multiple"": 1.0, ""cpvv_min_days_week"": 4, ""cpvv_window"": ""week"", ""factors"": [""TopChg""], ""fee_bp_illiquid"": 5.0, ""fee_bp_liquid"": 1.0, ""funding_weight"": 0.5, ""min_cross_section"": 10, ""min_days_per_week"": 3, ""nprocs"": 1, ""q_top_frac"": 0.2, ""quintile_frac"": 0.2, ""rank_min_periods"": 26, ""rank_window_weeks"": 52, ""ranking_frame"": ""TS"", ""require_continuous_trading"": false, ""require_finite_positive_prices"": true, ""smooth_window_weeks"": 20, ""tskd_diff_order"": ""avg_then_diff"", ""tskd_min_bars_per_side"": 20, ""turnover_cap"": 0.5, ""vol_min_periods"": 13, ""vol_window_weeks"": 26}",nan,347,MON,
2026-08-27T10:40:32.277977+00:00,18b572cb9f1b6bd9e56c843e7434e815,"{""anchor"": ""MON"", ""avol_lookback_weeks"": 12, ""book_terminal_return"": true, ""book_weighting"": ""risk_parity"", ""clip_forward_return"": 1.0, ""construction"": ""books"", ""cost_multiple"": 1.0, ""cpvv_min_days_week"": 4, ""cpvv_window"": ""week"", ""factors"": [""Quad""], ""fee_bp_illiquid"": 5.0, ""fee_bp_liquid"": 1.0, ""funding_weight"": 0.5, ""min_cross_section"": 10, ""min_days_per_week"": 3, ""nprocs"": 1, ""q_top_frac"": 0.2, ""quintile_frac"": 0.2, ""rank_min_periods"": 26, ""rank_window_weeks"": 52, ""ranking_frame"": ""TS"", ""require_continuous_trading"": false, ""require_finite_positive_prices"": true, ""smooth_window_weeks"": 20, ""tskd_diff_order"": ""avg_then_diff"", ""tskd_min_bars_per_side"": 20, ""turnover_cap"": 0.5, ""vol_min_periods"": 13, ""vol_window_weeks"": 26}",nan,347,MON,
2026-08-27T10:40:32.943583+00:00,d7ead6aa2bd1b8b41c90a9acc785b46a,"{""anchor"": ""MON"", ""avol_lookback_weeks"": 12, ""book_terminal_return"": true, ""book_weighting"": ""risk_parity"", ""clip_forward_return"": 1.0, ""construction"": ""books"", ""cost_multiple"": 1.0, ""cpvv_min_days_week"": 4, ""cpvv_window"": ""week"", ""factors"": [""TKU""], ""fee_bp_illiquid"": 5.0, ""fee_bp_liquid"": 1.0, ""funding_weight"": 0.5, ""min_cross_section"": 10, ""min_days_per_week"": 3, ""nprocs"": 1, ""q_top_frac"": 0.2, ""quintile_frac"": 0.2, ""rank_min_periods"": 26, ""rank_window_weeks"": 52, ""ranking_frame"": ""TS"", ""require_continuous_trading"": false, ""require_finite_positive_prices"": true, ""smooth_window_weeks"": 20, ""tskd_diff_order"": ""avg_then_diff"", ""tskd_min_bars_per_side"": 20, ""turnover_cap"": 0.5, ""vol_min_periods"": 13, ""vol_window_weeks"": 26}",0.11909564502973846,347,MON,
2026-08-27T10:40:33.588399+00:00,dc0180133f39df75dcd5b3f0a1230ba2,"{""anchor"": ""MON"", ""avol_lookback_weeks"": 12, ""book_terminal_return"": true, ""book_weighting"": ""risk_parity"", ""clip_forward_return"": 1.0, ""construction"": ""books"", ""cost_multiple"": 1.0, ""cpvv_min_days_week"": 4, ""cpvv_window"": ""week"", ""factors"": [""TSKD""], ""fee_bp_illiquid"": 5.0, ""fee_bp_liquid"": 1.0, ""funding_weight"": 0.5, ""min_cross_section"": 10, ""min_days_per_week"": 3, ""nprocs"": 1, ""q_top_frac"": 0.2, ""quintile_frac"": 0.2, ""rank_min_periods"": 26, ""rank_window_weeks"": 52, ""ranking_frame"": ""TS"", ""require_continuous_trading"": false, ""require_finite_positive_prices"": true, ""smooth_window_weeks"": 20, ""tskd_diff_order"": ""avg_then_diff"", ""tskd_min_bars_per_side"": 20, ""turnover_cap"": 0.5, ""vol_min_periods"": 13, ""vol_window_weeks"": 26}",0.0758806330844276,347,MON,
2026-08-27T10:40:34.076488+00:00,825d1c72cecf7f1280bde63d76cef828,"{""anchor"": ""MON"", ""avol_lookback_weeks"": 12, ""book_terminal_return"": true, ""book_weighting"": ""risk_parity"", ""clip_forward_return"": 1.0, ""construction"": ""books"", ""cost_multiple"": 1.0, ""cpvv_min_days_week"": 4, ""cpvv_window"": ""week"", ""factors"": [""AVOL""], ""fee_bp_illiquid"": 5.0, ""fee_bp_liquid"": 1.0, ""funding_weight"": 0.0, ""min_cross_section"": 10, ""min_days_per_week"": 3, ""nprocs"": 1, ""q_top_frac"": 0.2, ""quintile_frac"": 0.2, ""rank_min_periods"": 26, ""rank_window_weeks"": 52, ""ranking_frame"": ""TS"", ""require_continuous_trading"": false, ""require_finite_positive_prices"": true, ""smooth_window_weeks"": 20, ""tskd_diff_order"": ""avg_then_diff"", ""tskd_min_bars_per_side"": 20, ""turnover_cap"": 0.5, ""vol_min_periods"": 13, ""vol_window_weeks"": 26}",0.012430259901072722,347,MON,
2026-08-27T10:40:34.644249+00:00,bea2f876d6b67483c711c6aa019c513a,"{""anchor"": ""MON"", ""avol_lookback_weeks"": 12, ""book_terminal_return"": true, ""book_weighting"": ""risk_parity"", ""clip_forward_return"": 1.0, ""construction"": ""books"", ""cost_multiple"": 1.0, ""cpvv_min_days_week"": 4, ""cpvv_window"": ""week"", ""factors"": [""Q""], ""fee_bp_illiquid"": 5.0, ""fee_bp_liquid"": 1.0, ""funding_weight"": 0.0, ""min_cross_section"": 10, ""min_days_per_week"": 3, ""nprocs"": 1, ""q_top_frac"": 0.2, ""quintile_frac"": 0.2, ""rank_min_periods"": 26, ""rank_window_weeks"": 52, ""ranking_frame"": ""TS"", ""require_continuous_trading"": false, ""require_finite_positive_prices"": true, ""smooth_window_weeks"": 20, ""tskd_diff_order"": ""avg_then_diff"", ""tskd_min_bars_per_side"": 20, ""turnover_cap"": 0.5, ""vol_min_periods"": 13, ""vol_window_weeks"": 26}",0.09827392892633498,347,MON,
2026-08-27T10:40:35.120652+00:00,dd64db7489986b838acbdd0ba86e8919,"{""anchor"": ""MON"", ""avol_lookback_weeks"": 12, ""book_terminal_return"": true, ""book_weighting"": ""risk_parity"", ""clip_forward_return"": 1.0, ""construction"": ""books"", ""cost_multiple"": 1.0, ""cpvv_min_days_week"": 4, ""cpvv_window"": ""week"", ""factors"": [""RSJ""], ""fee_bp_illiquid"": 5.0, ""fee_bp_liquid"": 1.0, ""funding_weight"": 0.0, ""min_cross_section"": 10, ""min_days_per_week"": 3, ""nprocs"": 1, ""q_top_frac"": 0.2, ""quintile_frac"": 0.2, ""rank_min_periods"": 26, ""rank_window_weeks"": 52, ""ranking_frame"": ""TS"", ""require_continuous_trading"": false, ""require_finite_positive_prices"": true, ""smooth_window_weeks"": 20, ""tskd_diff_order"": ""avg_then_diff"", ""tskd_min_bars_per_side"": 20, ""turnover_cap"": 0.5, ""vol_min_periods"": 13, ""vol_window_weeks"": 26}",0.03820364940943649,347,MON,
2026-08-27T10:40:35.605635+00:00,15e828d6e55154bb9c5e5b9887ecdf46,"{""anchor"": ""MON"", ""avol_lookback_weeks"": 12, ""book_terminal_return"": true, ""book_weighting"": ""risk_parity"", ""clip_forward_return"": 1.0, ""construction"": ""books"", ""cost_multiple"": 1.0, ""cpvv_min_days_week"": 4, ""cpvv_window"": ""week"", ""factors"": [""OFI""], ""fee_bp_illiquid"": 5.0, ""fee_bp_liquid"": 1.0, ""funding_weight"": 0.0, ""min_cross_section"": 10, ""min_days_per_week"": 3, ""nprocs"": 1, ""q_top_frac"": 0.2, ""quintile_frac"": 0.2, ""rank_min_periods"": 26, ""rank_window_weeks"": 52, ""ranking_frame"": ""TS"", ""require_continuous_trading"": false, ""require_finite_positive_prices"": true, ""smooth_window_weeks"": 20, ""tskd_diff_order"": ""avg_then_diff"", ""tskd_min_bars_per_side"": 20, ""turnover_cap"": 0.5, ""vol_min_periods"": 13, ""vol_window_weeks"": 26}",0.07582556386546929,347,MON,
2026-08-27T10:40:36.097948+00:00,3f34b3936fc74b251bb05e638f88441d,"{""anchor"": ""MON"", ""avol_lookback_weeks"": 12, ""book_terminal_return"": true, ""book_weighting"": ""risk_parity"", ""clip_forward_return"": 1.0, ""construction"": ""books"", ""cost_multiple"": 1.0, ""cpvv_min_days_week"": 4, ""cpvv_window"": ""week"", ""factors"": [""CPVm""], ""fee_bp_illiquid"": 5.0, ""fee_bp_liquid"": 1.0, ""funding_weight"": 0.0, ""min_cross_section"": 10, ""min_days_per_week"": 3, ""nprocs"": 1, ""q_top_frac"": 0.2, ""quintile_frac"": 0.2, ""rank_min_periods"": 26, ""rank_window_weeks"": 52, ""ranking_frame"": ""TS"", ""require_continuous_trading"": false, ""require_finite_positive_prices"": true, ""smooth_window_weeks"": 20, ""tskd_diff_order"": ""avg_then_diff"", ""tskd_min_bars_per_side"": 20, ""turnover_cap"": 0.5, ""vol_min_periods"": 13, ""vol_window_weeks"": 26}",0.06075174550048848,347,MON,
2026-08-27T10:40:36.592012+00:00,06863ea1953d450b6b0e78483fb19cb2,"{""anchor"": ""MON"", ""avol_lookback_weeks"": 12, ""book_terminal_return"": true, ""book_weighting"": ""risk_parity"", ""clip_forward_return"": 1.0, ""construction"": ""books"", ""cost_multiple"": 1.0, ""cpvv_min_days_week"": 4, ""cpvv_window"": ""week"", ""factors"": [""CPVv""], ""fee_bp_illiquid"": 5.0, ""fee_bp_liquid"": 1.0, ""funding_weight"": 0.0, ""min_cross_section"": 10, ""min_days_per_week"": 3, ""nprocs"": 1, ""q_top_frac"": 0.2, ""quintile_frac"": 0.2, ""rank_min_periods"": 26, ""rank_window_weeks"": 52, ""ranking_frame"": ""TS"", ""require_continuous_trading"": false, ""require_finite_positive_prices"": true, ""smooth_window_weeks"": 20, ""tskd_diff_order"": ""avg_then_diff"", ""tskd_min_bars_per_side"": 20, ""turnover_cap"": 0.5, ""vol_min_periods"": 13, ""vol_window_weeks"": 26}",0.07475912733975909,347,MON,
2026-08-27T10:40:37.076842+00:00,433c6bad0e21e3cca884ae8296e329fa,"{""anchor"": ""MON"", ""avol_lookback_weeks"": 12, ""book_terminal_return"": true, ""book_weighting"": ""risk_parity"", ""clip_forward_return"": 1.0, ""construction"": ""books"", ""cost_multiple"": 1.0, ""cpvv_min_days_week"": 4, ""cpvv_window"": ""week"", ""factors"": [""WRspread""], ""fee_bp_illiquid"": 5.0, ""fee_bp_liquid"": 1.0, ""funding_weight"": 0.0, ""min_cross_section"": 10, ""min_days_per_week"": 3, ""nprocs"": 1, ""q_top_frac"": 0.2, ""quintile_frac"": 0.2, ""rank_min_periods"": 26, ""rank_window_weeks"": 52, ""ranking_frame"": ""TS"", ""require_continuous_trading"": false, ""require_finite_positive_prices"": true, ""smooth_window_weeks"": 20, ""tskd_diff_order"": ""avg_then_diff"", ""tskd_min_bars_per_side"": 20, ""turnover_cap"": 0.5, ""vol_min_periods"": 13, ""vol_window_weeks"": 26}",nan,347,MON,
2026-08-27T10:40:37.567104+00:00,e3364fdb7b042bec041ca5580afd17d6,"{""anchor"": ""MON"", ""avol_lookback_weeks"": 12, ""book_terminal_return"": true, ""book_weighting"": ""risk_parity"", ""clip_forward_return"": 1.0, ""construction"": ""books"", ""cost_multiple"": 1.0, ""cpvv_min_days_week"": 4, ""cpvv_window"": ""week"", ""factors"": [""TopChg""], ""fee_bp_illiquid"": 5.0, ""fee_bp_liquid"": 1.0, ""funding_weight"": 0.0, ""min_cross_section"": 10, ""min_days_per_week"": 3, ""nprocs"": 1, ""q_top_frac"": 0.2, ""quintile_frac"": 0.2, ""rank_min_periods"": 26, ""rank_window_weeks"": 52, ""ranking_frame"": ""TS"", ""require_continuous_trading"": false, ""require_finite_positive_prices"": true, ""smooth_window_weeks"": 20, ""tskd_diff_order"": ""avg_then_diff"", ""tskd_min_bars_per_side"": 20, ""turnover_cap"": 0.5, ""vol_min_periods"": 13, ""vol_window_weeks"": 26}",nan,347,MON,
2026-08-27T10:40:38.095582+00:00,b734ac7a6469be29de1c1d655d51454b,"{""anchor"": ""MON"", ""avol_lookback_weeks"": 12, ""book_terminal_return"": true, ""book_weighting"": ""risk_parity"", ""clip_forward_return"": 1.0, ""construction"": ""books"", ""cost_multiple"": 1.0, ""cpvv_min_days_week"": 4, ""cpvv_window"": ""week"", ""factors"": [""Quad""], ""fee_bp_illiquid"": 5.0, ""fee_bp_liquid"": 1.0, ""funding_weight"": 0.0, ""min_cross_section"": 10, ""min_days_per_week"": 3, ""nprocs"": 1, ""q_top_frac"": 0.2, ""quintile_frac"": 0.2, ""rank_min_periods"": 26, ""rank_window_weeks"": 52, ""ranking_frame"": ""TS"", ""require_continuous_trading"": false, ""require_finite_positive_prices"": true, ""smooth_window_weeks"": 20, ""tskd_diff_order"": ""avg_then_diff"", ""tskd_min_bars_per_side"": 20, ""turnover_cap"": 0.5, ""vol_min_periods"": 13, ""vol_window_weeks"": 26}",nan,347,MON,
2026-08-27T10:40:38.681903+00:00,dd36434a1ca6d7c178423bd1afb12f4d,"{""anchor"": ""MON"", ""avol_lookback_weeks"": 12, ""book_terminal_return"": true, ""book_weighting"": ""risk_parity"", ""clip_forward_return"": 1.0, ""construction"": ""books"", ""cost_multiple"": 1.0, ""cpvv_min_days_week"": 4, ""cpvv_window"": ""week"", ""factors"": [""TKU""], ""fee_bp_illiquid"": 5.0, ""fee_bp_liquid"": 1.0, ""funding_weight"": 0.0, ""min_cross_section"": 10, ""min_days_per_week"": 3, ""nprocs"": 1, ""q_top_frac"": 0.2, ""quintile_frac"": 0.2, ""rank_min_periods"": 26, ""rank_window_weeks"": 52, ""ranking_frame"": ""TS"", ""require_continuous_trading"": false, ""require_finite_positive_prices"": true, ""smooth_window_weeks"": 20, ""tskd_diff_order"": ""avg_then_diff"", ""tskd_min_bars_per_side"": 20, ""turnover_cap"": 0.5, ""vol_min_periods"": 13, ""vol_window_weeks"": 26}",0.054984001193469426,347,MON,
2026-08-27T10:40:39.191051+00:00,29736a71409e02829bc1bd4735d7a425,"{""anchor"": ""MON"", ""avol_lookback_weeks"": 12, ""book_terminal_return"": true, ""book_weighting"": ""risk_parity"", ""clip_forward_return"": 1.0, ""construction"": ""books"", ""cost_multiple"": 1.0, ""cpvv_min_days_week"": 4, ""cpvv_window"": ""week"", ""factors"": [""TSKD""], ""fee_bp_illiquid"": 5.0, ""fee_bp_liquid"": 1.0, ""funding_weight"": 0.0, ""min_cross_section"": 10, ""min_days_per_week"": 3, ""nprocs"": 1, ""q_top_frac"": 0.2, ""quintile_frac"": 0.2, ""rank_min_periods"": 26, ""rank_window_weeks"": 52, ""ranking_frame"": ""TS"", ""require_continuous_trading"": false, ""require_finite_positive_prices"": true, ""smooth_window_weeks"": 20, ""tskd_diff_order"": ""avg_then_diff"", ""tskd_min_bars_per_side"": 20, ""turnover_cap"": 0.5, ""vol_min_periods"": 13, ""vol_window_weeks"": 26}",-0.005451046465669293,347,MON,
2026-08-27T10:40:40.902065+00:00,a1d5c78a7daa7412376417e77019eab5,"{""anchor"": ""MON"", ""avol_lookback_weeks"": 12, ""book_terminal_return"": true, ""book_weighting"": ""risk_parity"", ""clip_forward_return"": 1.0, ""construction"": ""books"", ""cost_multiple"": 1.0, ""cpvv_min_days_week"": 4, ""cpvv_window"": ""week"", ""factors"": [""AVOL""], ""fee_bp_illiquid"": 5.0, ""fee_bp_liquid"": 1.0, ""funding_weight"": 0.5, ""min_cross_section"": 10, ""min_days_per_week"": 3, ""nprocs"": 1, ""q_top_frac"": 0.2, ""quintile_frac"": 0.2, ""rank_min_periods"": 26, ""rank_window_weeks"": 52, ""ranking_frame"": ""XS"", ""require_continuous_trading"": false, ""require_finite_positive_prices"": true, ""smooth_window_weeks"": 20, ""tskd_diff_order"": ""avg_then_diff"", ""tskd_min_bars_per_side"": 20, ""turnover_cap"": 0.5, ""vol_min_periods"": 13, ""vol_window_weeks"": 26}",0.13895126987817522,347,MON,
2026-08-27T10:40:41.211287+00:00,ce01691e8c50fe9635ec879af6ad00ca,"{""anchor"": ""MON"", ""avol_lookback_weeks"": 12, ""book_terminal_return"": true, ""book_weighting"": ""risk_parity"", ""clip_forward_return"": 1.0, ""construction"": ""books"", ""cost_multiple"": 1.0, ""cpvv_min_days_week"": 4, ""cpvv_window"": ""week"", ""factors"": [""Q""], ""fee_bp_illiquid"": 5.0, ""fee_bp_liquid"": 1.0, ""funding_weight"": 0.5, ""min_cross_section"": 10, ""min_days_per_week"": 3, ""nprocs"": 1, ""q_top_frac"": 0.2, ""quintile_frac"": 0.2, ""rank_min_periods"": 26, ""rank_window_weeks"": 52, ""ranking_frame"": ""XS"", ""require_continuous_trading"": false, ""require_finite_positive_prices"": true, ""smooth_window_weeks"": 20, ""tskd_diff_order"": ""avg_then_diff"", ""tskd_min_bars_per_side"": 20, ""turnover_cap"": 0.5, ""vol_min_periods"": 13, ""vol_window_weeks"": 26}",0.021011881037047465,347,MON,
2026-08-27T10:40:41.505952+00:00,2d523e2762e26199fedec11176ef3b3d,"{""anchor"": ""MON"", ""avol_lookback_weeks"": 12, ""book_terminal_return"": true, ""book_weighting"": ""risk_parity"", ""clip_forward_return"": 1.0, ""construction"": ""books"", ""cost_multiple"": 1.0, ""cpvv_min_days_week"": 4, ""cpvv_window"": ""week"", ""factors"": [""RSJ""], ""fee_bp_illiquid"": 5.0, ""fee_bp_liquid"": 1.0, ""funding_weight"": 0.5, ""min_cross_section"": 10, ""min_days_per_week"": 3, ""nprocs"": 1, ""q_top_frac"": 0.2, ""quintile_frac"": 0.2, ""rank_min_periods"": 26, ""rank_window_weeks"": 52, ""ranking_frame"": ""XS"", ""require_continuous_trading"": false, ""require_finite_positive_prices"": true, ""smooth_window_weeks"": 20, ""tskd_diff_order"": ""avg_then_diff"", ""tskd_min_bars_per_side"": 20, ""turnover_cap"": 0.5, ""vol_min_periods"": 13, ""vol_window_weeks"": 26}",0.11159668807490103,347,MON,
2026-08-27T10:40:41.805694+00:00,2a154199191855d36d623106666fd6f2,"{""anchor"": ""MON"", ""avol_lookback_weeks"": 12, ""book_terminal_return"": true, ""book_weighting"": ""risk_parity"", ""clip_forward_return"": 1.0, ""construction"": ""books"", ""cost_multiple"": 1.0, ""cpvv_min_days_week"": 4, ""cpvv_window"": ""week"", ""factors"": [""OFI""], ""fee_bp_illiquid"": 5.0, ""fee_bp_liquid"": 1.0, ""funding_weight"": 0.5, ""min_cross_section"": 10, ""min_days_per_week"": 3, ""nprocs"": 1, ""q_top_frac"": 0.2, ""quintile_frac"": 0.2, ""rank_min_periods"": 26, ""rank_window_weeks"": 52, ""ranking_frame"": ""XS"", ""require_continuous_trading"": false, ""require_finite_positive_prices"": true, ""smooth_window_weeks"": 20, ""tskd_diff_order"": ""avg_then_diff"", ""tskd_min_bars_per_side"": 20, ""turnover_cap"": 0.5, ""vol_min_periods"": 13, ""vol_window_weeks"": 26}",0.07127099363781828,347,MON,
2026-08-27T10:40:42.084701+00:00,a037f1311f0364465daaf4b2469a6126,"{""anchor"": ""MON"", ""avol_lookback_weeks"": 12, ""book_terminal_return"": true, ""book_weighting"": ""risk_parity"", ""clip_forward_return"": 1.0, ""construction"": ""books"", ""cost_multiple"": 1.0, ""cpvv_min_days_week"": 4, ""cpvv_window"": ""week"", ""factors"": [""CPVm""], ""fee_bp_illiquid"": 5.0, ""fee_bp_liquid"": 1.0, ""funding_weight"": 0.5, ""min_cross_section"": 10, ""min_days_per_week"": 3, ""nprocs"": 1, ""q_top_frac"": 0.2, ""quintile_frac"": 0.2, ""rank_min_periods"": 26, ""rank_window_weeks"": 52, ""ranking_frame"": ""XS"", ""require_continuous_trading"": false, ""require_finite_positive_prices"": true, ""smooth_window_weeks"": 20, ""tskd_diff_order"": ""avg_then_diff"", ""tskd_min_bars_per_side"": 20, ""turnover_cap"": 0.5, ""vol_min_periods"": 13, ""vol_window_weeks"": 26}",0.1238544732101938,347,MON,
2026-08-27T10:40:42.351257+00:00,e0acfa41977547ec4e8b6ac95c3c4a31,"{""anchor"": ""MON"", ""avol_lookback_weeks"": 12, ""book_terminal_return"": true, ""book_weighting"": ""risk_parity"", ""clip_forward_return"": 1.0, ""construction"": ""books"", ""cost_multiple"": 1.0, ""cpvv_min_days_week"": 4, ""cpvv_window"": ""week"", ""factors"": [""CPVv""], ""fee_bp_illiquid"": 5.0, ""fee_bp_liquid"": 1.0, ""funding_weight"": 0.5, ""min_cross_section"": 10, ""min_days_per_week"": 3, ""nprocs"": 1, ""q_top_frac"": 0.2, ""quintile_frac"": 0.2, ""rank_min_periods"": 26, ""rank_window_weeks"": 52, ""ranking_frame"": ""XS"", ""require_continuous_trading"": false, ""require_finite_positive_prices"": true, ""smooth_window_weeks"": 20, ""tskd_diff_order"": ""avg_then_diff"", ""tskd_min_bars_per_side"": 20, ""turnover_cap"": 0.5, ""vol_min_periods"": 13, ""vol_window_weeks"": 26}",0.010920270861762544,347,MON,
2026-08-27T10:40:42.610747+00:00,9f7f6517651d77d6526c8670354aa717,"{""anchor"": ""MON"", ""avol_lookback_weeks"": 12, ""book_terminal_return"": true, ""book_weighting"": ""risk_parity"", ""clip_forward_return"": 1.0, ""construction"": ""books"", ""cost_multiple"": 1.0, ""cpvv_min_days_week"": 4, ""cpvv_window"": ""week"", ""factors"": [""WRspread""], ""fee_bp_illiquid"": 5.0, ""fee_bp_liquid"": 1.0, ""funding_weight"": 0.5, ""min_cross_section"": 10, ""min_days_per_week"": 3, ""nprocs"": 1, ""q_top_frac"": 0.2, ""quintile_frac"": 0.2, ""rank_min_periods"": 26, ""rank_window_weeks"": 52, ""ranking_frame"": ""XS"", ""require_continuous_trading"": false, ""require_finite_positive_prices"": true, ""smooth_window_weeks"": 20, ""tskd_diff_order"": ""avg_then_diff"", ""tskd_min_bars_per_side"": 20, ""turnover_cap"": 0.5, ""vol_min_periods"": 13, ""vol_window_weeks"": 26}",nan,347,MON,
2026-08-27T10:40:42.863519+00:00,572669e29a6aef8ffeb4538a6b7743b7,"{""anchor"": ""MON"", ""avol_lookback_weeks"": 12, ""book_terminal_return"": true, ""book_weighting"": ""risk_parity"", ""clip_forward_return"": 1.0, ""construction"": ""books"", ""cost_multiple"": 1.0, ""cpvv_min_days_week"": 4, ""cpvv_window"": ""week"", ""factors"": [""TopChg""], ""fee_bp_illiquid"": 5.0, ""fee_bp_liquid"": 1.0, ""funding_weight"": 0.5, ""min_cross_section"": 10, ""min_days_per_week"": 3, ""nprocs"": 1, ""q_top_frac"": 0.2, ""quintile_frac"": 0.2, ""rank_min_periods"": 26, ""rank_window_weeks"": 52, ""ranking_frame"": ""XS"", ""require_continuous_trading"": false, ""require_finite_positive_prices"": true, ""smooth_window_weeks"": 20, ""tskd_diff_order"": ""avg_then_diff"", ""tskd_min_bars_per_side"": 20, ""turnover_cap"": 0.5, ""vol_min_periods"": 13, ""vol_window_weeks"": 26}",nan,347,MON,
2026-08-27T10:40:43.126940+00:00,4a6ae1e6ce7a9a99acbf1c9b41832a88,"{""anchor"": ""MON"", ""avol_lookback_weeks"": 12, ""book_terminal_return"": true, ""book_weighting"": ""risk_parity"", ""clip_forward_return"": 1.0, ""construction"": ""books"", ""cost_multiple"": 1.0, ""cpvv_min_days_week"": 4, ""cpvv_window"": ""week"", ""factors"": [""Quad""], ""fee_bp_illiquid"": 5.0, ""fee_bp_liquid"": 1.0, ""funding_weight"": 0.5, ""min_cross_section"": 10, ""min_days_per_week"": 3, ""nprocs"": 1, ""q_top_frac"": 0.2, ""quintile_frac"": 0.2, ""rank_min_periods"": 26, ""rank_window_weeks"": 52, ""ranking_frame"": ""XS"", ""require_continuous_trading"": false, ""require_finite_positive_prices"": true, ""smooth_window_weeks"": 20, ""tskd_diff_order"": ""avg_then_diff"", ""tskd_min_bars_per_side"": 20, ""turnover_cap"": 0.5, ""vol_min_periods"": 13, ""vol_window_weeks"": 26}",nan,347,MON,
2026-08-27T10:40:43.425286+00:00,354bb1d55b3c31db9604fe357bba70c0,"{""anchor"": ""MON"", ""avol_lookback_weeks"": 12, ""book_terminal_return"": true, ""book_weighting"": ""risk_parity"", ""clip_forward_return"": 1.0, ""construction"": ""books"", ""cost_multiple"": 1.0, ""cpvv_min_days_week"": 4, ""cpvv_window"": ""week"", ""factors"": [""TKU""], ""fee_bp_illiquid"": 5.0, ""fee_bp_liquid"": 1.0, ""funding_weight"": 0.5, ""min_cross_section"": 10, ""min_days_per_week"": 3, ""nprocs"": 1, ""q_top_frac"": 0.2, ""quintile_frac"": 0.2, ""rank_min_periods"": 26, ""rank_window_weeks"": 52, ""ranking_frame"": ""XS"", ""require_continuous_trading"": false, ""require_finite_positive_prices"": true, ""smooth_window_weeks"": 20, ""tskd_diff_order"": ""avg_then_diff"", ""tskd_min_bars_per_side"": 20, ""turnover_cap"": 0.5, ""vol_min_periods"": 13, ""vol_window_weeks"": 26}",0.10972900750868914,347,MON,
2026-08-27T10:40:43.699078+00:00,7ed17fe57c513a5bb361ae3894dfbb5e,"{""anchor"": ""MON"", ""avol_lookback_weeks"": 12, ""book_terminal_return"": true, ""book_weighting"": ""risk_parity"", ""clip_forward_return"": 1.0, ""construction"": ""books"", ""cost_multiple"": 1.0, ""cpvv_min_days_week"": 4, ""cpvv_window"": ""week"", ""factors"": [""TSKD""], ""fee_bp_illiquid"": 5.0, ""fee_bp_liquid"": 1.0, ""funding_weight"": 0.5, ""min_cross_section"": 10, ""min_days_per_week"": 3, ""nprocs"": 1, ""q_top_frac"": 0.2, ""quintile_frac"": 0.2, ""rank_min_periods"": 26, ""rank_window_weeks"": 52, ""ranking_frame"": ""XS"", ""require_continuous_trading"": false, ""require_finite_positive_prices"": true, ""smooth_window_weeks"": 20, ""tskd_diff_order"": ""avg_then_diff"", ""tskd_min_bars_per_side"": 20, ""turnover_cap"": 0.5, ""vol_min_periods"": 13, ""vol_window_weeks"": 26}",0.04808636800169681,347,MON,
2026-08-27T10:40:44.279245+00:00,94f5107b15e3a0649a6b0ad904b9db2b,"{""anchor"": ""MON"", ""avol_lookback_weeks"": 12, ""book_terminal_return"": true, ""book_weighting"": ""risk_parity"", ""clip_forward_return"": 1.0, ""construction"": ""books"", ""cost_multiple"": 1.0, ""cpvv_min_days_week"": 4, ""cpvv_window"": ""week"", ""factors"": [""AVOL""], ""fee_bp_illiquid"": 5.0, ""fee_bp_liquid"": 1.0, ""funding_weight"": 0.5, ""min_cross_section"": 10, ""min_days_per_week"": 3, ""nprocs"": 1, ""q_top_frac"": 0.2, ""quintile_frac"": 0.2, ""rank_min_periods"": 26, ""rank_window_weeks"": 52, ""ranking_frame"": ""XS_standardised"", ""require_continuous_trading"": false, ""require_finite_positive_prices"": true, ""smooth_window_weeks"": 20, ""tskd_diff_order"": ""avg_then_diff"", ""tskd_min_bars_per_side"": 20, ""turnover_cap"": 0.5, ""vol_min_periods"": 13, ""vol_window_weeks"": 26}",0.09107534423620903,347,MON,
2026-08-27T10:40:44.867583+00:00,50c37b69d717ea659a8ee2ef2be3d7d5,"{""anchor"": ""MON"", ""avol_lookback_weeks"": 12, ""book_terminal_return"": true, ""book_weighting"": ""risk_parity"", ""clip_forward_return"": 1.0, ""construction"": ""books"", ""cost_multiple"": 1.0, ""cpvv_min_days_week"": 4, ""cpvv_window"": ""week"", ""factors"": [""Q""], ""fee_bp_illiquid"": 5.0, ""fee_bp_liquid"": 1.0, ""funding_weight"": 0.5, ""min_cross_section"": 10, ""min_days_per_week"": 3, ""nprocs"": 1, ""q_top_frac"": 0.2, ""quintile_frac"": 0.2, ""rank_min_periods"": 26, ""rank_window_weeks"": 52, ""ranking_frame"": ""XS_standardised"", ""require_continuous_trading"": false, ""require_finite_positive_prices"": true, ""smooth_window_weeks"": 20, ""tskd_diff_order"": ""avg_then_diff"", ""tskd_min_bars_per_side"": 20, ""turnover_cap"": 0.5, ""vol_min_periods"": 13, ""vol_window_weeks"": 26}",0.11961194621822477,347,MON,
2026-08-27T10:40:45.523313+00:00,d40873213ce48fdbc625316bf834d1fe,"{""anchor"": ""MON"", ""avol_lookback_weeks"": 12, ""book_terminal_return"": true, ""book_weighting"": ""risk_parity"", ""clip_forward_return"": 1.0, ""construction"": ""books"", ""cost_multiple"": 1.0, ""cpvv_min_days_week"": 4, ""cpvv_window"": ""week"", ""factors"": [""RSJ""], ""fee_bp_illiquid"": 5.0, ""fee_bp_liquid"": 1.0, ""funding_weight"": 0.5, ""min_cross_section"": 10, ""min_days_per_week"": 3, ""nprocs"": 1, ""q_top_frac"": 0.2, ""quintile_frac"": 0.2, ""rank_min_periods"": 26, ""rank_window_weeks"": 52, ""ranking_frame"": ""XS_standardised"", ""require_continuous_trading"": false, ""require_finite_positive_prices"": true, ""smooth_window_weeks"": 20, ""tskd_diff_order"": ""avg_then_diff"", ""tskd_min_bars_per_side"": 20, ""turnover_cap"": 0.5, ""vol_min_periods"": 13, ""vol_window_weeks"": 26}",0.12350919399891519,347,MON,
2026-08-27T10:40:46.192905+00:00,628043f3cd3136c21131355a11da1746,"{""anchor"": ""MON"", ""avol_lookback_weeks"": 12, ""book_terminal_return"": true, ""book_weighting"": ""risk_parity"", ""clip_forward_return"": 1.0, ""construction"": ""books"", ""cost_multiple"": 1.0, ""cpvv_min_days_week"": 4, ""cpvv_window"": ""week"", ""factors"": [""OFI""], ""fee_bp_illiquid"": 5.0, ""fee_bp_liquid"": 1.0, ""funding_weight"": 0.5, ""min_cross_section"": 10, ""min_days_per_week"": 3, ""nprocs"": 1, ""q_top_frac"": 0.2, ""quintile_frac"": 0.2, ""rank_min_periods"": 26, ""rank_window_weeks"": 52, ""ranking_frame"": ""XS_standardised"", ""require_continuous_trading"": false, ""require_finite_positive_prices"": true, ""smooth_window_weeks"": 20, ""tskd_diff_order"": ""avg_then_diff"", ""tskd_min_bars_per_side"": 20, ""turnover_cap"": 0.5, ""vol_min_periods"": 13, ""vol_window_weeks"": 26}",0.11734646403280577,347,MON,
2026-08-27T10:40:46.805408+00:00,376c5d7f3a50f11e92a6a77beeac40fe,"{""anchor"": ""MON"", ""avol_lookback_weeks"": 12, ""book_terminal_return"": true, ""book_weighting"": ""risk_parity"", ""clip_forward_return"": 1.0, ""construction"": ""books"", ""cost_multiple"": 1.0, ""cpvv_min_days_week"": 4, ""cpvv_window"": ""week"", ""factors"": [""CPVm""], ""fee_bp_illiquid"": 5.0, ""fee_bp_liquid"": 1.0, ""funding_weight"": 0.5, ""min_cross_section"": 10, ""min_days_per_week"": 3, ""nprocs"": 1, ""q_top_frac"": 0.2, ""quintile_frac"": 0.2, ""rank_min_periods"": 26, ""rank_window_weeks"": 52, ""ranking_frame"": ""XS_standardised"", ""require_continuous_trading"": false, ""require_finite_positive_prices"": true, ""smooth_window_weeks"": 20, ""tskd_diff_order"": ""avg_then_diff"", ""tskd_min_bars_per_side"": 20, ""turnover_cap"": 0.5, ""vol_min_periods"": 13, ""vol_window_weeks"": 26}",0.10510995845562686,347,MON,
2026-08-27T10:40:47.589402+00:00,a1b45b7acc5f35e13f7aaee521764fde,"{""anchor"": ""MON"", ""avol_lookback_weeks"": 12, ""book_terminal_return"": true, ""book_weighting"": ""risk_parity"", ""clip_forward_return"": 1.0, ""construction"": ""books"", ""cost_multiple"": 1.0, ""cpvv_min_days_week"": 4, ""cpvv_window"": ""week"", ""factors"": [""CPVv""], ""fee_bp_illiquid"": 5.0, ""fee_bp_liquid"": 1.0, ""funding_weight"": 0.5, ""min_cross_section"": 10, ""min_days_per_week"": 3, ""nprocs"": 1, ""q_top_frac"": 0.2, ""quintile_frac"": 0.2, ""rank_min_periods"": 26, ""rank_window_weeks"": 52, ""ranking_frame"": ""XS_standardised"", ""require_continuous_trading"": false, ""require_finite_positive_prices"": true, ""smooth_window_weeks"": 20, ""tskd_diff_order"": ""avg_then_diff"", ""tskd_min_bars_per_side"": 20, ""turnover_cap"": 0.5, ""vol_min_periods"": 13, ""vol_window_weeks"": 26}",0.13304305724513232,347,MON,
2026-08-27T10:40:48.248991+00:00,1df1cb125e9b1c4580246932b824c1f5,"{""anchor"": ""MON"", ""avol_lookback_weeks"": 12, ""book_terminal_return"": true, ""book_weighting"": ""risk_parity"", ""clip_forward_return"": 1.0, ""construction"": ""books"", ""cost_multiple"": 1.0, ""cpvv_min_days_week"": 4, ""cpvv_window"": ""week"", ""factors"": [""WRspread""], ""fee_bp_illiquid"": 5.0, ""fee_bp_liquid"": 1.0, ""funding_weight"": 0.5, ""min_cross_section"": 10, ""min_days_per_week"": 3, ""nprocs"": 1, ""q_top_frac"": 0.2, ""quintile_frac"": 0.2, ""rank_min_periods"": 26, ""rank_window_weeks"": 52, ""ranking_frame"": ""XS_standardised"", ""require_continuous_trading"": false, ""require_finite_positive_prices"": true, ""smooth_window_weeks"": 20, ""tskd_diff_order"": ""avg_then_diff"", ""tskd_min_bars_per_side"": 20, ""turnover_cap"": 0.5, ""vol_min_periods"": 13, ""vol_window_weeks"": 26}",nan,347,MON,
2026-08-27T10:40:48.891372+00:00,2afdc8f06ae1363bfedf653342430e0f,"{""anchor"": ""MON"", ""avol_lookback_weeks"": 12, ""book_terminal_return"": true, ""book_weighting"": ""risk_parity"", ""clip_forward_return"": 1.0, ""construction"": ""books"", ""cost_multiple"": 1.0, ""cpvv_min_days_week"": 4, ""cpvv_window"": ""week"", ""factors"": [""TopChg""], ""fee_bp_illiquid"": 5.0, ""fee_bp_liquid"": 1.0, ""funding_weight"": 0.5, ""min_cross_section"": 10, ""min_days_per_week"": 3, ""nprocs"": 1, ""q_top_frac"": 0.2, ""quintile_frac"": 0.2, ""rank_min_periods"": 26, ""rank_window_weeks"": 52, ""ranking_frame"": ""XS_standardised"", ""require_continuous_trading"": false, ""require_finite_positive_prices"": true, ""smooth_window_weeks"": 20, ""tskd_diff_order"": ""avg_then_diff"", ""tskd_min_bars_per_side"": 20, ""turnover_cap"": 0.5, ""vol_min_periods"": 13, ""vol_window_weeks"": 26}",nan,347,MON,
2026-08-27T10:40:49.543414+00:00,1be13d5c2eeb060e10e00ce9a170f248,"{""anchor"": ""MON"", ""avol_lookback_weeks"": 12, ""book_terminal_return"": true, ""book_weighting"": ""risk_parity"", ""clip_forward_return"": 1.0, ""construction"": ""books"", ""cost_multiple"": 1.0, ""cpvv_min_days_week"": 4, ""cpvv_window"": ""week"", ""factors"": [""Quad""], ""fee_bp_illiquid"": 5.0, ""fee_bp_liquid"": 1.0, ""funding_weight"": 0.5, ""min_cross_section"": 10, ""min_days_per_week"": 3, ""nprocs"": 1, ""q_top_frac"": 0.2, ""quintile_frac"": 0.2, ""rank_min_periods"": 26, ""rank_window_weeks"": 52, ""ranking_frame"": ""XS_standardised"", ""require_continuous_trading"": false, ""require_finite_positive_prices"": true, ""smooth_window_weeks"": 20, ""tskd_diff_order"": ""avg_then_diff"", ""tskd_min_bars_per_side"": 20, ""turnover_cap"": 0.5, ""vol_min_periods"": 13, ""vol_window_weeks"": 26}",nan,347,MON,
2026-08-27T10:40:50.226444+00:00,fc0ac4fb230118557c90c6514ade52eb,"{""anchor"": ""MON"", ""avol_lookback_weeks"": 12, ""book_terminal_return"": true, ""book_weighting"": ""risk_parity"", ""clip_forward_return"": 1.0, ""construction"": ""books"", ""cost_multiple"": 1.0, ""cpvv_min_days_week"": 4, ""cpvv_window"": ""week"", ""factors"": [""TKU""], ""fee_bp_illiquid"": 5.0, ""fee_bp_liquid"": 1.0, ""funding_weight"": 0.5, ""min_cross_section"": 10, ""min_days_per_week"": 3, ""nprocs"": 1, ""q_top_frac"": 0.2, ""quintile_frac"": 0.2, ""rank_min_periods"": 26, ""rank_window_weeks"": 52, ""ranking_frame"": ""XS_standardised"", ""require_continuous_trading"": false, ""require_finite_positive_prices"": true, ""smooth_window_weeks"": 20, ""tskd_diff_order"": ""avg_then_diff"", ""tskd_min_bars_per_side"": 20, ""turnover_cap"": 0.5, ""vol_min_periods"": 13, ""vol_window_weeks"": 26}",0.12787565906356163,347,MON,
2026-08-27T10:40:50.967842+00:00,ed4388dbbd240c548cc3ca2edb0bd81d,"{""anchor"": ""MON"", ""avol_lookback_weeks"": 12, ""book_terminal_return"": true, ""book_weighting"": ""risk_parity"", ""clip_forward_return"": 1.0, ""construction"": ""books"", ""cost_multiple"": 1.0, ""cpvv_min_days_week"": 4, ""cpvv_window"": ""week"", ""factors"": [""TSKD""], ""fee_bp_illiquid"": 5.0, ""fee_bp_liquid"": 1.0, ""funding_weight"": 0.5, ""min_cross_section"": 10, ""min_days_per_week"": 3, ""nprocs"": 1, ""q_top_frac"": 0.2, ""quintile_frac"": 0.2, ""rank_min_periods"": 26, ""rank_window_weeks"": 52, ""ranking_frame"": ""XS_standardised"", ""require_continuous_trading"": false, ""require_finite_positive_prices"": true, ""smooth_window_weeks"": 20, ""tskd_diff_order"": ""avg_then_diff"", ""tskd_min_bars_per_side"": 20, ""turnover_cap"": 0.5, ""vol_min_periods"": 13, ""vol_window_weeks"": 26}",0.10343404787106265,347,MON,
2026-08-27T10:40:51.498772+00:00,8cd0a9a44a28574cc9b791e9eb3b82c2,"{""anchor"": ""MON"", ""avol_lookback_weeks"": 12, ""book_terminal_return"": true, ""book_weighting"": ""risk_parity"", ""clip_forward_return"": 1.0, ""construction"": ""books"", ""cost_multiple"": 1.0, ""cpvv_min_days_week"": 4, ""cpvv_window"": ""week"", ""factors"": [""AVOL""], ""fee_bp_illiquid"": 5.0, ""fee_bp_liquid"": 1.0, ""funding_weight"": 0.5, ""min_cross_section"": 10, ""min_days_per_week"": 3, ""nprocs"": 1, ""q_top_frac"": 0.2, ""quintile_frac"": 0.2, ""rank_min_periods"": 26, ""rank_window_weeks"": 52, ""ranking_frame"": ""TS"", ""require_continuous_trading"": false, ""require_finite_positive_prices"": true, ""smooth_window_weeks"": 20, ""tskd_diff_order"": ""avg_then_diff"", ""tskd_min_bars_per_side"": 20, ""turnover_cap"": 0.5, ""vol_min_periods"": 13, ""vol_window_weeks"": 26}",0.06958285886421271,347,MON,
2026-08-27T10:40:52.111010+00:00,f900762b952c39aa0a5ff5a8dce1a474,"{""anchor"": ""MON"", ""avol_lookback_weeks"": 12, ""book_terminal_return"": true, ""book_weighting"": ""risk_parity"", ""clip_forward_return"": 1.0, ""construction"": ""books"", ""cost_multiple"": 1.0, ""cpvv_min_days_week"": 4, ""cpvv_window"": ""week"", ""factors"": [""Q""], ""fee_bp_illiquid"": 5.0, ""fee_bp_liquid"": 1.0, ""funding_weight"": 0.5, ""min_cross_section"": 10, ""min_days_per_week"": 3, ""nprocs"": 1, ""q_top_frac"": 0.2, ""quintile_frac"": 0.2, ""rank_min_periods"": 26, ""rank_window_weeks"": 52, ""ranking_frame"": ""TS"", ""require_continuous_trading"": false, ""require_finite_positive_prices"": true, ""smooth_window_weeks"": 20, ""tskd_diff_order"": ""avg_then_diff"", ""tskd_min_bars_per_side"": 20, ""turnover_cap"": 0.5, ""vol_min_periods"": 13, ""vol_window_weeks"": 26}",0.12907319889634794,347,MON,
2026-08-27T10:40:52.689465+00:00,132a23ab454d886fad14659d9db041db,"{""anchor"": ""MON"", ""avol_lookback_weeks"": 12, ""book_terminal_return"": true, ""book_weighting"": ""risk_parity"", ""clip_forward_return"": 1.0, ""construction"": ""books"", ""cost_multiple"": 1.0, ""cpvv_min_days_week"": 4, ""cpvv_window"": ""week"", ""factors"": [""RSJ""], ""fee_bp_illiquid"": 5.0, ""fee_bp_liquid"": 1.0, ""funding_weight"": 0.5, ""min_cross_section"": 10, ""min_days_per_week"": 3, ""nprocs"": 1, ""q_top_frac"": 0.2, ""quintile_frac"": 0.2, ""rank_min_periods"": 26, ""rank_window_weeks"": 52, ""ranking_frame"": ""TS"", ""require_continuous_trading"": false, ""require_finite_positive_prices"": true, ""smooth_window_weeks"": 20, ""tskd_diff_order"": ""avg_then_diff"", ""tskd_min_bars_per_side"": 20, ""turnover_cap"": 0.5, ""vol_min_periods"": 13, ""vol_window_weeks"": 26}",0.12157874120843468,347,MON,
2026-08-27T10:40:53.333637+00:00,bf12b49d835bf17ba4a0f7898bba8b59,"{""anchor"": ""MON"", ""avol_lookback_weeks"": 12, ""book_terminal_return"": true, ""book_weighting"": ""risk_parity"", ""clip_forward_return"": 1.0, ""construction"": ""books"", ""cost_multiple"": 1.0, ""cpvv_min_days_week"": 4, ""cpvv_window"": ""week"", ""factors"": [""OFI""], ""fee_bp_illiquid"": 5.0, ""fee_bp_liquid"": 1.0, ""funding_weight"": 0.5, ""min_cross_section"": 10, ""min_days_per_week"": 3, ""nprocs"": 1, ""q_top_frac"": 0.2, ""quintile_frac"": 0.2, ""rank_min_periods"": 26, ""rank_window_weeks"": 52, ""ranking_frame"": ""TS"", ""require_continuous_trading"": false, ""require_finite_positive_prices"": true, ""smooth_window_weeks"": 20, ""tskd_diff_order"": ""avg_then_diff"", ""tskd_min_bars_per_side"": 20, ""turnover_cap"": 0.5, ""vol_min_periods"": 13, ""vol_window_weeks"": 26}",0.12329058424499616,347,MON,
2026-08-27T10:40:53.877661+00:00,51426338836111d154502c97cc4c6f73,"{""anchor"": ""MON"", ""avol_lookback_weeks"": 12, ""book_terminal_return"": true, ""book_weighting"": ""risk_parity"", ""clip_forward_return"": 1.0, ""construction"": ""books"", ""cost_multiple"": 1.0, ""cpvv_min_days_week"": 4, ""cpvv_window"": ""week"", ""factors"": [""CPVm""], ""fee_bp_illiquid"": 5.0, ""fee_bp_liquid"": 1.0, ""funding_weight"": 0.5, ""min_cross_section"": 10, ""min_days_per_week"": 3, ""nprocs"": 1, ""q_top_frac"": 0.2, ""quintile_frac"": 0.2, ""rank_min_periods"": 26, ""rank_window_weeks"": 52, ""ranking_frame"": ""TS"", ""require_continuous_trading"": false, ""require_finite_positive_prices"": true, ""smooth_window_weeks"": 20, ""tskd_diff_order"": ""avg_then_diff"", ""tskd_min_bars_per_side"": 20, ""turnover_cap"": 0.5, ""vol_min_periods"": 13, ""vol_window_weeks"": 26}",0.12676620641024267,347,MON,
2026-08-27T10:40:54.447561+00:00,fb14b1056d942a93b63c95cd62971229,"{""anchor"": ""MON"", ""avol_lookback_weeks"": 12, ""book_terminal_return"": true, ""book_weighting"": ""risk_parity"", ""clip_forward_return"": 1.0, ""construction"": ""books"", ""cost_multiple"": 1.0, ""cpvv_min_days_week"": 4, ""cpvv_window"": ""week"", ""factors"": [""CPVv""], ""fee_bp_illiquid"": 5.0, ""fee_bp_liquid"": 1.0, ""funding_weight"": 0.5, ""min_cross_section"": 10, ""min_days_per_week"": 3, ""nprocs"": 1, ""q_top_frac"": 0.2, ""quintile_frac"": 0.2, ""rank_min_periods"": 26, ""rank_window_weeks"": 52, ""ranking_frame"": ""TS"", ""require_continuous_trading"": false, ""require_finite_positive_prices"": true, ""smooth_window_weeks"": 20, ""tskd_diff_order"": ""avg_then_diff"", ""tskd_min_bars_per_side"": 20, ""turnover_cap"": 0.5, ""vol_min_periods"": 13, ""vol_window_weeks"": 26}",0.1348112901762837,347,MON,
2026-08-27T10:40:55.057894+00:00,3ae9b9b0fcf23aefc9fe9528406a0d8d,"{""anchor"": ""MON"", ""avol_lookback_weeks"": 12, ""book_terminal_return"": true, ""book_weighting"": ""risk_parity"", ""clip_forward_return"": 1.0, ""construction"": ""books"", ""cost_multiple"": 1.0, ""cpvv_min_days_week"": 4, ""cpvv_window"": ""week"", ""factors"": [""WRspread""], ""fee_bp_illiquid"": 5.0, ""fee_bp_liquid"": 1.0, ""funding_weight"": 0.5, ""min_cross_section"": 10, ""min_days_per_week"": 3, ""nprocs"": 1, ""q_top_frac"": 0.2, ""quintile_frac"": 0.2, ""rank_min_periods"": 26, ""rank_window_weeks"": 52, ""ranking_frame"": ""TS"", ""require_continuous_trading"": false, ""require_finite_positive_prices"": true, ""smooth_window_weeks"": 20, ""tskd_diff_order"": ""avg_then_diff"", ""tskd_min_bars_per_side"": 20, ""turnover_cap"": 0.5, ""vol_min_periods"": 13, ""vol_window_weeks"": 26}",nan,347,MON,
2026-08-27T10:40:55.568298+00:00,fda0b4cfb5e339983a41c325ce7823ca,"{""anchor"": ""MON"", ""avol_lookback_weeks"": 12, ""book_terminal_return"": true, ""book_weighting"": ""risk_parity"", ""clip_forward_return"": 1.0, ""construction"": ""books"", ""cost_multiple"": 1.0, ""cpvv_min_days_week"": 4, ""cpvv_window"": ""week"", ""factors"": [""TopChg""], ""fee_bp_illiquid"": 5.0, ""fee_bp_liquid"": 1.0, ""funding_weight"": 0.5, ""min_cross_section"": 10, ""min_days_per_week"": 3, ""nprocs"": 1, ""q_top_frac"": 0.2, ""quintile_frac"": 0.2, ""rank_min_periods"": 26, ""rank_window_weeks"": 52, ""ranking_frame"": ""TS"", ""require_continuous_trading"": false, ""require_finite_positive_prices"": true, ""smooth_window_weeks"": 20, ""tskd_diff_order"": ""avg_then_diff"", ""tskd_min_bars_per_side"": 20, ""turnover_cap"": 0.5, ""vol_min_periods"": 13, ""vol_window_weeks"": 26}",nan,347,MON,
2026-08-27T10:40:56.034200+00:00,18b572cb9f1b6bd9e56c843e7434e815,"{""anchor"": ""MON"", ""avol_lookback_weeks"": 12, ""book_terminal_return"": true, ""book_weighting"": ""risk_parity"", ""clip_forward_return"": 1.0, ""construction"": ""books"", ""cost_multiple"": 1.0, ""cpvv_min_days_week"": 4, ""cpvv_window"": ""week"", ""factors"": [""Quad""], ""fee_bp_illiquid"": 5.0, ""fee_bp_liquid"": 1.0, ""funding_weight"": 0.5, ""min_cross_section"": 10, ""min_days_per_week"": 3, ""nprocs"": 1, ""q_top_frac"": 0.2, ""quintile_frac"": 0.2, ""rank_min_periods"": 26, ""rank_window_weeks"": 52, ""ranking_frame"": ""TS"", ""require_continuous_trading"": false, ""require_finite_positive_prices"": true, ""smooth_window_weeks"": 20, ""tskd_diff_order"": ""avg_then_diff"", ""tskd_min_bars_per_side"": 20, ""turnover_cap"": 0.5, ""vol_min_periods"": 13, ""vol_window_weeks"": 26}",nan,347,MON,
2026-08-27T10:40:56.514817+00:00,d7ead6aa2bd1b8b41c90a9acc785b46a,"{""anchor"": ""MON"", ""avol_lookback_weeks"": 12, ""book_terminal_return"": true, ""book_weighting"": ""risk_parity"", ""clip_forward_return"": 1.0, ""construction"": ""books"", ""cost_multiple"": 1.0, ""cpvv_min_days_week"": 4, ""cpvv_window"": ""week"", ""factors"": [""TKU""], ""fee_bp_illiquid"": 5.0, ""fee_bp_liquid"": 1.0, ""funding_weight"": 0.5, ""min_cross_section"": 10, ""min_days_per_week"": 3, ""nprocs"": 1, ""q_top_frac"": 0.2, ""quintile_frac"": 0.2, ""rank_min_periods"": 26, ""rank_window_weeks"": 52, ""ranking_frame"": ""TS"", ""require_continuous_trading"": false, ""require_finite_positive_prices"": true, ""smooth_window_weeks"": 20, ""tskd_diff_order"": ""avg_then_diff"", ""tskd_min_bars_per_side"": 20, ""turnover_cap"": 0.5, ""vol_min_periods"": 13, ""vol_window_weeks"": 26}",0.11909564502973846,347,MON,
2026-08-27T10:40:57.006053+00:00,dc0180133f39df75dcd5b3f0a1230ba2,"{""anchor"": ""MON"", ""avol_lookback_weeks"": 12, ""book_terminal_return"": true, ""book_weighting"": ""risk_parity"", ""clip_forward_return"": 1.0, ""construction"": ""books"", ""cost_multiple"": 1.0, ""cpvv_min_days_week"": 4, ""cpvv_window"": ""week"", ""factors"": [""TSKD""], ""fee_bp_illiquid"": 5.0, ""fee_bp_liquid"": 1.0, ""funding_weight"": 0.5, ""min_cross_section"": 10, ""min_days_per_week"": 3, ""nprocs"": 1, ""q_top_frac"": 0.2, ""quintile_frac"": 0.2, ""rank_min_periods"": 26, ""rank_window_weeks"": 52, ""ranking_frame"": ""TS"", ""require_continuous_trading"": false, ""require_finite_positive_prices"": true, ""smooth_window_weeks"": 20, ""tskd_diff_order"": ""avg_then_diff"", ""tskd_min_bars_per_side"": 20, ""turnover_cap"": 0.5, ""vol_min_periods"": 13, ""vol_window_weeks"": 26}",0.0758806330844276,347,MON,
2026-08-27T10:40:58.875884+00:00,8cd0a9a44a28574cc9b791e9eb3b82c2,"{""anchor"": ""MON"", ""avol_lookback_weeks"": 12, ""book_terminal_return"": true, ""book_weighting"": ""risk_parity"", ""clip_forward_return"": 1.0, ""construction"": ""books"", ""cost_multiple"": 1.0, ""cpvv_min_days_week"": 4, ""cpvv_window"": ""week"", ""factors"": [""AVOL""], ""fee_bp_illiquid"": 5.0, ""fee_bp_liquid"": 1.0, ""funding_weight"": 0.5, ""min_cross_section"": 10, ""min_days_per_week"": 3, ""nprocs"": 1, ""q_top_frac"": 0.2, ""quintile_frac"": 0.2, ""rank_min_periods"": 26, ""rank_window_weeks"": 52, ""ranking_frame"": ""TS"", ""require_continuous_trading"": false, ""require_finite_positive_prices"": true, ""smooth_window_weeks"": 20, ""tskd_diff_order"": ""avg_then_diff"", ""tskd_min_bars_per_side"": 20, ""turnover_cap"": 0.5, ""vol_min_periods"": 13, ""vol_window_weeks"": 26}",0.06958285886421271,347,MON,
2026-08-27T10:40:59.445142+00:00,825d1c72cecf7f1280bde63d76cef828,"{""anchor"": ""MON"", ""avol_lookback_weeks"": 12, ""book_terminal_return"": true, ""book_weighting"": ""risk_parity"", ""clip_forward_return"": 1.0, ""construction"": ""books"", ""cost_multiple"": 1.0, ""cpvv_min_days_week"": 4, ""cpvv_window"": ""week"", ""factors"": [""AVOL""], ""fee_bp_illiquid"": 5.0, ""fee_bp_liquid"": 1.0, ""funding_weight"": 0.0, ""min_cross_section"": 10, ""min_days_per_week"": 3, ""nprocs"": 1, ""q_top_frac"": 0.2, ""quintile_frac"": 0.2, ""rank_min_periods"": 26, ""rank_window_weeks"": 52, ""ranking_frame"": ""TS"", ""require_continuous_trading"": false, ""require_finite_positive_prices"": true, ""smooth_window_weeks"": 20, ""tskd_diff_order"": ""avg_then_diff"", ""tskd_min_bars_per_side"": 20, ""turnover_cap"": 0.5, ""vol_min_periods"": 13, ""vol_window_weeks"": 26}",0.012430259901072722,347,MON,
2026-08-27T10:40:59.934795+00:00,f900762b952c39aa0a5ff5a8dce1a474,"{""anchor"": ""MON"", ""avol_lookback_weeks"": 12, ""book_terminal_return"": true, ""book_weighting"": ""risk_parity"", ""clip_forward_return"": 1.0, ""construction"": ""books"", ""cost_multiple"": 1.0, ""cpvv_min_days_week"": 4, ""cpvv_window"": ""week"", ""factors"": [""Q""], ""fee_bp_illiquid"": 5.0, ""fee_bp_liquid"": 1.0, ""funding_weight"": 0.5, ""min_cross_section"": 10, ""min_days_per_week"": 3, ""nprocs"": 1, ""q_top_frac"": 0.2, ""quintile_frac"": 0.2, ""rank_min_periods"": 26, ""rank_window_weeks"": 52, ""ranking_frame"": ""TS"", ""require_continuous_trading"": false, ""require_finite_positive_prices"": true, ""smooth_window_weeks"": 20, ""tskd_diff_order"": ""avg_then_diff"", ""tskd_min_bars_per_side"": 20, ""turnover_cap"": 0.5, ""vol_min_periods"": 13, ""vol_window_weeks"": 26}",0.12907319889634794,347,MON,
2026-08-27T10:41:00.471620+00:00,bea2f876d6b67483c711c6aa019c513a,"{""anchor"": ""MON"", ""avol_lookback_weeks"": 12, ""book_terminal_return"": true, ""book_weighting"": ""risk_parity"", ""clip_forward_return"": 1.0, ""construction"": ""books"", ""cost_multiple"": 1.0, ""cpvv_min_days_week"": 4, ""cpvv_window"": ""week"", ""factors"": [""Q""], ""fee_bp_illiquid"": 5.0, ""fee_bp_liquid"": 1.0, ""funding_weight"": 0.0, ""min_cross_section"": 10, ""min_days_per_week"": 3, ""nprocs"": 1, ""q_top_frac"": 0.2, ""quintile_frac"": 0.2, ""rank_min_periods"": 26, ""rank_window_weeks"": 52, ""ranking_frame"": ""TS"", ""require_continuous_trading"": false, ""require_finite_positive_prices"": true, ""smooth_window_weeks"": 20, ""tskd_diff_order"": ""avg_then_diff"", ""tskd_min_bars_per_side"": 20, ""turnover_cap"": 0.5, ""vol_min_periods"": 13, ""vol_window_weeks"": 26}",0.09827392892633498,347,MON,
2026-08-27T10:41:01.014465+00:00,132a23ab454d886fad14659d9db041db,"{""anchor"": ""MON"", ""avol_lookback_weeks"": 12, ""book_terminal_return"": true, ""book_weighting"": ""risk_parity"", ""clip_forward_return"": 1.0, ""construction"": ""books"", ""cost_multiple"": 1.0, ""cpvv_min_days_week"": 4, ""cpvv_window"": ""week"", ""factors"": [""RSJ""], ""fee_bp_illiquid"": 5.0, ""fee_bp_liquid"": 1.0, ""funding_weight"": 0.5, ""min_cross_section"": 10, ""min_days_per_week"": 3, ""nprocs"": 1, ""q_top_frac"": 0.2, ""quintile_frac"": 0.2, ""rank_min_periods"": 26, ""rank_window_weeks"": 52, ""ranking_frame"": ""TS"", ""require_continuous_trading"": false, ""require_finite_positive_prices"": true, ""smooth_window_weeks"": 20, ""tskd_diff_order"": ""avg_then_diff"", ""tskd_min_bars_per_side"": 20, ""turnover_cap"": 0.5, ""vol_min_periods"": 13, ""vol_window_weeks"": 26}",0.12157874120843468,347,MON,
2026-08-27T10:41:01.569911+00:00,dd64db7489986b838acbdd0ba86e8919,"{""anchor"": ""MON"", ""avol_lookback_weeks"": 12, ""book_terminal_return"": true, ""book_weighting"": ""risk_parity"", ""clip_forward_return"": 1.0, ""construction"": ""books"", ""cost_multiple"": 1.0, ""cpvv_min_days_week"": 4, ""cpvv_window"": ""week"", ""factors"": [""RSJ""], ""fee_bp_illiquid"": 5.0, ""fee_bp_liquid"": 1.0, ""funding_weight"": 0.0, ""min_cross_section"": 10, ""min_days_per_week"": 3, ""nprocs"": 1, ""q_top_frac"": 0.2, ""quintile_frac"": 0.2, ""rank_min_periods"": 26, ""rank_window_weeks"": 52, ""ranking_frame"": ""TS"", ""require_continuous_trading"": false, ""require_finite_positive_prices"": true, ""smooth_window_weeks"": 20, ""tskd_diff_order"": ""avg_then_diff"", ""tskd_min_bars_per_side"": 20, ""turnover_cap"": 0.5, ""vol_min_periods"": 13, ""vol_window_weeks"": 26}",0.03820364940943649,347,MON,
2026-08-27T10:41:02.108368+00:00,bf12b49d835bf17ba4a0f7898bba8b59,"{""anchor"": ""MON"", ""avol_lookback_weeks"": 12, ""book_terminal_return"": true, ""book_weighting"": ""risk_parity"", ""clip_forward_return"": 1.0, ""construction"": ""books"", ""cost_multiple"": 1.0, ""cpvv_min_days_week"": 4, ""cpvv_window"": ""week"", ""factors"": [""OFI""], ""fee_bp_illiquid"": 5.0, ""fee_bp_liquid"": 1.0, ""funding_weight"": 0.5, ""min_cross_section"": 10, ""min_days_per_week"": 3, ""nprocs"": 1, ""q_top_frac"": 0.2, ""quintile_frac"": 0.2, ""rank_min_periods"": 26, ""rank_window_weeks"": 52, ""ranking_frame"": ""TS"", ""require_continuous_trading"": false, ""require_finite_positive_prices"": true, ""smooth_window_weeks"": 20, ""tskd_diff_order"": ""avg_then_diff"", ""tskd_min_bars_per_side"": 20, ""turnover_cap"": 0.5, ""vol_min_periods"": 13, ""vol_window_weeks"": 26}",0.12329058424499616,347,MON,
2026-08-27T10:41:02.599230+00:00,15e828d6e55154bb9c5e5b9887ecdf46,"{""anchor"": ""MON"", ""avol_lookback_weeks"": 12, ""book_terminal_return"": true, ""book_weighting"": ""risk_parity"", ""clip_forward_return"": 1.0, ""construction"": ""books"", ""cost_multiple"": 1.0, ""cpvv_min_days_week"": 4, ""cpvv_window"": ""week"", ""factors"": [""OFI""], ""fee_bp_illiquid"": 5.0, ""fee_bp_liquid"": 1.0, ""funding_weight"": 0.0, ""min_cross_section"": 10, ""min_days_per_week"": 3, ""nprocs"": 1, ""q_top_frac"": 0.2, ""quintile_frac"": 0.2, ""rank_min_periods"": 26, ""rank_window_weeks"": 52, ""ranking_frame"": ""TS"", ""require_continuous_trading"": false, ""require_finite_positive_prices"": true, ""smooth_window_weeks"": 20, ""tskd_diff_order"": ""avg_then_diff"", ""tskd_min_bars_per_side"": 20, ""turnover_cap"": 0.5, ""vol_min_periods"": 13, ""vol_window_weeks"": 26}",0.07582556386546929,347,MON,
2026-08-27T10:41:03.082253+00:00,51426338836111d154502c97cc4c6f73,"{""anchor"": ""MON"", ""avol_lookback_weeks"": 12, ""book_terminal_return"": true, ""book_weighting"": ""risk_parity"", ""clip_forward_return"": 1.0, ""construction"": ""books"", ""cost_multiple"": 1.0, ""cpvv_min_days_week"": 4, ""cpvv_window"": ""week"", ""factors"": [""CPVm""], ""fee_bp_illiquid"": 5.0, ""fee_bp_liquid"": 1.0, ""funding_weight"": 0.5, ""min_cross_section"": 10, ""min_days_per_week"": 3, ""nprocs"": 1, ""q_top_frac"": 0.2, ""quintile_frac"": 0.2, ""rank_min_periods"": 26, ""rank_window_weeks"": 52, ""ranking_frame"": ""TS"", ""require_continuous_trading"": false, ""require_finite_positive_prices"": true, ""smooth_window_weeks"": 20, ""tskd_diff_order"": ""avg_then_diff"", ""tskd_min_bars_per_side"": 20, ""turnover_cap"": 0.5, ""vol_min_periods"": 13, ""vol_window_weeks"": 26}",0.12676620641024267,347,MON,
2026-08-27T10:41:03.565900+00:00,3f34b3936fc74b251bb05e638f88441d,"{""anchor"": ""MON"", ""avol_lookback_weeks"": 12, ""book_terminal_return"": true, ""book_weighting"": ""risk_parity"", ""clip_forward_return"": 1.0, ""construction"": ""books"", ""cost_multiple"": 1.0, ""cpvv_min_days_week"": 4, ""cpvv_window"": ""week"", ""factors"": [""CPVm""], ""fee_bp_illiquid"": 5.0, ""fee_bp_liquid"": 1.0, ""funding_weight"": 0.0, ""min_cross_section"": 10, ""min_days_per_week"": 3, ""nprocs"": 1, ""q_top_frac"": 0.2, ""quintile_frac"": 0.2, ""rank_min_periods"": 26, ""rank_window_weeks"": 52, ""ranking_frame"": ""TS"", ""require_continuous_trading"": false, ""require_finite_positive_prices"": true, ""smooth_window_weeks"": 20, ""tskd_diff_order"": ""avg_then_diff"", ""tskd_min_bars_per_side"": 20, ""turnover_cap"": 0.5, ""vol_min_periods"": 13, ""vol_window_weeks"": 26}",0.06075174550048848,347,MON,
2026-08-27T10:41:04.102993+00:00,fb14b1056d942a93b63c95cd62971229,"{""anchor"": ""MON"", ""avol_lookback_weeks"": 12, ""book_terminal_return"": true, ""book_weighting"": ""risk_parity"", ""clip_forward_return"": 1.0, ""construction"": ""books"", ""cost_multiple"": 1.0, ""cpvv_min_days_week"": 4, ""cpvv_window"": ""week"", ""factors"": [""CPVv""], ""fee_bp_illiquid"": 5.0, ""fee_bp_liquid"": 1.0, ""funding_weight"": 0.5, ""min_cross_section"": 10, ""min_days_per_week"": 3, ""nprocs"": 1, ""q_top_frac"": 0.2, ""quintile_frac"": 0.2, ""rank_min_periods"": 26, ""rank_window_weeks"": 52, ""ranking_frame"": ""TS"", ""require_continuous_trading"": false, ""require_finite_positive_prices"": true, ""smooth_window_weeks"": 20, ""tskd_diff_order"": ""avg_then_diff"", ""tskd_min_bars_per_side"": 20, ""turnover_cap"": 0.5, ""vol_min_periods"": 13, ""vol_window_weeks"": 26}",0.1348112901762837,347,MON,
2026-08-27T10:41:04.589566+00:00,06863ea1953d450b6b0e78483fb19cb2,"{""anchor"": ""MON"", ""avol_lookback_weeks"": 12, ""book_terminal_return"": true, ""book_weighting"": ""risk_parity"", ""clip_forward_return"": 1.0, ""construction"": ""books"", ""cost_multiple"": 1.0, ""cpvv_min_days_week"": 4, ""cpvv_window"": ""week"", ""factors"": [""CPVv""], ""fee_bp_illiquid"": 5.0, ""fee_bp_liquid"": 1.0, ""funding_weight"": 0.0, ""min_cross_section"": 10, ""min_days_per_week"": 3, ""nprocs"": 1, ""q_top_frac"": 0.2, ""quintile_frac"": 0.2, ""rank_min_periods"": 26, ""rank_window_weeks"": 52, ""ranking_frame"": ""TS"", ""require_continuous_trading"": false, ""require_finite_positive_prices"": true, ""smooth_window_weeks"": 20, ""tskd_diff_order"": ""avg_then_diff"", ""tskd_min_bars_per_side"": 20, ""turnover_cap"": 0.5, ""vol_min_periods"": 13, ""vol_window_weeks"": 26}",0.07475912733975909,347,MON,
2026-08-27T10:41:05.080082+00:00,3ae9b9b0fcf23aefc9fe9528406a0d8d,"{""anchor"": ""MON"", ""avol_lookback_weeks"": 12, ""book_terminal_return"": true, ""book_weighting"": ""risk_parity"", ""clip_forward_return"": 1.0, ""construction"": ""books"", ""cost_multiple"": 1.0, ""cpvv_min_days_week"": 4, ""cpvv_window"": ""week"", ""factors"": [""WRspread""], ""fee_bp_illiquid"": 5.0, ""fee_bp_liquid"": 1.0, ""funding_weight"": 0.5, ""min_cross_section"": 10, ""min_days_per_week"": 3, ""nprocs"": 1, ""q_top_frac"": 0.2, ""quintile_frac"": 0.2, ""rank_min_periods"": 26, ""rank_window_weeks"": 52, ""ranking_frame"": ""TS"", ""require_continuous_trading"": false, ""require_finite_positive_prices"": true, ""smooth_window_weeks"": 20, ""tskd_diff_order"": ""avg_then_diff"", ""tskd_min_bars_per_side"": 20, ""turnover_cap"": 0.5, ""vol_min_periods"": 13, ""vol_window_weeks"": 26}",nan,347,MON,
2026-08-27T10:41:05.562872+00:00,433c6bad0e21e3cca884ae8296e329fa,"{""anchor"": ""MON"", ""avol_lookback_weeks"": 12, ""book_terminal_return"": true, ""book_weighting"": ""risk_parity"", ""clip_forward_return"": 1.0, ""construction"": ""books"", ""cost_multiple"": 1.0, ""cpvv_min_days_week"": 4, ""cpvv_window"": ""week"", ""factors"": [""WRspread""], ""fee_bp_illiquid"": 5.0, ""fee_bp_liquid"": 1.0, ""funding_weight"": 0.0, ""min_cross_section"": 10, ""min_days_per_week"": 3, ""nprocs"": 1, ""q_top_frac"": 0.2, ""quintile_frac"": 0.2, ""rank_min_periods"": 26, ""rank_window_weeks"": 52, ""ranking_frame"": ""TS"", ""require_continuous_trading"": false, ""require_finite_positive_prices"": true, ""smooth_window_weeks"": 20, ""tskd_diff_order"": ""avg_then_diff"", ""tskd_min_bars_per_side"": 20, ""turnover_cap"": 0.5, ""vol_min_periods"": 13, ""vol_window_weeks"": 26}",nan,347,MON,
2026-08-27T10:41:06.052160+00:00,fda0b4cfb5e339983a41c325ce7823ca,"{""anchor"": ""MON"", ""avol_lookback_weeks"": 12, ""book_terminal_return"": true, ""book_weighting"": ""risk_parity"", ""clip_forward_return"": 1.0, ""construction"": ""books"", ""cost_multiple"": 1.0, ""cpvv_min_days_week"": 4, ""cpvv_window"": ""week"", ""factors"": [""TopChg""], ""fee_bp_illiquid"": 5.0, ""fee_bp_liquid"": 1.0, ""funding_weight"": 0.5, ""min_cross_section"": 10, ""min_days_per_week"": 3, ""nprocs"": 1, ""q_top_frac"": 0.2, ""quintile_frac"": 0.2, ""rank_min_periods"": 26, ""rank_window_weeks"": 52, ""ranking_frame"": ""TS"", ""require_continuous_trading"": false, ""require_finite_positive_prices"": true, ""smooth_window_weeks"": 20, ""tskd_diff_order"": ""avg_then_diff"", ""tskd_min_bars_per_side"": 20, ""turnover_cap"": 0.5, ""vol_min_periods"": 13, ""vol_window_weeks"": 26}",nan,347,MON,
2026-08-27T10:41:06.546899+00:00,e3364fdb7b042bec041ca5580afd17d6,"{""anchor"": ""MON"", ""avol_lookback_weeks"": 12, ""book_terminal_return"": true, ""book_weighting"": ""risk_parity"", ""clip_forward_return"": 1.0, ""construction"": ""books"", ""cost_multiple"": 1.0, ""cpvv_min_days_week"": 4, ""cpvv_window"": ""week"", ""factors"": [""TopChg""], ""fee_bp_illiquid"": 5.0, ""fee_bp_liquid"": 1.0, ""funding_weight"": 0.0, ""min_cross_section"": 10, ""min_days_per_week"": 3, ""nprocs"": 1, ""q_top_frac"": 0.2, ""quintile_frac"": 0.2, ""rank_min_periods"": 26, ""rank_window_weeks"": 52, ""ranking_frame"": ""TS"", ""require_continuous_trading"": false, ""require_finite_positive_prices"": true, ""smooth_window_weeks"": 20, ""tskd_diff_order"": ""avg_then_diff"", ""tskd_min_bars_per_side"": 20, ""turnover_cap"": 0.5, ""vol_min_periods"": 13, ""vol_window_weeks"": 26}",nan,347,MON,
2026-08-27T10:41:07.169857+00:00,18b572cb9f1b6bd9e56c843e7434e815,"{""anchor"": ""MON"", ""avol_lookback_weeks"": 12, ""book_terminal_return"": true, ""book_weighting"": ""risk_parity"", ""clip_forward_return"": 1.0, ""construction"": ""books"", ""cost_multiple"": 1.0, ""cpvv_min_days_week"": 4, ""cpvv_window"": ""week"", ""factors"": [""Quad""], ""fee_bp_illiquid"": 5.0, ""fee_bp_liquid"": 1.0, ""funding_weight"": 0.5, ""min_cross_section"": 10, ""min_days_per_week"": 3, ""nprocs"": 1, ""q_top_frac"": 0.2, ""quintile_frac"": 0.2, ""rank_min_periods"": 26, ""rank_window_weeks"": 52, ""ranking_frame"": ""TS"", ""require_continuous_trading"": false, ""require_finite_positive_prices"": true, ""smooth_window_weeks"": 20, ""tskd_diff_order"": ""avg_then_diff"", ""tskd_min_bars_per_side"": 20, ""turnover_cap"": 0.5, ""vol_min_periods"": 13, ""vol_window_weeks"": 26}",nan,347,MON,
2026-08-27T10:41:07.776709+00:00,b734ac7a6469be29de1c1d655d51454b,"{""anchor"": ""MON"", ""avol_lookback_weeks"": 12, ""book_terminal_return"": true, ""book_weighting"": ""risk_parity"", ""clip_forward_return"": 1.0, ""construction"": ""books"", ""cost_multiple"": 1.0, ""cpvv_min_days_week"": 4, ""cpvv_window"": ""week"", ""factors"": [""Quad""], ""fee_bp_illiquid"": 5.0, ""fee_bp_liquid"": 1.0, ""funding_weight"": 0.0, ""min_cross_section"": 10, ""min_days_per_week"": 3, ""nprocs"": 1, ""q_top_frac"": 0.2, ""quintile_frac"": 0.2, ""rank_min_periods"": 26, ""rank_window_weeks"": 52, ""ranking_frame"": ""TS"", ""require_continuous_trading"": false, ""require_finite_positive_prices"": true, ""smooth_window_weeks"": 20, ""tskd_diff_order"": ""avg_then_diff"", ""tskd_min_bars_per_side"": 20, ""turnover_cap"": 0.5, ""vol_min_periods"": 13, ""vol_window_weeks"": 26}",nan,347,MON,
2026-08-27T10:41:08.390100+00:00,d7ead6aa2bd1b8b41c90a9acc785b46a,"{""anchor"": ""MON"", ""avol_lookback_weeks"": 12, ""book_terminal_return"": true, ""book_weighting"": ""risk_parity"", ""clip_forward_return"": 1.0, ""construction"": ""books"", ""cost_multiple"": 1.0, ""cpvv_min_days_week"": 4, ""cpvv_window"": ""week"", ""factors"": [""TKU""], ""fee_bp_illiquid"": 5.0, ""fee_bp_liquid"": 1.0, ""funding_weight"": 0.5, ""min_cross_section"": 10, ""min_days_per_week"": 3, ""nprocs"": 1, ""q_top_frac"": 0.2, ""quintile_frac"": 0.2, ""rank_min_periods"": 26, ""rank_window_weeks"": 52, ""ranking_frame"": ""TS"", ""require_continuous_trading"": false, ""require_finite_positive_prices"": true, ""smooth_window_weeks"": 20, ""tskd_diff_order"": ""avg_then_diff"", ""tskd_min_bars_per_side"": 20, ""turnover_cap"": 0.5, ""vol_min_periods"": 13, ""vol_window_weeks"": 26}",0.11909564502973846,347,MON,
2026-08-27T10:41:09.046921+00:00,dd36434a1ca6d7c178423bd1afb12f4d,"{""anchor"": ""MON"", ""avol_lookback_weeks"": 12, ""book_terminal_return"": true, ""book_weighting"": ""risk_parity"", ""clip_forward_return"": 1.0, ""construction"": ""books"", ""cost_multiple"": 1.0, ""cpvv_min_days_week"": 4, ""cpvv_window"": ""week"", ""factors"": [""TKU""], ""fee_bp_illiquid"": 5.0, ""fee_bp_liquid"": 1.0, ""funding_weight"": 0.0, ""min_cross_section"": 10, ""min_days_per_week"": 3, ""nprocs"": 1, ""q_top_frac"": 0.2, ""quintile_frac"": 0.2, ""rank_min_periods"": 26, ""rank_window_weeks"": 52, ""ranking_frame"": ""TS"", ""require_continuous_trading"": false, ""require_finite_positive_prices"": true, ""smooth_window_weeks"": 20, ""tskd_diff_order"": ""avg_then_diff"", ""tskd_min_bars_per_side"": 20, ""turnover_cap"": 0.5, ""vol_min_periods"": 13, ""vol_window_weeks"": 26}",0.054984001193469426,347,MON,
2026-08-27T10:41:09.671681+00:00,dc0180133f39df75dcd5b3f0a1230ba2,"{""anchor"": ""MON"", ""avol_lookback_weeks"": 12, ""book_terminal_return"": true, ""book_weighting"": ""risk_parity"", ""clip_forward_return"": 1.0, ""construction"": ""books"", ""cost_multiple"": 1.0, ""cpvv_min_days_week"": 4, ""cpvv_window"": ""week"", ""factors"": [""TSKD""], ""fee_bp_illiquid"": 5.0, ""fee_bp_liquid"": 1.0, ""funding_weight"": 0.5, ""min_cross_section"": 10, ""min_days_per_week"": 3, ""nprocs"": 1, ""q_top_frac"": 0.2, ""quintile_frac"": 0.2, ""rank_min_periods"": 26, ""rank_window_weeks"": 52, ""ranking_frame"": ""TS"", ""require_continuous_trading"": false, ""require_finite_positive_prices"": true, ""smooth_window_weeks"": 20, ""tskd_diff_order"": ""avg_then_diff"", ""tskd_min_bars_per_side"": 20, ""turnover_cap"": 0.5, ""vol_min_periods"": 13, ""vol_window_weeks"": 26}",0.0758806330844276,347,MON,
2026-08-27T10:41:10.185644+00:00,29736a71409e02829bc1bd4735d7a425,"{""anchor"": ""MON"", ""avol_lookback_weeks"": 12, ""book_terminal_return"": true, ""book_weighting"": ""risk_parity"", ""clip_forward_return"": 1.0, ""construction"": ""books"", ""cost_multiple"": 1.0, ""cpvv_min_days_week"": 4, ""cpvv_window"": ""week"", ""factors"": [""TSKD""], ""fee_bp_illiquid"": 5.0, ""fee_bp_liquid"": 1.0, ""funding_weight"": 0.0, ""min_cross_section"": 10, ""min_days_per_week"": 3, ""nprocs"": 1, ""q_top_frac"": 0.2, ""quintile_frac"": 0.2, ""rank_min_periods"": 26, ""rank_window_weeks"": 52, ""ranking_frame"": ""TS"", ""require_continuous_trading"": false, ""require_finite_positive_prices"": true, ""smooth_window_weeks"": 20, ""tskd_diff_order"": ""avg_then_diff"", ""tskd_min_bars_per_side"": 20, ""turnover_cap"": 0.5, ""vol_min_periods"": 13, ""vol_window_weeks"": 26}",-0.005451046465669293,347,MON,
2026-08-27T10:41:12.425764+00:00,3693cc325cd551e53195a10df5c5c466,"{""anchor"": ""MON"", ""avol_lookback_weeks"": 12, ""book_terminal_return"": true, ""book_weighting"": ""equal"", ""clip_forward_return"": 1.0, ""construction"": ""books"", ""cost_multiple"": 1.0, ""cpvv_min_days_week"": 4, ""cpvv_window"": ""week"", ""factors"": null, ""fee_bp_illiquid"": 5.0, ""fee_bp_liquid"": 1.0, ""funding_weight"": 0.5, ""min_cross_section"": 10, ""min_days_per_week"": 3, ""nprocs"": 1, ""q_top_frac"": 0.2, ""quintile_frac"": 0.2, ""rank_min_periods"": 26, ""rank_window_weeks"": 52, ""ranking_frame"": ""XS"", ""require_continuous_trading"": false, ""require_finite_positive_prices"": true, ""smooth_window_weeks"": 20, ""tskd_diff_order"": ""avg_then_diff"", ""tskd_min_bars_per_side"": 20, ""turnover_cap"": 0.5, ""vol_min_periods"": 13, ""vol_window_weeks"": 26}",0.15303391751661014,347,MON,
2026-08-27T10:41:13.269011+00:00,d2ca8f6df5b0f94f6d10da925dfc7aee,"{""anchor"": ""MON"", ""avol_lookback_weeks"": 12, ""book_terminal_return"": true, ""book_weighting"": ""risk_parity"", ""clip_forward_return"": 1.0, ""construction"": ""books"", ""cost_multiple"": 1.0, ""cpvv_min_days_week"": 4, ""cpvv_window"": ""week"", ""factors"": null, ""fee_bp_illiquid"": 5.0, ""fee_bp_liquid"": 1.0, ""funding_weight"": 0.5, ""min_cross_section"": 10, ""min_days_per_week"": 3, ""nprocs"": 1, ""q_top_frac"": 0.2, ""quintile_frac"": 0.2, ""rank_min_periods"": 26, ""rank_window_weeks"": 52, ""ranking_frame"": ""XS"", ""require_continuous_trading"": false, ""require_finite_positive_prices"": true, ""smooth_window_weeks"": 20, ""tskd_diff_order"": ""avg_then_diff"", ""tskd_min_bars_per_side"": 20, ""turnover_cap"": 0.5, ""vol_min_periods"": 13, ""vol_window_weeks"": 26}",0.1365870682132334,347,MON,
2026-08-27T10:41:13.906731+00:00,3faf6ae2be603ac11caa1612e0e74b02,"{""anchor"": ""MON"", ""avol_lookback_weeks"": 12, ""book_terminal_return"": true, ""book_weighting"": ""equal"", ""clip_forward_return"": 1.0, ""construction"": ""blend"", ""cost_multiple"": 1.0, ""cpvv_min_days_week"": 4, ""cpvv_window"": ""week"", ""factors"": null, ""fee_bp_illiquid"": 5.0, ""fee_bp_liquid"": 1.0, ""funding_weight"": 0.5, ""min_cross_section"": 10, ""min_days_per_week"": 3, ""nprocs"": 1, ""q_top_frac"": 0.2, ""quintile_frac"": 0.2, ""rank_min_periods"": 26, ""rank_window_weeks"": 52, ""ranking_frame"": ""XS"", ""require_continuous_trading"": false, ""require_finite_positive_prices"": true, ""smooth_window_weeks"": 20, ""tskd_diff_order"": ""avg_then_diff"", ""tskd_min_bars_per_side"": 20, ""turnover_cap"": 0.5, ""vol_min_periods"": 13, ""vol_window_weeks"": 26}",0.10276860985817911,347,MON,
2026-08-27T10:41:14.743773+00:00,a4cded968601095f10c85bcd58cc5bb3,"{""anchor"": ""MON"", ""avol_lookback_weeks"": 12, ""book_terminal_return"": true, ""book_weighting"": ""risk_parity"", ""clip_forward_return"": 1.0, ""construction"": ""blend"", ""cost_multiple"": 1.0, ""cpvv_min_days_week"": 4, ""cpvv_window"": ""week"", ""factors"": null, ""fee_bp_illiquid"": 5.0, ""fee_bp_liquid"": 1.0, ""funding_weight"": 0.5, ""min_cross_section"": 10, ""min_days_per_week"": 3, ""nprocs"": 1, ""q_top_frac"": 0.2, ""quintile_frac"": 0.2, ""rank_min_periods"": 26, ""rank_window_weeks"": 52, ""ranking_frame"": ""XS"", ""require_continuous_trading"": false, ""require_finite_positive_prices"": true, ""smooth_window_weeks"": 20, ""tskd_diff_order"": ""avg_then_diff"", ""tskd_min_bars_per_side"": 20, ""turnover_cap"": 0.5, ""vol_min_periods"": 13, ""vol_window_weeks"": 26}",0.10276860985817911,347,MON,
2026-08-27T10:41:18.574293+00:00,18c8f173f06b775d4b8a05456852607a,"{""anchor"": ""MON"", ""avol_lookback_weeks"": 12, ""book_terminal_return"": true, ""book_weighting"": ""equal"", ""clip_forward_return"": 1.0, ""construction"": ""books"", ""cost_multiple"": 1.0, ""cpvv_min_days_week"": 4, ""cpvv_window"": ""week"", ""factors"": null, ""fee_bp_illiquid"": 5.0, ""fee_bp_liquid"": 1.0, ""funding_weight"": 0.5, ""min_cross_section"": 10, ""min_days_per_week"": 3, ""nprocs"": 1, ""q_top_frac"": 0.2, ""quintile_frac"": 0.2, ""rank_min_periods"": 26, ""rank_window_weeks"": 52, ""ranking_frame"": ""TS"", ""require_continuous_trading"": false, ""require_finite_positive_prices"": true, ""smooth_window_weeks"": 20, ""tskd_diff_order"": ""avg_then_diff"", ""tskd_min_bars_per_side"": 20, ""turnover_cap"": 0.5, ""vol_min_periods"": 13, ""vol_window_weeks"": 26}",0.17129999698430237,347,MON,
2026-08-27T10:41:22.137677+00:00,d96792636014ff5d10013716740ae5e6,"{""anchor"": ""MON"", ""avol_lookback_weeks"": 12, ""book_terminal_return"": true, ""book_weighting"": ""risk_parity"", ""clip_forward_return"": 1.0, ""construction"": ""books"", ""cost_multiple"": 1.0, ""cpvv_min_days_week"": 4, ""cpvv_window"": ""week"", ""factors"": null, ""fee_bp_illiquid"": 5.0, ""fee_bp_liquid"": 1.0, ""funding_weight"": 0.5, ""min_cross_section"": 10, ""min_days_per_week"": 3, ""nprocs"": 1, ""q_top_frac"": 0.2, ""quintile_frac"": 0.2, ""rank_min_periods"": 26, ""rank_window_weeks"": 52, ""ranking_frame"": ""TS"", ""require_continuous_trading"": false, ""require_finite_positive_prices"": true, ""smooth_window_weeks"": 20, ""tskd_diff_order"": ""avg_then_diff"", ""tskd_min_bars_per_side"": 20, ""turnover_cap"": 0.5, ""vol_min_periods"": 13, ""vol_window_weeks"": 26}",0.18102780900251647,347,MON,
2026-08-27T10:41:25.529858+00:00,b90c9ca4581c0f5ebf71d01865318328,"{""anchor"": ""MON"", ""avol_lookback_weeks"": 12, ""book_terminal_return"": true, ""book_weighting"": ""equal"", ""clip_forward_return"": 1.0, ""construction"": ""blend"", ""cost_multiple"": 1.0, ""cpvv_min_days_week"": 4, ""cpvv_window"": ""week"", ""factors"": null, ""fee_bp_illiquid"": 5.0, ""fee_bp_liquid"": 1.0, ""funding_weight"": 0.5, ""min_cross_section"": 10, ""min_days_per_week"": 3, ""nprocs"": 1, ""q_top_frac"": 0.2, ""quintile_frac"": 0.2, ""rank_min_periods"": 26, ""rank_window_weeks"": 52, ""ranking_frame"": ""TS"", ""require_continuous_trading"": false, ""require_finite_positive_prices"": true, ""smooth_window_weeks"": 20, ""tskd_diff_order"": ""avg_then_diff"", ""tskd_min_bars_per_side"": 20, ""turnover_cap"": 0.5, ""vol_min_periods"": 13, ""vol_window_weeks"": 26}",0.19726603334737325,347,MON,
2026-08-27T10:41:28.598633+00:00,b16e476667a4bbd9cf78487211aaff6a,"{""anchor"": ""MON"", ""avol_lookback_weeks"": 12, ""book_terminal_return"": true, ""book_weighting"": ""risk_parity"", ""clip_forward_return"": 1.0, ""construction"": ""blend"", ""cost_multiple"": 1.0, ""cpvv_min_days_week"": 4, ""cpvv_window"": ""week"", ""factors"": null, ""fee_bp_illiquid"": 5.0, ""fee_bp_liquid"": 1.0, ""funding_weight"": 0.5, ""min_cross_section"": 10, ""min_days_per_week"": 3, ""nprocs"": 1, ""q_top_frac"": 0.2, ""quintile_frac"": 0.2, ""rank_min_periods"": 26, ""rank_window_weeks"": 52, ""ranking_frame"": ""TS"", ""require_continuous_trading"": false, ""require_finite_positive_prices"": true, ""smooth_window_weeks"": 20, ""tskd_diff_order"": ""avg_then_diff"", ""tskd_min_bars_per_side"": 20, ""turnover_cap"": 0.5, ""vol_min_periods"": 13, ""vol_window_weeks"": 26}",0.19726603334737325,347,MON,
2026-08-27T10:41:33.794524+00:00,d96792636014ff5d10013716740ae5e6,"{""anchor"": ""MON"", ""avol_lookback_weeks"": 12, ""book_terminal_return"": true, ""book_weighting"": ""risk_parity"", ""clip_forward_return"": 1.0, ""construction"": ""books"", ""cost_multiple"": 1.0, ""cpvv_min_days_week"": 4, ""cpvv_window"": ""week"", ""factors"": null, ""fee_bp_illiquid"": 5.0, ""fee_bp_liquid"": 1.0, ""funding_weight"": 0.5, ""min_cross_section"": 10, ""min_days_per_week"": 3, ""nprocs"": 1, ""q_top_frac"": 0.2, ""quintile_frac"": 0.2, ""rank_min_periods"": 26, ""rank_window_weeks"": 52, ""ranking_frame"": ""TS"", ""require_continuous_trading"": false, ""require_finite_positive_prices"": true, ""smooth_window_weeks"": 20, ""tskd_diff_order"": ""avg_then_diff"", ""tskd_min_bars_per_side"": 20, ""turnover_cap"": 0.5, ""vol_min_periods"": 13, ""vol_window_weeks"": 26}",0.18102780900251647,347,MON,
2026-08-27T10:41:50.022885+00:00,341f0a2263782f2e9142df85c5122626,"{""anchor"": ""MON"", ""avol_lookback_weeks"": 12, ""book_terminal_return"": true, ""book_weighting"": ""risk_parity"", ""clip_forward_return"": 1.0, ""construction"": ""books"", ""cost_multiple"": 1, ""cpvv_min_days_week"": 4, ""cpvv_window"": ""week"", ""factors"": null, ""fee_bp_illiquid"": 5.0, ""fee_bp_liquid"": 1.0, ""funding_weight"": 0.5, ""min_cross_section"": 10, ""min_days_per_week"": 3, ""nprocs"": 1, ""q_top_frac"": 0.2, ""quintile_frac"": 0.2, ""rank_min_periods"": 26, ""rank_window_weeks"": 52, ""ranking_frame"": ""TS"", ""require_continuous_trading"": false, ""require_finite_positive_prices"": true, ""smooth_window_weeks"": 20, ""tskd_diff_order"": ""avg_then_diff"", ""tskd_min_bars_per_side"": 20, ""turnover_cap"": 1.0, ""vol_min_periods"": 13, ""vol_window_weeks"": 26}",0.14962664367513656,347,MON,
2026-08-27T10:41:53.491435+00:00,cea91f342372401744a11b4f804e44b2,"{""anchor"": ""MON"", ""avol_lookback_weeks"": 12, ""book_terminal_return"": true, ""book_weighting"": ""risk_parity"", ""clip_forward_return"": 1.0, ""construction"": ""books"", ""cost_multiple"": 2, ""cpvv_min_days_week"": 4, ""cpvv_window"": ""week"", ""factors"": null, ""fee_bp_illiquid"": 5.0, ""fee_bp_liquid"": 1.0, ""funding_weight"": 0.5, ""min_cross_section"": 10, ""min_days_per_week"": 3, ""nprocs"": 1, ""q_top_frac"": 0.2, ""quintile_frac"": 0.2, ""rank_min_periods"": 26, ""rank_window_weeks"": 52, ""ranking_frame"": ""TS"", ""require_continuous_trading"": false, ""require_finite_positive_prices"": true, ""smooth_window_weeks"": 20, ""tskd_diff_order"": ""avg_then_diff"", ""tskd_min_bars_per_side"": 20, ""turnover_cap"": 1.0, ""vol_min_periods"": 13, ""vol_window_weeks"": 26}",0.14087614286956934,347,MON,
2026-08-27T10:41:57.172279+00:00,0e1e32c17bc034199f9d8d7c4b13b924,"{""anchor"": ""MON"", ""avol_lookback_weeks"": 12, ""book_terminal_return"": true, ""book_weighting"": ""risk_parity"", ""clip_forward_return"": 1.0, ""construction"": ""books"", ""cost_multiple"": 4, ""cpvv_min_days_week"": 4, ""cpvv_window"": ""week"", ""factors"": null, ""fee_bp_illiquid"": 5.0, ""fee_bp_liquid"": 1.0, ""funding_weight"": 0.5, ""min_cross_section"": 10, ""min_days_per_week"": 3, ""nprocs"": 1, ""q_top_frac"": 0.2, ""quintile_frac"": 0.2, ""rank_min_periods"": 26, ""rank_window_weeks"": 52, ""ranking_frame"": ""TS"", ""require_continuous_trading"": false, ""require_finite_positive_prices"": true, ""smooth_window_weeks"": 20, ""tskd_diff_order"": ""avg_then_diff"", ""tskd_min_bars_per_side"": 20, ""turnover_cap"": 1.0, ""vol_min_periods"": 13, ""vol_window_weeks"": 26}",0.12336572819039002,347,MON,
2026-08-27T10:42:00.964596+00:00,1394fc2eeb06df2458a4100aec740776,"{""anchor"": ""MON"", ""avol_lookback_weeks"": 12, ""book_terminal_return"": true, ""book_weighting"": ""risk_parity"", ""clip_forward_return"": 1.0, ""construction"": ""books"", ""cost_multiple"": 8, ""cpvv_min_days_week"": 4, ""cpvv_window"": ""week"", ""factors"": null, ""fee_bp_illiquid"": 5.0, ""fee_bp_liquid"": 1.0, ""funding_weight"": 0.5, ""min_cross_section"": 10, ""min_days_per_week"": 3, ""nprocs"": 1, ""q_top_frac"": 0.2, ""quintile_frac"": 0.2, ""rank_min_periods"": 26, ""rank_window_weeks"": 52, ""ranking_frame"": ""TS"", ""require_continuous_trading"": false, ""require_finite_positive_prices"": true, ""smooth_window_weeks"": 20, ""tskd_diff_order"": ""avg_then_diff"", ""tskd_min_bars_per_side"": 20, ""turnover_cap"": 1.0, ""vol_min_periods"": 13, ""vol_window_weeks"": 26}",0.0883179902090671,347,MON,
2026-08-27T10:42:04.740620+00:00,c7f9c42f15266ede586ebc7de9438298,"{""anchor"": ""MON"", ""avol_lookback_weeks"": 12, ""book_terminal_return"": true, ""book_weighting"": ""risk_parity"", ""clip_forward_return"": 1.0, ""construction"": ""books"", ""cost_multiple"": 16, ""cpvv_min_days_week"": 4, ""cpvv_window"": ""week"", ""factors"": null, ""fee_bp_illiquid"": 5.0, ""fee_bp_liquid"": 1.0, ""funding_weight"": 0.5, ""min_cross_section"": 10, ""min_days_per_week"": 3, ""nprocs"": 1, ""q_top_frac"": 0.2, ""quintile_frac"": 0.2, ""rank_min_periods"": 26, ""rank_window_weeks"": 52, ""ranking_frame"": ""TS"", ""require_continuous_trading"": false, ""require_finite_positive_prices"": true, ""smooth_window_weeks"": 20, ""tskd_diff_order"": ""avg_then_diff"", ""tskd_min_bars_per_side"": 20, ""turnover_cap"": 1.0, ""vol_min_periods"": 13, ""vol_window_weeks"": 26}",0.018201026081351396,347,MON,
2026-08-27T10:42:08.113466+00:00,cf9b2324cbb621139e7d563adc4467bd,"{""anchor"": ""MON"", ""avol_lookback_weeks"": 12, ""book_terminal_return"": true, ""book_weighting"": ""risk_parity"", ""clip_forward_return"": 1.0, ""construction"": ""books"", ""cost_multiple"": 32, ""cpvv_min_days_week"": 4, ""cpvv_window"": ""week"", ""factors"": null, ""fee_bp_illiquid"": 5.0, ""fee_bp_liquid"": 1.0, ""funding_weight"": 0.5, ""min_cross_section"": 10, ""min_days_per_week"": 3, ""nprocs"": 1, ""q_top_frac"": 0.2, ""quintile_frac"": 0.2, ""rank_min_periods"": 26, ""rank_window_weeks"": 52, ""ranking_frame"": ""TS"", ""require_continuous_trading"": false, ""require_finite_positive_prices"": true, ""smooth_window_weeks"": 20, ""tskd_diff_order"": ""avg_then_diff"", ""tskd_min_bars_per_side"": 20, ""turnover_cap"": 1.0, ""vol_min_periods"": 13, ""vol_window_weeks"": 26}",-0.12143353258710383,347,MON,
2026-08-27T10:42:11.519531+00:00,2cea1462174445b552aaed5dea2aa78c,"{""anchor"": ""MON"", ""avol_lookback_weeks"": 12, ""book_terminal_return"": true, ""book_weighting"": ""risk_parity"", ""clip_forward_return"": 1.0, ""construction"": ""books"", ""cost_multiple"": 1, ""cpvv_min_days_week"": 4, ""cpvv_window"": ""week"", ""factors"": null, ""fee_bp_illiquid"": 5.0, ""fee_bp_liquid"": 1.0, ""funding_weight"": 0.5, ""min_cross_section"": 10, ""min_days_per_week"": 3, ""nprocs"": 1, ""q_top_frac"": 0.2, ""quintile_frac"": 0.2, ""rank_min_periods"": 26, ""rank_window_weeks"": 52, ""ranking_frame"": ""TS"", ""require_continuous_trading"": false, ""require_finite_positive_prices"": true, ""smooth_window_weeks"": 20, ""tskd_diff_order"": ""avg_then_diff"", ""tskd_min_bars_per_side"": 20, ""turnover_cap"": 0.5, ""vol_min_periods"": 13, ""vol_window_weeks"": 26}",0.18102780900251647,347,MON,
2026-08-27T10:42:14.863031+00:00,6aec3f414636a72ead70c81d59c1ae20,"{""anchor"": ""MON"", ""avol_lookback_weeks"": 12, ""book_terminal_return"": true, ""book_weighting"": ""risk_parity"", ""clip_forward_return"": 1.0, ""construction"": ""books"", ""cost_multiple"": 2, ""cpvv_min_days_week"": 4, ""cpvv_window"": ""week"", ""factors"": null, ""fee_bp_illiquid"": 5.0, ""fee_bp_liquid"": 1.0, ""funding_weight"": 0.5, ""min_cross_section"": 10, ""min_days_per_week"": 3, ""nprocs"": 1, ""q_top_frac"": 0.2, ""quintile_frac"": 0.2, ""rank_min_periods"": 26, ""rank_window_weeks"": 52, ""ranking_frame"": ""TS"", ""require_continuous_trading"": false, ""require_finite_positive_prices"": true, ""smooth_window_weeks"": 20, ""tskd_diff_order"": ""avg_then_diff"", ""tskd_min_bars_per_side"": 20, ""turnover_cap"": 0.5, ""vol_min_periods"": 13, ""vol_window_weeks"": 26}",0.17568997667875574,347,MON,
2026-08-27T10:42:18.399177+00:00,78095a41fbfd2b0e5f09afb6c34debe4,"{""anchor"": ""MON"", ""avol_lookback_weeks"": 12, ""book_terminal_return"": true, ""book_weighting"": ""risk_parity"", ""clip_forward_return"": 1.0, ""construction"": ""books"", ""cost_multiple"": 4, ""cpvv_min_days_week"": 4, ""cpvv_window"": ""week"", ""factors"": null, ""fee_bp_illiquid"": 5.0, ""fee_bp_liquid"": 1.0, ""funding_weight"": 0.5, ""min_cross_section"": 10, ""min_days_per_week"": 3, ""nprocs"": 1, ""q_top_frac"": 0.2, ""quintile_frac"": 0.2, ""rank_min_periods"": 26, ""rank_window_weeks"": 52, ""ranking_frame"": ""TS"", ""require_continuous_trading"": false, ""require_finite_positive_prices"": true, ""smooth_window_weeks"": 20, ""tskd_diff_order"": ""avg_then_diff"", ""tskd_min_bars_per_side"": 20, ""turnover_cap"": 0.5, ""vol_min_periods"": 13, ""vol_window_weeks"": 26}",0.16500936674634842,347,MON,
2026-08-27T10:42:21.857472+00:00,395090c789a80601064c478bd450eb90,"{""anchor"": ""MON"", ""avol_lookback_weeks"": 12, ""book_terminal_return"": true, ""book_weighting"": ""risk_parity"", ""clip_forward_return"": 1.0, ""construction"": ""books"", ""cost_multiple"": 8, ""cpvv_min_days_week"": 4, ""cpvv_window"": ""week"", ""factors"": null, ""fee_bp_illiquid"": 5.0, ""fee_bp_liquid"": 1.0, ""funding_weight"": 0.5, ""min_cross_section"": 10, ""min_days_per_week"": 3, ""nprocs"": 1, ""q_top_frac"": 0.2, ""quintile_frac"": 0.2, ""rank_min_periods"": 26, ""rank_window_weeks"": 52, ""ranking_frame"": ""TS"", ""require_continuous_trading"": false, ""require_finite_positive_prices"": true, ""smooth_window_weeks"": 20, ""tskd_diff_order"": ""avg_then_diff"", ""tskd_min_bars_per_side"": 20, ""turnover_cap"": 0.5, ""vol_min_periods"": 13, ""vol_window_weeks"": 26}",0.14363068194131112,347,MON,
2026-08-27T10:42:25.415348+00:00,b9b29a1a452845faf972657f15e14f12,"{""anchor"": ""MON"", ""avol_lookback_weeks"": 12, ""book_terminal_return"": true, ""book_weighting"": ""risk_parity"", ""clip_forward_return"": 1.0, ""construction"": ""books"", ""cost_multiple"": 16, ""cpvv_min_days_week"": 4, ""cpvv_window"": ""week"", ""factors"": null, ""fee_bp_illiquid"": 5.0, ""fee_bp_liquid"": 1.0, ""funding_weight"": 0.5, ""min_cross_section"": 10, ""min_days_per_week"": 3, ""nprocs"": 1, ""q_top_frac"": 0.2, ""quintile_frac"": 0.2, ""rank_min_periods"": 26, ""rank_window_weeks"": 52, ""ranking_frame"": ""TS"", ""require_continuous_trading"": false, ""require_finite_positive_prices"": true, ""smooth_window_weeks"": 20, ""tskd_diff_order"": ""avg_then_diff"", ""tskd_min_bars_per_side"": 20, ""turnover_cap"": 0.5, ""vol_min_periods"": 13, ""vol_window_weeks"": 26}",0.10082205512431634,347,MON,
2026-08-27T10:42:28.967682+00:00,463656a4688a86fd1adb49b7874de54d,"{""anchor"": ""MON"", ""avol_lookback_weeks"": 12, ""book_terminal_return"": true, ""book_weighting"": ""risk_parity"", ""clip_forward_return"": 1.0, ""construction"": ""books"", ""cost_multiple"": 32, ""cpvv_min_days_week"": 4, ""cpvv_window"": ""week"", ""factors"": null, ""fee_bp_illiquid"": 5.0, ""fee_bp_liquid"": 1.0, ""funding_weight"": 0.5, ""min_cross_section"": 10, ""min_days_per_week"": 3, ""nprocs"": 1, ""q_top_frac"": 0.2, ""quintile_frac"": 0.2, ""rank_min_periods"": 26, ""rank_window_weeks"": 52, ""ranking_frame"": ""TS"", ""require_continuous_trading"": false, ""require_finite_positive_prices"": true, ""smooth_window_weeks"": 20, ""tskd_diff_order"": ""avg_then_diff"", ""tskd_min_bars_per_side"": 20, ""turnover_cap"": 0.5, ""vol_min_periods"": 13, ""vol_window_weeks"": 26}",0.015149221558605042,347,MON,
2026-08-27T11:10:00.363207+00:00,c1abdc7824b4e88846c8feb4b0e75c44,"{""anchor"": ""MON"", ""avol_lookback_weeks"": 12, ""book_terminal_return"": true, ""book_weighting"": ""risk_parity"", ""clip_forward_return"": null, ""construction"": ""books"", ""cost_multiple"": 1.0, ""cpvv_min_days_week"": 4, ""cpvv_window"": ""week"", ""factors"": null, ""fee_bp_illiquid"": 5.0, ""fee_bp_liquid"": 1.0, ""funding_weight"": 0.5, ""min_cross_section"": 10, ""min_days_per_week"": 3, ""nprocs"": 12, ""q_top_frac"": 0.2, ""quintile_frac"": 0.2, ""rank_min_periods"": 26, ""rank_window_weeks"": 52, ""ranking_frame"": ""TS"", ""require_continuous_trading"": false, ""require_finite_positive_prices"": true, ""smooth_window_weeks"": 20, ""tskd_diff_order"": ""avg_then_diff"", ""tskd_min_bars_per_side"": 20, ""turnover_cap"": 0.5, ""vol_min_periods"": 13, ""vol_window_weeks"": 26}",0.14586915571537412,347,MON,ablation
2026-08-27T11:10:00.549897+00:00,009bbe3601fa94b9cc09125d2403812a,"{""anchor"": ""MON"", ""avol_lookback_weeks"": 12, ""book_terminal_return"": true, ""book_weighting"": ""risk_parity"", ""clip_forward_return"": null, ""construction"": ""books"", ""cost_multiple"": 1.0, ""cpvv_min_days_week"": 4, ""cpvv_window"": ""week"", ""factors"": [""Q"", ""RSJ"", ""OFI"", ""CPVm"", ""CPVv"", ""WRspread"", ""TopChg"", ""Quad"", ""TKU"", ""TSKD""], ""fee_bp_illiquid"": 5.0, ""fee_bp_liquid"": 1.0, ""funding_weight"": 0.5, ""min_cross_section"": 10, ""min_days_per_week"": 3, ""nprocs"": 12, ""q_top_frac"": 0.2, ""quintile_frac"": 0.2, ""rank_min_periods"": 26, ""rank_window_weeks"": 52, ""ranking_frame"": ""TS"", ""require_continuous_trading"": false, ""require_finite_positive_prices"": true, ""smooth_window_weeks"": 20, ""tskd_diff_order"": ""avg_then_diff"", ""tskd_min_bars_per_side"": 20, ""turnover_cap"": 0.5, ""vol_min_periods"": 13, ""vol_window_weeks"": 26}",0.16503878566550584,347,MON,ablation
2026-08-27T11:10:00.714279+00:00,92d578a6547c446bb6facd02d9c80bfa,"{""anchor"": ""MON"", ""avol_lookback_weeks"": 12, ""book_terminal_return"": true, ""book_weighting"": ""risk_parity"", ""clip_forward_return"": null, ""construction"": ""books"", ""cost_multiple"": 1.0, ""cpvv_min_days_week"": 4, ""cpvv_window"": ""week"", ""factors"": [""AVOL"", ""RSJ"", ""OFI"", ""CPVm"", ""CPVv"", ""WRspread"", ""TopChg"", ""Quad"", ""TKU"", ""TSKD""], ""fee_bp_illiquid"": 5.0, ""fee_bp_liquid"": 1.0, ""funding_weight"": 0.5, ""min_cross_section"": 10, ""min_days_per_week"": 3, ""nprocs"": 12, ""q_top_frac"": 0.2, ""quintile_frac"": 0.2, ""rank_min_periods"": 26, ""rank_window_weeks"": 52, ""ranking_frame"": ""TS"", ""require_continuous_trading"": false, ""require_finite_positive_prices"": true, ""smooth_window_weeks"": 20, ""tskd_diff_order"": ""avg_then_diff"", ""tskd_min_bars_per_side"": 20, ""turnover_cap"": 0.5, ""vol_min_periods"": 13, ""vol_window_weeks"": 26}",0.13663014015532046,347,MON,ablation
2026-08-27T11:10:00.890207+00:00,7d570c2ad062cce1fa0a773015915db5,"{""anchor"": ""MON"", ""avol_lookback_weeks"": 12, ""book_terminal_return"": true, ""book_weighting"": ""risk_parity"", ""clip_forward_return"": null, ""construction"": ""books"", ""cost_multiple"": 1.0, ""cpvv_min_days_week"": 4, ""cpvv_window"": ""week"", ""factors"": [""AVOL"", ""Q"", ""OFI"", ""CPVm"", ""CPVv"", ""WRspread"", ""TopChg"", ""Quad"", ""TKU"", ""TSKD""], ""fee_bp_illiquid"": 5.0, ""fee_bp_liquid"": 1.0, ""funding_weight"": 0.5, ""min_cross_section"": 10, ""min_days_per_week"": 3, ""nprocs"": 12, ""q_top_frac"": 0.2, ""quintile_frac"": 0.2, ""rank_min_periods"": 26, ""rank_window_weeks"": 52, ""ranking_frame"": ""TS"", ""require_continuous_trading"": false, ""require_finite_positive_prices"": true, ""smooth_window_weeks"": 20, ""tskd_diff_order"": ""avg_then_diff"", ""tskd_min_bars_per_side"": 20, ""turnover_cap"": 0.5, ""vol_min_periods"": 13, ""vol_window_weeks"": 26}",0.15067283612057317,347,MON,ablation
2026-08-27T11:10:01.025872+00:00,fb1be2970994fe8c35fd78b587330a3d,"{""anchor"": ""MON"", ""avol_lookback_weeks"": 12, ""book_terminal_return"": true, ""book_weighting"": ""risk_parity"", ""clip_forward_return"": null, ""construction"": ""books"", ""cost_multiple"": 1.0, ""cpvv_min_days_week"": 4, ""cpvv_window"": ""week"", ""factors"": [""AVOL"", ""Q"", ""RSJ"", ""CPVm"", ""CPVv"", ""WRspread"", ""TopChg"", ""Quad"", ""TKU"", ""TSKD""], ""fee_bp_illiquid"": 5.0, ""fee_bp_liquid"": 1.0, ""funding_weight"": 0.5, ""min_cross_section"": 10, ""min_days_per_week"": 3, ""nprocs"": 12, ""q_top_frac"": 0.2, ""quintile_frac"": 0.2, ""rank_min_periods"": 26, ""rank_window_weeks"": 52, ""ranking_frame"": ""TS"", ""require_continuous_trading"": false, ""require_finite_positive_prices"": true, ""smooth_window_weeks"": 20, ""tskd_diff_order"": ""avg_then_diff"", ""tskd_min_bars_per_side"": 20, ""turnover_cap"": 0.5, ""vol_min_periods"": 13, ""vol_window_weeks"": 26}",0.13256313249070178,347,MON,ablation
2026-08-27T11:10:01.071514+00:00,ffd0553dbfe4d46806efb1860e9922c1,"{""anchor"": ""MON"", ""avol_lookback_weeks"": 12, ""book_terminal_return"": true, ""book_weighting"": ""risk_parity"", ""clip_forward_return"": null, ""construction"": ""books"", ""cost_multiple"": 1.0, ""cpvv_min_days_week"": 4, ""cpvv_window"": ""week"", ""factors"": [""AVOL"", ""Q"", ""RSJ"", ""OFI"", ""CPVv"", ""WRspread"", ""TopChg"", ""Quad"", ""TKU"", ""TSKD""], ""fee_bp_illiquid"": 5.0, ""fee_bp_liquid"": 1.0, ""funding_weight"": 0.5, ""min_cross_section"": 10, ""min_days_per_week"": 3, ""nprocs"": 12, ""q_top_frac"": 0.2, ""quintile_frac"": 0.2, ""rank_min_periods"": 26, ""rank_window_weeks"": 52, ""ranking_frame"": ""TS"", ""require_continuous_trading"": false, ""require_finite_positive_prices"": true, ""smooth_window_weeks"": 20, ""tskd_diff_order"": ""avg_then_diff"", ""tskd_min_bars_per_side"": 20, ""turnover_cap"": 0.5, ""vol_min_periods"": 13, ""vol_window_weeks"": 26}",0.14139347287711626,347,MON,ablation
2026-08-27T11:10:01.072498+00:00,2b333c7dab1635c92da10bb58c52eb7c,"{""anchor"": ""MON"", ""avol_lookback_weeks"": 12, ""book_terminal_return"": true, ""book_weighting"": ""risk_parity"", ""clip_forward_return"": null, ""construction"": ""books"", ""cost_multiple"": 1.0, ""cpvv_min_days_week"": 4, ""cpvv_window"": ""week"", ""factors"": [""AVOL"", ""Q"", ""RSJ"", ""OFI"", ""CPVm"", ""WRspread"", ""TopChg"", ""Quad"", ""TKU"", ""TSKD""], ""fee_bp_illiquid"": 5.0, ""fee_bp_liquid"": 1.0, ""funding_weight"": 0.5, ""min_cross_section"": 10, ""min_days_per_week"": 3, ""nprocs"": 12, ""q_top_frac"": 0.2, ""quintile_frac"": 0.2, ""rank_min_periods"": 26, ""rank_window_weeks"": 52, ""ranking_frame"": ""TS"", ""require_continuous_trading"": false, ""require_finite_positive_prices"": true, ""smooth_window_weeks"": 20, ""tskd_diff_order"": ""avg_then_diff"", ""tskd_min_bars_per_side"": 20, ""turnover_cap"": 0.5, ""vol_min_periods"": 13, ""vol_window_weeks"": 26}",0.12459162732714861,347,MON,ablation
2026-08-27T11:10:01.073402+00:00,711a90488e18a43c27fddceb771a7eff,"{""anchor"": ""MON"", ""avol_lookback_weeks"": 12, ""book_terminal_return"": true, ""book_weighting"": ""risk_parity"", ""clip_forward_return"": null, ""construction"": ""books"", ""cost_multiple"": 1.0, ""cpvv_min_days_week"": 4, ""cpvv_window"": ""week"", ""factors"": [""AVOL"", ""Q"", ""RSJ"", ""OFI"", ""CPVm"", ""CPVv"", ""TopChg"", ""Quad"", ""TKU"", ""TSKD""], ""fee_bp_illiquid"": 5.0, ""fee_bp_liquid"": 1.0, ""funding_weight"": 0.5, ""min_cross_section"": 10, ""min_days_per_week"": 3, ""nprocs"": 12, ""q_top_frac"": 0.2, ""quintile_frac"": 0.2, ""rank_min_periods"": 26, ""rank_window_weeks"": 52, ""ranking_frame"": ""TS"", ""require_continuous_trading"": false, ""require_finite_positive_prices"": true, ""smooth_window_weeks"": 20, ""tskd_diff_order"": ""avg_then_diff"", ""tskd_min_bars_per_side"": 20, ""turnover_cap"": 0.5, ""vol_min_periods"": 13, ""vol_window_weeks"": 26}",0.14586915571537412,347,MON,ablation
2026-08-27T11:10:01.074222+00:00,a2a7d419d3dfcdbe4f68062d23277f52,"{""anchor"": ""MON"", ""avol_lookback_weeks"": 12, ""book_terminal_return"": true, ""book_weighting"": ""risk_parity"", ""clip_forward_return"": null, ""construction"": ""books"", ""cost_multiple"": 1.0, ""cpvv_min_days_week"": 4, ""cpvv_window"": ""week"", ""factors"": [""AVOL"", ""Q"", ""RSJ"", ""OFI"", ""CPVm"", ""CPVv"", ""WRspread"", ""Quad"", ""TKU"", ""TSKD""], ""fee_bp_illiquid"": 5.0, ""fee_bp_liquid"": 1.0, ""funding_weight"": 0.5, ""min_cross_section"": 10, ""min_days_per_week"": 3, ""nprocs"": 12, ""q_top_frac"": 0.2, ""quintile_frac"": 0.2, ""rank_min_periods"": 26, ""rank_window_weeks"": 52, ""ranking_frame"": ""TS"", ""require_continuous_trading"": false, ""require_finite_positive_prices"": true, ""smooth_window_weeks"": 20, ""tskd_diff_order"": ""avg_then_diff"", ""tskd_min_bars_per_side"": 20, ""turnover_cap"": 0.5, ""vol_min_periods"": 13, ""vol_window_weeks"": 26}",0.14586915571537412,347,MON,ablation
2026-08-27T11:10:01.075063+00:00,6828ed3f126fa1e6c8128d2f71aab302,"{""anchor"": ""MON"", ""avol_lookback_weeks"": 12, ""book_terminal_return"": true, ""book_weighting"": ""risk_parity"", ""clip_forward_return"": null, ""construction"": ""books"", ""cost_multiple"": 1.0, ""cpvv_min_days_week"": 4, ""cpvv_window"": ""week"", ""factors"": [""AVOL"", ""Q"", ""RSJ"", ""OFI"", ""CPVm"", ""CPVv"", ""WRspread"", ""TopChg"", ""TKU"", ""TSKD""], ""fee_bp_illiquid"": 5.0, ""fee_bp_liquid"": 1.0, ""funding_weight"": 0.5, ""min_cross_section"": 10, ""min_days_per_week"": 3, ""nprocs"": 12, ""q_top_frac"": 0.2, ""quintile_frac"": 0.2, ""rank_min_periods"": 26, ""rank_window_weeks"": 52, ""ranking_frame"": ""TS"", ""require_continuous_trading"": false, ""require_finite_positive_prices"": true, ""smooth_window_weeks"": 20, ""tskd_diff_order"": ""avg_then_diff"", ""tskd_min_bars_per_side"": 20, ""turnover_cap"": 0.5, ""vol_min_periods"": 13, ""vol_window_weeks"": 26}",0.14586915571537412,347,MON,ablation
2026-08-27T11:10:01.075914+00:00,d141780ea8f3b33efb6c09771cfd2e2d,"{""anchor"": ""MON"", ""avol_lookback_weeks"": 12, ""book_terminal_return"": true, ""book_weighting"": ""risk_parity"", ""clip_forward_return"": null, ""construction"": ""books"", ""cost_multiple"": 1.0, ""cpvv_min_days_week"": 4, ""cpvv_window"": ""week"", ""factors"": [""AVOL"", ""Q"", ""RSJ"", ""OFI"", ""CPVm"", ""CPVv"", ""WRspread"", ""TopChg"", ""Quad"", ""TSKD""], ""fee_bp_illiquid"": 5.0, ""fee_bp_liquid"": 1.0, ""funding_weight"": 0.5, ""min_cross_section"": 10, ""min_days_per_week"": 3, ""nprocs"": 12, ""q_top_frac"": 0.2, ""quintile_frac"": 0.2, ""rank_min_periods"": 26, ""rank_window_weeks"": 52, ""ranking_frame"": ""TS"", ""require_continuous_trading"": false, ""require_finite_positive_prices"": true, ""smooth_window_weeks"": 20, ""tskd_diff_order"": ""avg_then_diff"", ""tskd_min_bars_per_side"": 20, ""turnover_cap"": 0.5, ""vol_min_periods"": 13, ""vol_window_weeks"": 26}",0.14484048039007577,347,MON,ablation
2026-08-27T11:10:01.076856+00:00,3b4970663b2c912806c27cff9f18d795,"{""anchor"": ""MON"", ""avol_lookback_weeks"": 12, ""book_terminal_return"": true, ""book_weighting"": ""risk_parity"", ""clip_forward_return"": null, ""construction"": ""books"", ""cost_multiple"": 1.0, ""cpvv_min_days_week"": 4, ""cpvv_window"": ""week"", ""factors"": [""AVOL"", ""Q"", ""RSJ"", ""OFI"", ""CPVm"", ""CPVv"", ""WRspread"", ""TopChg"", ""Quad"", ""TKU""], ""fee_bp_illiquid"": 5.0, ""fee_bp_liquid"": 1.0, ""funding_weight"": 0.5, ""min_cross_section"": 10, ""min_days_per_week"": 3, ""nprocs"": 12, ""q_top_frac"": 0.2, ""quintile_frac"": 0.2, ""rank_min_periods"": 26, ""rank_window_weeks"": 52, ""ranking_frame"": ""TS"", ""require_continuous_trading"": false, ""require_finite_positive_prices"": true, ""smooth_window_weeks"": 20, ""tskd_diff_order"": ""avg_then_diff"", ""tskd_min_bars_per_side"": 20, ""turnover_cap"": 0.5, ""vol_min_periods"": 13, ""vol_window_weeks"": 26}",0.1534327569507964,347,MON,ablation
2026-08-27T11:11:50.539255+00:00,c1abdc7824b4e88846c8feb4b0e75c44,"{""anchor"": ""MON"", ""avol_lookback_weeks"": 12, ""book_terminal_return"": true, ""book_weighting"": ""risk_parity"", ""clip_forward_return"": null, ""construction"": ""books"", ""cost_multiple"": 1.0, ""cpvv_min_days_week"": 4, ""cpvv_window"": ""week"", ""factors"": null, ""fee_bp_illiquid"": 5.0, ""fee_bp_liquid"": 1.0, ""funding_weight"": 0.5, ""min_cross_section"": 10, ""min_days_per_week"": 3, ""nprocs"": 12, ""q_top_frac"": 0.2, ""quintile_frac"": 0.2, ""rank_min_periods"": 26, ""rank_window_weeks"": 52, ""ranking_frame"": ""TS"", ""require_continuous_trading"": false, ""require_finite_positive_prices"": true, ""smooth_window_weeks"": 20, ""tskd_diff_order"": ""avg_then_diff"", ""tskd_min_bars_per_side"": 20, ""turnover_cap"": 0.5, ""vol_min_periods"": 13, ""vol_window_weeks"": 26}",0.20702970406047408,104,MON,walkforward_fold0
2026-08-27T11:11:53.656952+00:00,009bbe3601fa94b9cc09125d2403812a,"{""anchor"": ""MON"", ""avol_lookback_weeks"": 12, ""book_terminal_return"": true, ""book_weighting"": ""risk_parity"", ""clip_forward_return"": null, ""construction"": ""books"", ""cost_multiple"": 1.0, ""cpvv_min_days_week"": 4, ""cpvv_window"": ""week"", ""factors"": [""Q"", ""RSJ"", ""OFI"", ""CPVm"", ""CPVv"", ""WRspread"", ""TopChg"", ""Quad"", ""TKU"", ""TSKD""], ""fee_bp_illiquid"": 5.0, ""fee_bp_liquid"": 1.0, ""funding_weight"": 0.5, ""min_cross_section"": 10, ""min_days_per_week"": 3, ""nprocs"": 12, ""q_top_frac"": 0.2, ""quintile_frac"": 0.2, ""rank_min_periods"": 26, ""rank_window_weeks"": 52, ""ranking_frame"": ""TS"", ""require_continuous_trading"": false, ""require_finite_positive_prices"": true, ""smooth_window_weeks"": 20, ""tskd_diff_order"": ""avg_then_diff"", ""tskd_min_bars_per_side"": 20, ""turnover_cap"": 0.5, ""vol_min_periods"": 13, ""vol_window_weeks"": 26}",0.24164075622900588,104,MON,walkforward_fold0
2026-08-27T11:11:56.957123+00:00,92d578a6547c446bb6facd02d9c80bfa,"{""anchor"": ""MON"", ""avol_lookback_weeks"": 12, ""book_terminal_return"": true, ""book_weighting"": ""risk_parity"", ""clip_forward_return"": null, ""construction"": ""books"", ""cost_multiple"": 1.0, ""cpvv_min_days_week"": 4, ""cpvv_window"": ""week"", ""factors"": [""AVOL"", ""RSJ"", ""OFI"", ""CPVm"", ""CPVv"", ""WRspread"", ""TopChg"", ""Quad"", ""TKU"", ""TSKD""], ""fee_bp_illiquid"": 5.0, ""fee_bp_liquid"": 1.0, ""funding_weight"": 0.5, ""min_cross_section"": 10, ""min_days_per_week"": 3, ""nprocs"": 12, ""q_top_frac"": 0.2, ""quintile_frac"": 0.2, ""rank_min_periods"": 26, ""rank_window_weeks"": 52, ""ranking_frame"": ""TS"", ""require_continuous_trading"": false, ""require_finite_positive_prices"": true, ""smooth_window_weeks"": 20, ""tskd_diff_order"": ""avg_then_diff"", ""tskd_min_bars_per_side"": 20, ""turnover_cap"": 0.5, ""vol_min_periods"": 13, ""vol_window_weeks"": 26}",0.1922839076688404,104,MON,walkforward_fold0
2026-08-27T11:12:00.089525+00:00,7d570c2ad062cce1fa0a773015915db5,"{""anchor"": ""MON"", ""avol_lookback_weeks"": 12, ""book_terminal_return"": true, ""book_weighting"": ""risk_parity"", ""clip_forward_return"": null, ""construction"": ""books"", ""cost_multiple"": 1.0, ""cpvv_min_days_week"": 4, ""cpvv_window"": ""week"", ""factors"": [""AVOL"", ""Q"", ""OFI"", ""CPVm"", ""CPVv"", ""WRspread"", ""TopChg"", ""Quad"", ""TKU"", ""TSKD""], ""fee_bp_illiquid"": 5.0, ""fee_bp_liquid"": 1.0, ""funding_weight"": 0.5, ""min_cross_section"": 10, ""min_days_per_week"": 3, ""nprocs"": 12, ""q_top_frac"": 0.2, ""quintile_frac"": 0.2, ""rank_min_periods"": 26, ""rank_window_weeks"": 52, ""ranking_frame"": ""TS"", ""require_continuous_trading"": false, ""require_finite_positive_prices"": true, ""smooth_window_weeks"": 20, ""tskd_diff_order"": ""avg_then_diff"", ""tskd_min_bars_per_side"": 20, ""turnover_cap"": 0.5, ""vol_min_periods"": 13, ""vol_window_weeks"": 26}",0.207787579133212,104,MON,walkforward_fold0
2026-08-27T11:12:03.193858+00:00,fb1be2970994fe8c35fd78b587330a3d,"{""anchor"": ""MON"", ""avol_lookback_weeks"": 12, ""book_terminal_return"": true, ""book_weighting"": ""risk_parity"", ""clip_forward_return"": null, ""construction"": ""books"", ""cost_multiple"": 1.0, ""cpvv_min_days_week"": 4, ""cpvv_window"": ""week"", ""factors"": [""AVOL"", ""Q"", ""RSJ"", ""CPVm"", ""CPVv"", ""WRspread"", ""TopChg"", ""Quad"", ""TKU"", ""TSKD""], ""fee_bp_illiquid"": 5.0, ""fee_bp_liquid"": 1.0, ""funding_weight"": 0.5, ""min_cross_section"": 10, ""min_days_per_week"": 3, ""nprocs"": 12, ""q_top_frac"": 0.2, ""quintile_frac"": 0.2, ""rank_min_periods"": 26, ""rank_window_weeks"": 52, ""ranking_frame"": ""TS"", ""require_continuous_trading"": false, ""require_finite_positive_prices"": true, ""smooth_window_weeks"": 20, ""tskd_diff_order"": ""avg_then_diff"", ""tskd_min_bars_per_side"": 20, ""turnover_cap"": 0.5, ""vol_min_periods"": 13, ""vol_window_weeks"": 26}",0.1868334070393611,104,MON,walkforward_fold0
2026-08-27T11:12:06.427689+00:00,ffd0553dbfe4d46806efb1860e9922c1,"{""anchor"": ""MON"", ""avol_lookback_weeks"": 12, ""book_terminal_return"": true, ""book_weighting"": ""risk_parity"", ""clip_forward_return"": null, ""construction"": ""books"", ""cost_multiple"": 1.0, ""cpvv_min_days_week"": 4, ""cpvv_window"": ""week"", ""factors"": [""AVOL"", ""Q"", ""RSJ"", ""OFI"", ""CPVv"", ""WRspread"", ""TopChg"", ""Quad"", ""TKU"", ""TSKD""], ""fee_bp_illiquid"": 5.0, ""fee_bp_liquid"": 1.0, ""funding_weight"": 0.5, ""min_cross_section"": 10, ""min_days_per_week"": 3, ""nprocs"": 12, ""q_top_frac"": 0.2, ""quintile_frac"": 0.2, ""rank_min_periods"": 26, ""rank_window_weeks"": 52, ""ranking_frame"": ""TS"", ""require_continuous_trading"": false, ""require_finite_positive_prices"": true, ""smooth_window_weeks"": 20, ""tskd_diff_order"": ""avg_then_diff"", ""tskd_min_bars_per_side"": 20, ""turnover_cap"": 0.5, ""vol_min_periods"": 13, ""vol_window_weeks"": 26}",0.20529489124228292,104,MON,walkforward_fold0
2026-08-27T11:12:09.587333+00:00,2b333c7dab1635c92da10bb58c52eb7c,"{""anchor"": ""MON"", ""avol_lookback_weeks"": 12, ""book_terminal_return"": true, ""book_weighting"": ""risk_parity"", ""clip_forward_return"": null, ""construction"": ""books"", ""cost_multiple"": 1.0, ""cpvv_min_days_week"": 4, ""cpvv_window"": ""week"", ""factors"": [""AVOL"", ""Q"", ""RSJ"", ""OFI"", ""CPVm"", ""WRspread"", ""TopChg"", ""Quad"", ""TKU"", ""TSKD""], ""fee_bp_illiquid"": 5.0, ""fee_bp_liquid"": 1.0, ""funding_weight"": 0.5, ""min_cross_section"": 10, ""min_days_per_week"": 3, ""nprocs"": 12, ""q_top_frac"": 0.2, ""quintile_frac"": 0.2, ""rank_min_periods"": 26, ""rank_window_weeks"": 52, ""ranking_frame"": ""TS"", ""require_continuous_trading"": false, ""require_finite_positive_prices"": true, ""smooth_window_weeks"": 20, ""tskd_diff_order"": ""avg_then_diff"", ""tskd_min_bars_per_side"": 20, ""turnover_cap"": 0.5, ""vol_min_periods"": 13, ""vol_window_weeks"": 26}",0.17667980344182152,104,MON,walkforward_fold0
2026-08-27T11:12:12.546006+00:00,711a90488e18a43c27fddceb771a7eff,"{""anchor"": ""MON"", ""avol_lookback_weeks"": 12, ""book_terminal_return"": true, ""book_weighting"": ""risk_parity"", ""clip_forward_return"": null, ""construction"": ""books"", ""cost_multiple"": 1.0, ""cpvv_min_days_week"": 4, ""cpvv_window"": ""week"", ""factors"": [""AVOL"", ""Q"", ""RSJ"", ""OFI"", ""CPVm"", ""CPVv"", ""TopChg"", ""Quad"", ""TKU"", ""TSKD""], ""fee_bp_illiquid"": 5.0, ""fee_bp_liquid"": 1.0, ""funding_weight"": 0.5, ""min_cross_section"": 10, ""min_days_per_week"": 3, ""nprocs"": 12, ""q_top_frac"": 0.2, ""quintile_frac"": 0.2, ""rank_min_periods"": 26, ""rank_window_weeks"": 52, ""ranking_frame"": ""TS"", ""require_continuous_trading"": false, ""require_finite_positive_prices"": true, ""smooth_window_weeks"": 20, ""tskd_diff_order"": ""avg_then_diff"", ""tskd_min_bars_per_side"": 20, ""turnover_cap"": 0.5, ""vol_min_periods"": 13, ""vol_window_weeks"": 26}",0.20702970406047408,104,MON,walkforward_fold0
2026-08-27T11:12:15.978616+00:00,a2a7d419d3dfcdbe4f68062d23277f52,"{""anchor"": ""MON"", ""avol_lookback_weeks"": 12, ""book_terminal_return"": true, ""book_weighting"": ""risk_parity"", ""clip_forward_return"": null, ""construction"": ""books"", ""cost_multiple"": 1.0, ""cpvv_min_days_week"": 4, ""cpvv_window"": ""week"", ""factors"": [""AVOL"", ""Q"", ""RSJ"", ""OFI"", ""CPVm"", ""CPVv"", ""WRspread"", ""Quad"", ""TKU"", ""TSKD""], ""fee_bp_illiquid"": 5.0, ""fee_bp_liquid"": 1.0, ""funding_weight"": 0.5, ""min_cross_section"": 10, ""min_days_per_week"": 3, ""nprocs"": 12, ""q_top_frac"": 0.2, ""quintile_frac"": 0.2, ""rank_min_periods"": 26, ""rank_window_weeks"": 52, ""ranking_frame"": ""TS"", ""require_continuous_trading"": false, ""require_finite_positive_prices"": true, ""smooth_window_weeks"": 20, ""tskd_diff_order"": ""avg_then_diff"", ""tskd_min_bars_per_side"": 20, ""turnover_cap"": 0.5, ""vol_min_periods"": 13, ""vol_window_weeks"": 26}",0.20702970406047408,104,MON,walkforward_fold0
2026-08-27T11:12:19.340503+00:00,6828ed3f126fa1e6c8128d2f71aab302,"{""anchor"": ""MON"", ""avol_lookback_weeks"": 12, ""book_terminal_return"": true, ""book_weighting"": ""risk_parity"", ""clip_forward_return"": null, ""construction"": ""books"", ""cost_multiple"": 1.0, ""cpvv_min_days_week"": 4, ""cpvv_window"": ""week"", ""factors"": [""AVOL"", ""Q"", ""RSJ"", ""OFI"", ""CPVm"", ""CPVv"", ""WRspread"", ""TopChg"", ""TKU"", ""TSKD""], ""fee_bp_illiquid"": 5.0, ""fee_bp_liquid"": 1.0, ""funding_weight"": 0.5, ""min_cross_section"": 10, ""min_days_per_week"": 3, ""nprocs"": 12, ""q_top_frac"": 0.2, ""quintile_frac"": 0.2, ""rank_min_periods"": 26, ""rank_window_weeks"": 52, ""ranking_frame"": ""TS"", ""require_continuous_trading"": false, ""require_finite_positive_prices"": true, ""smooth_window_weeks"": 20, ""tskd_diff_order"": ""avg_then_diff"", ""tskd_min_bars_per_side"": 20, ""turnover_cap"": 0.5, ""vol_min_periods"": 13, ""vol_window_weeks"": 26}",0.20702970406047408,104,MON,walkforward_fold0
2026-08-27T11:12:22.741358+00:00,d141780ea8f3b33efb6c09771cfd2e2d,"{""anchor"": ""MON"", ""avol_lookback_weeks"": 12, ""book_terminal_return"": true, ""book_weighting"": ""risk_parity"", ""clip_forward_return"": null, ""construction"": ""books"", ""cost_multiple"": 1.0, ""cpvv_min_days_week"": 4, ""cpvv_window"": ""week"", ""factors"": [""AVOL"", ""Q"", ""RSJ"", ""OFI"", ""CPVm"", ""CPVv"", ""WRspread"", ""TopChg"", ""Quad"", ""TSKD""], ""fee_bp_illiquid"": 5.0, ""fee_bp_liquid"": 1.0, ""funding_weight"": 0.5, ""min_cross_section"": 10, ""min_days_per_week"": 3, ""nprocs"": 12, ""q_top_frac"": 0.2, ""quintile_frac"": 0.2, ""rank_min_periods"": 26, ""rank_window_weeks"": 52, ""ranking_frame"": ""TS"", ""require_continuous_trading"": false, ""require_finite_positive_prices"": true, ""smooth_window_weeks"": 20, ""tskd_diff_order"": ""avg_then_diff"", ""tskd_min_bars_per_side"": 20, ""turnover_cap"": 0.5, ""vol_min_periods"": 13, ""vol_window_weeks"": 26}",0.19980068905392875,104,MON,walkforward_fold0
2026-08-27T11:12:26.028180+00:00,3b4970663b2c912806c27cff9f18d795,"{""anchor"": ""MON"", ""avol_lookback_weeks"": 12, ""book_terminal_return"": true, ""book_weighting"": ""risk_parity"", ""clip_forward_return"": null, ""construction"": ""books"", ""cost_multiple"": 1.0, ""cpvv_min_days_week"": 4, ""cpvv_window"": ""week"", ""factors"": [""AVOL"", ""Q"", ""RSJ"", ""OFI"", ""CPVm"", ""CPVv"", ""WRspread"", ""TopChg"", ""Quad"", ""TKU""], ""fee_bp_illiquid"": 5.0, ""fee_bp_liquid"": 1.0, ""funding_weight"": 0.5, ""min_cross_section"": 10, ""min_days_per_week"": 3, ""nprocs"": 12, ""q_top_frac"": 0.2, ""quintile_frac"": 0.2, ""rank_min_periods"": 26, ""rank_window_weeks"": 52, ""ranking_frame"": ""TS"", ""require_continuous_trading"": false, ""require_finite_positive_prices"": true, ""smooth_window_weeks"": 20, ""tskd_diff_order"": ""avg_then_diff"", ""tskd_min_bars_per_side"": 20, ""turnover_cap"": 0.5, ""vol_min_periods"": 13, ""vol_window_weeks"": 26}",0.22107616066684,104,MON,walkforward_fold0
2026-08-27T11:12:32.880163+00:00,c1abdc7824b4e88846c8feb4b0e75c44,"{""anchor"": ""MON"", ""avol_lookback_weeks"": 12, ""book_terminal_return"": true, ""book_weighting"": ""risk_parity"", ""clip_forward_return"": null, ""construction"": ""books"", ""cost_multiple"": 1.0, ""cpvv_min_days_week"": 4, ""cpvv_window"": ""week"", ""factors"": null, ""fee_bp_illiquid"": 5.0, ""fee_bp_liquid"": 1.0, ""funding_weight"": 0.5, ""min_cross_section"": 10, ""min_days_per_week"": 3, ""nprocs"": 12, ""q_top_frac"": 0.2, ""quintile_frac"": 0.2, ""rank_min_periods"": 26, ""rank_window_weeks"": 52, ""ranking_frame"": ""TS"", ""require_continuous_trading"": false, ""require_finite_positive_prices"": true, ""smooth_window_weeks"": 20, ""tskd_diff_order"": ""avg_then_diff"", ""tskd_min_bars_per_side"": 20, ""turnover_cap"": 0.5, ""vol_min_periods"": 13, ""vol_window_weeks"": 26}",0.260965850900005,104,MON,walkforward_fold1
2026-08-27T11:12:36.108449+00:00,009bbe3601fa94b9cc09125d2403812a,"{""anchor"": ""MON"", ""avol_lookback_weeks"": 12, ""book_terminal_return"": true, ""book_weighting"": ""risk_parity"", ""clip_forward_return"": null, ""construction"": ""books"", ""cost_multiple"": 1.0, ""cpvv_min_days_week"": 4, ""cpvv_window"": ""week"", ""factors"": [""Q"", ""RSJ"", ""OFI"", ""CPVm"", ""CPVv"", ""WRspread"", ""TopChg"", ""Quad"", ""TKU"", ""TSKD""], ""fee_bp_illiquid"": 5.0, ""fee_bp_liquid"": 1.0, ""funding_weight"": 0.5, ""min_cross_section"": 10, ""min_days_per_week"": 3, ""nprocs"": 12, ""q_top_frac"": 0.2, ""quintile_frac"": 0.2, ""rank_min_periods"": 26, ""rank_window_weeks"": 52, ""ranking_frame"": ""TS"", ""require_continuous_trading"": false, ""require_finite_positive_prices"": true, ""smooth_window_weeks"": 20, ""tskd_diff_order"": ""avg_then_diff"", ""tskd_min_bars_per_side"": 20, ""turnover_cap"": 0.5, ""vol_min_periods"": 13, ""vol_window_weeks"": 26}",0.29818800522002487,104,MON,walkforward_fold1
2026-08-27T11:12:39.123196+00:00,92d578a6547c446bb6facd02d9c80bfa,"{""anchor"": ""MON"", ""avol_lookback_weeks"": 12, ""book_terminal_return"": true, ""book_weighting"": ""risk_parity"", ""clip_forward_return"": null, ""construction"": ""books"", ""cost_multiple"": 1.0, ""cpvv_min_days_week"": 4, ""cpvv_window"": ""week"", ""factors"": [""AVOL"", ""RSJ"", ""OFI"", ""CPVm"", ""CPVv"", ""WRspread"", ""TopChg"", ""Quad"", ""TKU"", ""TSKD""], ""fee_bp_illiquid"": 5.0, ""fee_bp_liquid"": 1.0, ""funding_weight"": 0.5, ""min_cross_section"": 10, ""min_days_per_week"": 3, ""nprocs"": 12, ""q_top_frac"": 0.2, ""quintile_frac"": 0.2, ""rank_min_periods"": 26, ""rank_window_weeks"": 52, ""ranking_frame"": ""TS"", ""require_continuous_trading"": false, ""require_finite_positive_prices"": true, ""smooth_window_weeks"": 20, ""tskd_diff_order"": ""avg_then_diff"", ""tskd_min_bars_per_side"": 20, ""turnover_cap"": 0.5, ""vol_min_periods"": 13, ""vol_window_weeks"": 26}",0.251170044177252,104,MON,walkforward_fold1
2026-08-27T11:12:42.480282+00:00,7d570c2ad062cce1fa0a773015915db5,"{""anchor"": ""MON"", ""avol_lookback_weeks"": 12, ""book_terminal_return"": true, ""book_weighting"": ""risk_parity"", ""clip_forward_return"": null, ""construction"": ""books"", ""cost_multiple"": 1.0, ""cpvv_min_days_week"": 4, ""cpvv_window"": ""week"", ""factors"": [""AVOL"", ""Q"", ""OFI"", ""CPVm"", ""CPVv"", ""WRspread"", ""TopChg"", ""Quad"", ""TKU"", ""TSKD""], ""fee_bp_illiquid"": 5.0, ""fee_bp_liquid"": 1.0, ""funding_weight"": 0.5, ""min_cross_section"": 10, ""min_days_per_week"": 3, ""nprocs"": 12, ""q_top_frac"": 0.2, ""quintile_frac"": 0.2, ""rank_min_periods"": 26, ""rank_window_weeks"": 52, ""ranking_frame"": ""TS"", ""require_continuous_trading"": false, ""require_finite_positive_prices"": true, ""smooth_window_weeks"": 20, ""tskd_diff_order"": ""avg_then_diff"", ""tskd_min_bars_per_side"": 20, ""turnover_cap"": 0.5, ""vol_min_periods"": 13, ""vol_window_weeks"": 26}",0.2598812420506486,104,MON,walkforward_fold1
2026-08-27T11:12:45.926706+00:00,fb1be2970994fe8c35fd78b587330a3d,"{""anchor"": ""MON"", ""avol_lookback_weeks"": 12, ""book_terminal_return"": true, ""book_weighting"": ""risk_parity"", ""clip_forward_return"": null, ""construction"": ""books"", ""cost_multiple"": 1.0, ""cpvv_min_days_week"": 4, ""cpvv_window"": ""week"", ""factors"": [""AVOL"", ""Q"", ""RSJ"", ""CPVm"", ""CPVv"", ""WRspread"", ""TopChg"", ""Quad"", ""TKU"", ""TSKD""], ""fee_bp_illiquid"": 5.0, ""fee_bp_liquid"": 1.0, ""funding_weight"": 0.5, ""min_cross_section"": 10, ""min_days_per_week"": 3, ""nprocs"": 12, ""q_top_frac"": 0.2, ""quintile_frac"": 0.2, ""rank_min_periods"": 26, ""rank_window_weeks"": 52, ""ranking_frame"": ""TS"", ""require_continuous_trading"": false, ""require_finite_positive_prices"": true, ""smooth_window_weeks"": 20, ""tskd_diff_order"": ""avg_then_diff"", ""tskd_min_bars_per_side"": 20, ""turnover_cap"": 0.5, ""vol_min_periods"": 13, ""vol_window_weeks"": 26}",0.2443846771785015,104,MON,walkforward_fold1
2026-08-27T11:12:49.274656+00:00,ffd0553dbfe4d46806efb1860e9922c1,"{""anchor"": ""MON"", ""avol_lookback_weeks"": 12, ""book_terminal_return"": true, ""book_weighting"": ""risk_parity"", ""clip_forward_return"": null, ""construction"": ""books"", ""cost_multiple"": 1.0, ""cpvv_min_days_week"": 4, ""cpvv_window"": ""week"", ""factors"": [""AVOL"", ""Q"", ""RSJ"", ""OFI"", ""CPVv"", ""WRspread"", ""TopChg"", ""Quad"", ""TKU"", ""TSKD""], ""fee_bp_illiquid"": 5.0, ""fee_bp_liquid"": 1.0, ""funding_weight"": 0.5, ""min_cross_section"": 10, ""min_days_per_week"": 3, ""nprocs"": 12, ""q_top_frac"": 0.2, ""quintile_frac"": 0.2, ""rank_min_periods"": 26, ""rank_window_weeks"": 52, ""ranking_frame"": ""TS"", ""require_continuous_trading"": false, ""require_finite_positive_prices"": true, ""smooth_window_weeks"": 20, ""tskd_diff_order"": ""avg_then_diff"", ""tskd_min_bars_per_side"": 20, ""turnover_cap"": 0.5, ""vol_min_periods"": 13, ""vol_window_weeks"": 26}",0.25407179182956047,104,MON,walkforward_fold1
2026-08-27T11:12:52.609282+00:00,2b333c7dab1635c92da10bb58c52eb7c,"{""anchor"": ""MON"", ""avol_lookback_weeks"": 12, ""book_terminal_return"": true, ""book_weighting"": ""risk_parity"", ""clip_forward_return"": null, ""construction"": ""books"", ""cost_multiple"": 1.0, ""cpvv_min_days_week"": 4, ""cpvv_window"": ""week"", ""factors"": [""AVOL"", ""Q"", ""RSJ"", ""OFI"", ""CPVm"", ""WRspread"", ""TopChg"", ""Quad"", ""TKU"", ""TSKD""], ""fee_bp_illiquid"": 5.0, ""fee_bp_liquid"": 1.0, ""funding_weight"": 0.5, ""min_cross_section"": 10, ""min_days_per_week"": 3, ""nprocs"": 12, ""q_top_frac"": 0.2, ""quintile_frac"": 0.2, ""rank_min_periods"": 26, ""rank_window_weeks"": 52, ""ranking_frame"": ""TS"", ""require_continuous_trading"": false, ""require_finite_positive_prices"": true, ""smooth_window_weeks"": 20, ""tskd_diff_order"": ""avg_then_diff"", ""tskd_min_bars_per_side"": 20, ""turnover_cap"": 0.5, ""vol_min_periods"": 13, ""vol_window_weeks"": 26}",0.21380531396079047,104,MON,walkforward_fold1
2026-08-27T11:12:56.020359+00:00,711a90488e18a43c27fddceb771a7eff,"{""anchor"": ""MON"", ""avol_lookback_weeks"": 12, ""book_terminal_return"": true, ""book_weighting"": ""risk_parity"", ""clip_forward_return"": null, ""construction"": ""books"", ""cost_multiple"": 1.0, ""cpvv_min_days_week"": 4, ""cpvv_window"": ""week"", ""factors"": [""AVOL"", ""Q"", ""RSJ"", ""OFI"", ""CPVm"", ""CPVv"", ""TopChg"", ""Quad"", ""TKU"", ""TSKD""], ""fee_bp_illiquid"": 5.0, ""fee_bp_liquid"": 1.0, ""funding_weight"": 0.5, ""min_cross_section"": 10, ""min_days_per_week"": 3, ""nprocs"": 12, ""q_top_frac"": 0.2, ""quintile_frac"": 0.2, ""rank_min_periods"": 26, ""rank_window_weeks"": 52, ""ranking_frame"": ""TS"", ""require_continuous_trading"": false, ""require_finite_positive_prices"": true, ""smooth_window_weeks"": 20, ""tskd_diff_order"": ""avg_then_diff"", ""tskd_min_bars_per_side"": 20, ""turnover_cap"": 0.5, ""vol_min_periods"": 13, ""vol_window_weeks"": 26}",0.260965850900005,104,MON,walkforward_fold1
2026-08-27T11:12:59.343271+00:00,a2a7d419d3dfcdbe4f68062d23277f52,"{""anchor"": ""MON"", ""avol_lookback_weeks"": 12, ""book_terminal_return"": true, ""book_weighting"": ""risk_parity"", ""clip_forward_return"": null, ""construction"": ""books"", ""cost_multiple"": 1.0, ""cpvv_min_days_week"": 4, ""cpvv_window"": ""week"", ""factors"": [""AVOL"", ""Q"", ""RSJ"", ""OFI"", ""CPVm"", ""CPVv"", ""WRspread"", ""Quad"", ""TKU"", ""TSKD""], ""fee_bp_illiquid"": 5.0, ""fee_bp_liquid"": 1.0, ""funding_weight"": 0.5, ""min_cross_section"": 10, ""min_days_per_week"": 3, ""nprocs"": 12, ""q_top_frac"": 0.2, ""quintile_frac"": 0.2, ""rank_min_periods"": 26, ""rank_window_weeks"": 52, ""ranking_frame"": ""TS"", ""require_continuous_trading"": false, ""require_finite_positive_prices"": true, ""smooth_window_weeks"": 20, ""tskd_diff_order"": ""avg_then_diff"", ""tskd_min_bars_per_side"": 20, ""turnover_cap"": 0.5, ""vol_min_periods"": 13, ""vol_window_weeks"": 26}",0.260965850900005,104,MON,walkforward_fold1
2026-08-27T11:13:02.530207+00:00,6828ed3f126fa1e6c8128d2f71aab302,"{""anchor"": ""MON"", ""avol_lookback_weeks"": 12, ""book_terminal_return"": true, ""book_weighting"": ""risk_parity"", ""clip_forward_return"": null, ""construction"": ""books"", ""cost_multiple"": 1.0, ""cpvv_min_days_week"": 4, ""cpvv_window"": ""week"", ""factors"": [""AVOL"", ""Q"", ""RSJ"", ""OFI"", ""CPVm"", ""CPVv"", ""WRspread"", ""TopChg"", ""TKU"", ""TSKD""], ""fee_bp_illiquid"": 5.0, ""fee_bp_liquid"": 1.0, ""funding_weight"": 0.5, ""min_cross_section"": 10, ""min_days_per_week"": 3, ""nprocs"": 12, ""q_top_frac"": 0.2, ""quintile_frac"": 0.2, ""rank_min_periods"": 26, ""rank_window_weeks"": 52, ""ranking_frame"": ""TS"", ""require_continuous_trading"": false, ""require_finite_positive_prices"": true, ""smooth_window_weeks"": 20, ""tskd_diff_order"": ""avg_then_diff"", ""tskd_min_bars_per_side"": 20, ""turnover_cap"": 0.5, ""vol_min_periods"": 13, ""vol_window_weeks"": 26}",0.260965850900005,104,MON,walkforward_fold1
2026-08-27T11:13:05.990775+00:00,d141780ea8f3b33efb6c09771cfd2e2d,"{""anchor"": ""MON"", ""avol_lookback_weeks"": 12, ""book_terminal_return"": true, ""book_weighting"": ""risk_parity"", ""clip_forward_return"": null, ""construction"": ""books"", ""cost_multiple"": 1.0, ""cpvv_min_days_week"": 4, ""cpvv_window"": ""week"", ""factors"": [""AVOL"", ""Q"", ""RSJ"", ""OFI"", ""CPVm"", ""CPVv"", ""WRspread"", ""TopChg"", ""Quad"", ""TSKD""], ""fee_bp_illiquid"": 5.0, ""fee_bp_liquid"": 1.0, ""funding_weight"": 0.5, ""min_cross_section"": 10, ""min_days_per_week"": 3, ""nprocs"": 12, ""q_top_frac"": 0.2, ""quintile_frac"": 0.2, ""rank_min_periods"": 26, ""rank_window_weeks"": 52, ""ranking_frame"": ""TS"", ""require_continuous_trading"": false, ""require_finite_positive_prices"": true, ""smooth_window_weeks"": 20, ""tskd_diff_order"": ""avg_then_diff"", ""tskd_min_bars_per_side"": 20, ""turnover_cap"": 0.5, ""vol_min_periods"": 13, ""vol_window_weeks"": 26}",0.25778032463490597,104,MON,walkforward_fold1
2026-08-27T11:13:09.401240+00:00,3b4970663b2c912806c27cff9f18d795,"{""anchor"": ""MON"", ""avol_lookback_weeks"": 12, ""book_terminal_return"": true, ""book_weighting"": ""risk_parity"", ""clip_forward_return"": null, ""construction"": ""books"", ""cost_multiple"": 1.0, ""cpvv_min_days_week"": 4, ""cpvv_window"": ""week"", ""factors"": [""AVOL"", ""Q"", ""RSJ"", ""OFI"", ""CPVm"", ""CPVv"", ""WRspread"", ""TopChg"", ""Quad"", ""TKU""], ""fee_bp_illiquid"": 5.0, ""fee_bp_liquid"": 1.0, ""funding_weight"": 0.5, ""min_cross_section"": 10, ""min_days_per_week"": 3, ""nprocs"": 12, ""q_top_frac"": 0.2, ""quintile_frac"": 0.2, ""rank_min_periods"": 26, ""rank_window_weeks"": 52, ""ranking_frame"": ""TS"", ""require_continuous_trading"": false, ""require_finite_positive_prices"": true, ""smooth_window_weeks"": 20, ""tskd_diff_order"": ""avg_then_diff"", ""tskd_min_bars_per_side"": 20, ""turnover_cap"": 0.5, ""vol_min_periods"": 13, ""vol_window_weeks"": 26}",0.27324550005220255,104,MON,walkforward_fold1
2026-08-27T11:13:15.994476+00:00,c1abdc7824b4e88846c8feb4b0e75c44,"{""anchor"": ""MON"", ""avol_lookback_weeks"": 12, ""book_terminal_return"": true, ""book_weighting"": ""risk_parity"", ""clip_forward_return"": null, ""construction"": ""books"", ""cost_multiple"": 1.0, ""cpvv_min_days_week"": 4, ""cpvv_window"": ""week"", ""factors"": null, ""fee_bp_illiquid"": 5.0, ""fee_bp_liquid"": 1.0, ""funding_weight"": 0.5, ""min_cross_section"": 10, ""min_days_per_week"": 3, ""nprocs"": 12, ""q_top_frac"": 0.2, ""quintile_frac"": 0.2, ""rank_min_periods"": 26, ""rank_window_weeks"": 52, ""ranking_frame"": ""TS"", ""require_continuous_trading"": false, ""require_finite_positive_prices"": true, ""smooth_window_weeks"": 20, ""tskd_diff_order"": ""avg_then_diff"", ""tskd_min_bars_per_side"": 20, ""turnover_cap"": 0.5, ""vol_min_periods"": 13, ""vol_window_weeks"": 26}",0.2954019114504934,104,MON,walkforward_fold2
2026-08-27T11:13:19.444516+00:00,009bbe3601fa94b9cc09125d2403812a,"{""anchor"": ""MON"", ""avol_lookback_weeks"": 12, ""book_terminal_return"": true, ""book_weighting"": ""risk_parity"", ""clip_forward_return"": null, ""construction"": ""books"", ""cost_multiple"": 1.0, ""cpvv_min_days_week"": 4, ""cpvv_window"": ""week"", ""factors"": [""Q"", ""RSJ"", ""OFI"", ""CPVm"", ""CPVv"", ""WRspread"", ""TopChg"", ""Quad"", ""TKU"", ""TSKD""], ""fee_bp_illiquid"": 5.0, ""fee_bp_liquid"": 1.0, ""funding_weight"": 0.5, ""min_cross_section"": 10, ""min_days_per_week"": 3, ""nprocs"": 12, ""q_top_frac"": 0.2, ""quintile_frac"": 0.2, ""rank_min_periods"": 26, ""rank_window_weeks"": 52, ""ranking_frame"": ""TS"", ""require_continuous_trading"": false, ""require_finite_positive_prices"": true, ""smooth_window_weeks"": 20, ""tskd_diff_order"": ""avg_then_diff"", ""tskd_min_bars_per_side"": 20, ""turnover_cap"": 0.5, ""vol_min_periods"": 13, ""vol_window_weeks"": 26}",0.34011359359069854,104,MON,walkforward_fold2
2026-08-27T11:13:22.946054+00:00,92d578a6547c446bb6facd02d9c80bfa,"{""anchor"": ""MON"", ""avol_lookback_weeks"": 12, ""book_terminal_return"": true, ""book_weighting"": ""risk_parity"", ""clip_forward_return"": null, ""construction"": ""books"", ""cost_multiple"": 1.0, ""cpvv_min_days_week"": 4, ""cpvv_window"": ""week"", ""factors"": [""AVOL"", ""RSJ"", ""OFI"", ""CPVm"", ""CPVv"", ""WRspread"", ""TopChg"", ""Quad"", ""TKU"", ""TSKD""], ""fee_bp_illiquid"": 5.0, ""fee_bp_liquid"": 1.0, ""funding_weight"": 0.5, ""min_cross_section"": 10, ""min_days_per_week"": 3, ""nprocs"": 12, ""q_top_frac"": 0.2, ""quintile_frac"": 0.2, ""rank_min_periods"": 26, ""rank_window_weeks"": 52, ""ranking_frame"": ""TS"", ""require_continuous_trading"": false, ""require_finite_positive_prices"": true, ""smooth_window_weeks"": 20, ""tskd_diff_order"": ""avg_then_diff"", ""tskd_min_bars_per_side"": 20, ""turnover_cap"": 0.5, ""vol_min_periods"": 13, ""vol_window_weeks"": 26}",0.28188998279533406,104,MON,walkforward_fold2
2026-08-27T11:13:26.451360+00:00,7d570c2ad062cce1fa0a773015915db5,"{""anchor"": ""MON"", ""avol_lookback_weeks"": 12, ""book_terminal_return"": true, ""book_weighting"": ""risk_parity"", ""clip_forward_return"": null, ""construction"": ""books"", ""cost_multiple"": 1.0, ""cpvv_min_days_week"": 4, ""cpvv_window"": ""week"", ""factors"": [""AVOL"", ""Q"", ""OFI"", ""CPVm"", ""CPVv"", ""WRspread"", ""TopChg"", ""Quad"", ""TKU"", ""TSKD""], ""fee_bp_illiquid"": 5.0, ""fee_bp_liquid"": 1.0, ""funding_weight"": 0.5, ""min_cross_section"": 10, ""min_days_per_week"": 3, ""nprocs"": 12, ""q_top_frac"": 0.2, ""quintile_frac"": 0.2, ""rank_min_periods"": 26, ""rank_window_weeks"": 52, ""ranking_frame"": ""TS"", ""require_continuous_trading"": false, ""require_finite_positive_prices"": true, ""smooth_window_weeks"": 20, ""tskd_diff_order"": ""avg_then_diff"", ""tskd_min_bars_per_side"": 20, ""turnover_cap"": 0.5, ""vol_min_periods"": 13, ""vol_window_weeks"": 26}",0.2915714831340723,104,MON,walkforward_fold2
2026-08-27T11:13:30.018702+00:00,fb1be2970994fe8c35fd78b587330a3d,"{""anchor"": ""MON"", ""avol_lookback_weeks"": 12, ""book_terminal_return"": true, ""book_weighting"": ""risk_parity"", ""clip_forward_return"": null, ""construction"": ""books"", ""cost_multiple"": 1.0, ""cpvv_min_days_week"": 4, ""cpvv_window"": ""week"", ""factors"": [""AVOL"", ""Q"", ""RSJ"", ""CPVm"", ""CPVv"", ""WRspread"", ""TopChg"", ""Quad"", ""TKU"", ""TSKD""], ""fee_bp_illiquid"": 5.0, ""fee_bp_liquid"": 1.0, ""funding_weight"": 0.5, ""min_cross_section"": 10, ""min_days_per_week"": 3, ""nprocs"": 12, ""q_top_frac"": 0.2, ""quintile_frac"": 0.2, ""rank_min_periods"": 26, ""rank_window_weeks"": 52, ""ranking_frame"": ""TS"", ""require_continuous_trading"": false, ""require_finite_positive_prices"": true, ""smooth_window_weeks"": 20, ""tskd_diff_order"": ""avg_then_diff"", ""tskd_min_bars_per_side"": 20, ""turnover_cap"": 0.5, ""vol_min_periods"": 13, ""vol_window_weeks"": 26}",0.2828458910799375,104,MON,walkforward_fold2
2026-08-27T11:13:33.553024+00:00,ffd0553dbfe4d46806efb1860e9922c1,"{""anchor"": ""MON"", ""avol_lookback_weeks"": 12, ""book_terminal_return"": true, ""book_weighting"": ""risk_parity"", ""clip_forward_return"": null, ""construction"": ""books"", ""cost_multiple"": 1.0, ""cpvv_min_days_week"": 4, ""cpvv_window"": ""week"", ""factors"": [""AVOL"", ""Q"", ""RSJ"", ""OFI"", ""CPVv"", ""WRspread"", ""TopChg"", ""Quad"", ""TKU"", ""TSKD""], ""fee_bp_illiquid"": 5.0, ""fee_bp_liquid"": 1.0, ""funding_weight"": 0.5, ""min_cross_section"": 10, ""min_days_per_week"": 3, ""nprocs"": 12, ""q_top_frac"": 0.2, ""quintile_frac"": 0.2, ""rank_min_periods"": 26, ""rank_window_weeks"": 52, ""ranking_frame"": ""TS"", ""require_continuous_trading"": false, ""require_finite_positive_prices"": true, ""smooth_window_weeks"": 20, ""tskd_diff_order"": ""avg_then_diff"", ""tskd_min_bars_per_side"": 20, ""turnover_cap"": 0.5, ""vol_min_periods"": 13, ""vol_window_weeks"": 26}",0.27664151603096626,104,MON,walkforward_fold2
2026-08-27T11:13:36.878619+00:00,2b333c7dab1635c92da10bb58c52eb7c,"{""anchor"": ""MON"", ""avol_lookback_weeks"": 12, ""book_terminal_return"": true, ""book_weighting"": ""risk_parity"", ""clip_forward_return"": null, ""construction"": ""books"", ""cost_multiple"": 1.0, ""cpvv_min_days_week"": 4, ""cpvv_window"": ""week"", ""factors"": [""AVOL"", ""Q"", ""RSJ"", ""OFI"", ""CPVm"", ""WRspread"", ""TopChg"", ""Quad"", ""TKU"", ""TSKD""], ""fee_bp_illiquid"": 5.0, ""fee_bp_liquid"": 1.0, ""funding_weight"": 0.5, ""min_cross_section"": 10, ""min_days_per_week"": 3, ""nprocs"": 12, ""q_top_frac"": 0.2, ""quintile_frac"": 0.2, ""rank_min_periods"": 26, ""rank_window_weeks"": 52, ""ranking_frame"": ""TS"", ""require_continuous_trading"": false, ""require_finite_positive_prices"": true, ""smooth_window_weeks"": 20, ""tskd_diff_order"": ""avg_then_diff"", ""tskd_min_bars_per_side"": 20, ""turnover_cap"": 0.5, ""vol_min_periods"": 13, ""vol_window_weeks"": 26}",0.25451558949385483,104,MON,walkforward_fold2
2026-08-27T11:13:40.414043+00:00,711a90488e18a43c27fddceb771a7eff,"{""anchor"": ""MON"", ""avol_lookback_weeks"": 12, ""book_terminal_return"": true, ""book_weighting"": ""risk_parity"", ""clip_forward_return"": null, ""construction"": ""books"", ""cost_multiple"": 1.0, ""cpvv_min_days_week"": 4, ""cpvv_window"": ""week"", ""factors"": [""AVOL"", ""Q"", ""RSJ"", ""OFI"", ""CPVm"", ""CPVv"", ""TopChg"", ""Quad"", ""TKU"", ""TSKD""], ""fee_bp_illiquid"": 5.0, ""fee_bp_liquid"": 1.0, ""funding_weight"": 0.5, ""min_cross_section"": 10, ""min_days_per_week"": 3, ""nprocs"": 12, ""q_top_frac"": 0.2, ""quintile_frac"": 0.2, ""rank_min_periods"": 26, ""rank_window_weeks"": 52, ""ranking_frame"": ""TS"", ""require_continuous_trading"": false, ""require_finite_positive_prices"": true, ""smooth_window_weeks"": 20, ""tskd_diff_order"": ""avg_then_diff"", ""tskd_min_bars_per_side"": 20, ""turnover_cap"": 0.5, ""vol_min_periods"": 13, ""vol_window_weeks"": 26}",0.2954019114504934,104,MON,walkforward_fold2
2026-08-27T11:13:43.953238+00:00,a2a7d419d3dfcdbe4f68062d23277f52,"{""anchor"": ""MON"", ""avol_lookback_weeks"": 12, ""book_terminal_return"": true, ""book_weighting"": ""risk_parity"", ""clip_forward_return"": null, ""construction"": ""books"", ""cost_multiple"": 1.0, ""cpvv_min_days_week"": 4, ""cpvv_window"": ""week"", ""factors"": [""AVOL"", ""Q"", ""RSJ"", ""OFI"", ""CPVm"", ""CPVv"", ""WRspread"", ""Quad"", ""TKU"", ""TSKD""], ""fee_bp_illiquid"": 5.0, ""fee_bp_liquid"": 1.0, ""funding_weight"": 0.5, ""min_cross_section"": 10, ""min_days_per_week"": 3, ""nprocs"": 12, ""q_top_frac"": 0.2, ""quintile_frac"": 0.2, ""rank_min_periods"": 26, ""rank_window_weeks"": 52, ""ranking_frame"": ""TS"", ""require_continuous_trading"": false, ""require_finite_positive_prices"": true, ""smooth_window_weeks"": 20, ""tskd_diff_order"": ""avg_then_diff"", ""tskd_min_bars_per_side"": 20, ""turnover_cap"": 0.5, ""vol_min_periods"": 13, ""vol_window_weeks"": 26}",0.2954019114504934,104,MON,walkforward_fold2
2026-08-27T11:13:47.426226+00:00,6828ed3f126fa1e6c8128d2f71aab302,"{""anchor"": ""MON"", ""avol_lookback_weeks"": 12, ""book_terminal_return"": true, ""book_weighting"": ""risk_parity"", ""clip_forward_return"": null, ""construction"": ""books"", ""cost_multiple"": 1.0, ""cpvv_min_days_week"": 4, ""cpvv_window"": ""week"", ""factors"": [""AVOL"", ""Q"", ""RSJ"", ""OFI"", ""CPVm"", ""CPVv"", ""WRspread"", ""TopChg"", ""TKU"", ""TSKD""], ""fee_bp_illiquid"": 5.0, ""fee_bp_liquid"": 1.0, ""funding_weight"": 0.5, ""min_cross_section"": 10, ""min_days_per_week"": 3, ""nprocs"": 12, ""q_top_frac"": 0.2, ""quintile_frac"": 0.2, ""rank_min_periods"": 26, ""rank_window_weeks"": 52, ""ranking_frame"": ""TS"", ""require_continuous_trading"": false, ""require_finite_positive_prices"": true, ""smooth_window_weeks"": 20, ""tskd_diff_order"": ""avg_then_diff"", ""tskd_min_bars_per_side"": 20, ""turnover_cap"": 0.5, ""vol_min_periods"": 13, ""vol_window_weeks"": 26}",0.2954019114504934,104,MON,walkforward_fold2
2026-08-27T11:13:50.632172+00:00,d141780ea8f3b33efb6c09771cfd2e2d,"{""anchor"": ""MON"", ""avol_lookback_weeks"": 12, ""book_terminal_return"": true, ""book_weighting"": ""risk_parity"", ""clip_forward_return"": null, ""construction"": ""books"", ""cost_multiple"": 1.0, ""cpvv_min_days_week"": 4, ""cpvv_window"": ""week"", ""factors"": [""AVOL"", ""Q"", ""RSJ"", ""OFI"", ""CPVm"", ""CPVv"", ""WRspread"", ""TopChg"", ""Quad"", ""TSKD""], ""fee_bp_illiquid"": 5.0, ""fee_bp_liquid"": 1.0, ""funding_weight"": 0.5, ""min_cross_section"": 10, ""min_days_per_week"": 3, ""nprocs"": 12, ""q_top_frac"": 0.2, ""quintile_frac"": 0.2, ""rank_min_periods"": 26, ""rank_window_weeks"": 52, ""ranking_frame"": ""TS"", ""require_continuous_trading"": false, ""require_finite_positive_prices"": true, ""smooth_window_weeks"": 20, ""tskd_diff_order"": ""avg_then_diff"", ""tskd_min_bars_per_side"": 20, ""turnover_cap"": 0.5, ""vol_min_periods"": 13, ""vol_window_weeks"": 26}",0.2877933218006328,104,MON,walkforward_fold2
2026-08-27T11:13:53.952342+00:00,3b4970663b2c912806c27cff9f18d795,"{""anchor"": ""MON"", ""avol_lookback_weeks"": 12, ""book_terminal_return"": true, ""book_weighting"": ""risk_parity"", ""clip_forward_return"": null, ""construction"": ""books"", ""cost_multiple"": 1.0, ""cpvv_min_days_week"": 4, ""cpvv_window"": ""week"", ""factors"": [""AVOL"", ""Q"", ""RSJ"", ""OFI"", ""CPVm"", ""CPVv"", ""WRspread"", ""TopChg"", ""Quad"", ""TKU""], ""fee_bp_illiquid"": 5.0, ""fee_bp_liquid"": 1.0, ""funding_weight"": 0.5, ""min_cross_section"": 10, ""min_days_per_week"": 3, ""nprocs"": 12, ""q_top_frac"": 0.2, ""quintile_frac"": 0.2, ""rank_min_periods"": 26, ""rank_window_weeks"": 52, ""ranking_frame"": ""TS"", ""require_continuous_trading"": false, ""require_finite_positive_prices"": true, ""smooth_window_weeks"": 20, ""tskd_diff_order"": ""avg_then_diff"", ""tskd_min_bars_per_side"": 20, ""turnover_cap"": 0.5, ""vol_min_periods"": 13, ""vol_window_weeks"": 26}",0.3047978483441542,104,MON,walkforward_fold2
2026-08-27T11:14:00.709946+00:00,c1abdc7824b4e88846c8feb4b0e75c44,"{""anchor"": ""MON"", ""avol_lookback_weeks"": 12, ""book_terminal_return"": true, ""book_weighting"": ""risk_parity"", ""clip_forward_return"": null, ""construction"": ""books"", ""cost_multiple"": 1.0, ""cpvv_min_days_week"": 4, ""cpvv_window"": ""week"", ""factors"": null, ""fee_bp_illiquid"": 5.0, ""fee_bp_liquid"": 1.0, ""funding_weight"": 0.5, ""min_cross_section"": 10, ""min_days_per_week"": 3, ""nprocs"": 12, ""q_top_frac"": 0.2, ""quintile_frac"": 0.2, ""rank_min_periods"": 26, ""rank_window_weeks"": 52, ""ranking_frame"": ""TS"", ""require_continuous_trading"": false, ""require_finite_positive_prices"": true, ""smooth_window_weeks"": 20, ""tskd_diff_order"": ""avg_then_diff"", ""tskd_min_bars_per_side"": 20, ""turnover_cap"": 0.5, ""vol_min_periods"": 13, ""vol_window_weeks"": 26}",0.16683087356471366,104,MON,walkforward_fold3
2026-08-27T11:14:04.028264+00:00,009bbe3601fa94b9cc09125d2403812a,"{""anchor"": ""MON"", ""avol_lookback_weeks"": 12, ""book_terminal_return"": true, ""book_weighting"": ""risk_parity"", ""clip_forward_return"": null, ""construction"": ""books"", ""cost_multiple"": 1.0, ""cpvv_min_days_week"": 4, ""cpvv_window"": ""week"", ""factors"": [""Q"", ""RSJ"", ""OFI"", ""CPVm"", ""CPVv"", ""WRspread"", ""TopChg"", ""Quad"", ""TKU"", ""TSKD""], ""fee_bp_illiquid"": 5.0, ""fee_bp_liquid"": 1.0, ""funding_weight"": 0.5, ""min_cross_section"": 10, ""min_days_per_week"": 3, ""nprocs"": 12, ""q_top_frac"": 0.2, ""quintile_frac"": 0.2, ""rank_min_periods"": 26, ""rank_window_weeks"": 52, ""ranking_frame"": ""TS"", ""require_continuous_trading"": false, ""require_finite_positive_prices"": true, ""smooth_window_weeks"": 20, ""tskd_diff_order"": ""avg_then_diff"", ""tskd_min_bars_per_side"": 20, ""turnover_cap"": 0.5, ""vol_min_periods"": 13, ""vol_window_weeks"": 26}",0.20425041557656723,104,MON,walkforward_fold3
2026-08-27T11:14:07.119912+00:00,92d578a6547c446bb6facd02d9c80bfa,"{""anchor"": ""MON"", ""avol_lookback_weeks"": 12, ""book_terminal_return"": true, ""book_weighting"": ""risk_parity"", ""clip_forward_return"": null, ""construction"": ""books"", ""cost_multiple"": 1.0, ""cpvv_min_days_week"": 4, ""cpvv_window"": ""week"", ""factors"": [""AVOL"", ""RSJ"", ""OFI"", ""CPVm"", ""CPVv"", ""WRspread"", ""TopChg"", ""Quad"", ""TKU"", ""TSKD""], ""fee_bp_illiquid"": 5.0, ""fee_bp_liquid"": 1.0, ""funding_weight"": 0.5, ""min_cross_section"": 10, ""min_days_per_week"": 3, ""nprocs"": 12, ""q_top_frac"": 0.2, ""quintile_frac"": 0.2, ""rank_min_periods"": 26, ""rank_window_weeks"": 52, ""ranking_frame"": ""TS"", ""require_continuous_trading"": false, ""require_finite_positive_prices"": true, ""smooth_window_weeks"": 20, ""tskd_diff_order"": ""avg_then_diff"", ""tskd_min_bars_per_side"": 20, ""turnover_cap"": 0.5, ""vol_min_periods"": 13, ""vol_window_weeks"": 26}",0.14704123036344882,104,MON,walkforward_fold3
2026-08-27T11:14:10.332762+00:00,7d570c2ad062cce1fa0a773015915db5,"{""anchor"": ""MON"", ""avol_lookback_weeks"": 12, ""book_terminal_return"": true, ""book_weighting"": ""risk_parity"", ""clip_forward_return"": null, ""construction"": ""books"", ""cost_multiple"": 1.0, ""cpvv_min_days_week"": 4, ""cpvv_window"": ""week"", ""factors"": [""AVOL"", ""Q"", ""OFI"", ""CPVm"", ""CPVv"", ""WRspread"", ""TopChg"", ""Quad"", ""TKU"", ""TSKD""], ""fee_bp_illiquid"": 5.0, ""fee_bp_liquid"": 1.0, ""funding_weight"": 0.5, ""min_cross_section"": 10, ""min_days_per_week"": 3, ""nprocs"": 12, ""q_top_frac"": 0.2, ""quintile_frac"": 0.2, ""rank_min_periods"": 26, ""rank_window_weeks"": 52, ""ranking_frame"": ""TS"", ""require_continuous_trading"": false, ""require_finite_positive_prices"": true, ""smooth_window_weeks"": 20, ""tskd_diff_order"": ""avg_then_diff"", ""tskd_min_bars_per_side"": 20, ""turnover_cap"": 0.5, ""vol_min_periods"": 13, ""vol_window_weeks"": 26}",0.14826652313417094,104,MON,walkforward_fold3
2026-08-27T11:14:13.552918+00:00,fb1be2970994fe8c35fd78b587330a3d,"{""anchor"": ""MON"", ""avol_lookback_weeks"": 12, ""book_terminal_return"": true, ""book_weighting"": ""risk_parity"", ""clip_forward_return"": null, ""construction"": ""books"", ""cost_multiple"": 1.0, ""cpvv_min_days_week"": 4, ""cpvv_window"": ""week"", ""factors"": [""AVOL"", ""Q"", ""RSJ"", ""CPVm"", ""CPVv"", ""WRspread"", ""TopChg"", ""Quad"", ""TKU"", ""TSKD""], ""fee_bp_illiquid"": 5.0, ""fee_bp_liquid"": 1.0, ""funding_weight"": 0.5, ""min_cross_section"": 10, ""min_days_per_week"": 3, ""nprocs"": 12, ""q_top_frac"": 0.2, ""quintile_frac"": 0.2, ""rank_min_periods"": 26, ""rank_window_weeks"": 52, ""ranking_frame"": ""TS"", ""require_continuous_trading"": false, ""require_finite_positive_prices"": true, ""smooth_window_weeks"": 20, ""tskd_diff_order"": ""avg_then_diff"", ""tskd_min_bars_per_side"": 20, ""turnover_cap"": 0.5, ""vol_min_periods"": 13, ""vol_window_weeks"": 26}",0.16302656182567501,104,MON,walkforward_fold3
2026-08-27T11:14:16.817540+00:00,ffd0553dbfe4d46806efb1860e9922c1,"{""anchor"": ""MON"", ""avol_lookback_weeks"": 12, ""book_terminal_return"": true, ""book_weighting"": ""risk_parity"", ""clip_forward_return"": null, ""construction"": ""books"", ""cost_multiple"": 1.0, ""cpvv_min_days_week"": 4, ""cpvv_window"": ""week"", ""factors"": [""AVOL"", ""Q"", ""RSJ"", ""OFI"", ""CPVv"", ""WRspread"", ""TopChg"", ""Quad"", ""TKU"", ""TSKD""], ""fee_bp_illiquid"": 5.0, ""fee_bp_liquid"": 1.0, ""funding_weight"": 0.5, ""min_cross_section"": 10, ""min_days_per_week"": 3, ""nprocs"": 12, ""q_top_frac"": 0.2, ""quintile_frac"": 0.2, ""rank_min_periods"": 26, ""rank_window_weeks"": 52, ""ranking_frame"": ""TS"", ""require_continuous_trading"": false, ""require_finite_positive_prices"": true, ""smooth_window_weeks"": 20, ""tskd_diff_order"": ""avg_then_diff"", ""tskd_min_bars_per_side"": 20, ""turnover_cap"": 0.5, ""vol_min_periods"": 13, ""vol_window_weeks"": 26}",0.1401869495914837,104,MON,walkforward_fold3
2026-08-27T11:14:20.196546+00:00,2b333c7dab1635c92da10bb58c52eb7c,"{""anchor"": ""MON"", ""avol_lookback_weeks"": 12, ""book_terminal_return"": true, ""book_weighting"": ""risk_parity"", ""clip_forward_return"": null, ""construction"": ""books"", ""cost_multiple"": 1.0, ""cpvv_min_days_week"": 4, ""cpvv_window"": ""week"", ""factors"": [""AVOL"", ""Q"", ""RSJ"", ""OFI"", ""CPVm"", ""WRspread"", ""TopChg"", ""Quad"", ""TKU"", ""TSKD""], ""fee_bp_illiquid"": 5.0, ""fee_bp_liquid"": 1.0, ""funding_weight"": 0.5, ""min_cross_section"": 10, ""min_days_per_week"": 3, ""nprocs"": 12, ""q_top_frac"": 0.2, ""quintile_frac"": 0.2, ""rank_min_periods"": 26, ""rank_window_weeks"": 52, ""ranking_frame"": ""TS"", ""require_continuous_trading"": false, ""require_finite_positive_prices"": true, ""smooth_window_weeks"": 20, ""tskd_diff_order"": ""avg_then_diff"", ""tskd_min_bars_per_side"": 20, ""turnover_cap"": 0.5, ""vol_min_periods"": 13, ""vol_window_weeks"": 26}",0.15021687940200207,104,MON,walkforward_fold3
2026-08-27T11:14:23.807002+00:00,711a90488e18a43c27fddceb771a7eff,"{""anchor"": ""MON"", ""avol_lookback_weeks"": 12, ""book_terminal_return"": true, ""book_weighting"": ""risk_parity"", ""clip_forward_return"": null, ""construction"": ""books"", ""cost_multiple"": 1.0, ""cpvv_min_days_week"": 4, ""cpvv_window"": ""week"", ""factors"": [""AVOL"", ""Q"", ""RSJ"", ""OFI"", ""CPVm"", ""CPVv"", ""TopChg"", ""Quad"", ""TKU"", ""TSKD""], ""fee_bp_illiquid"": 5.0, ""fee_bp_liquid"": 1.0, ""funding_weight"": 0.5, ""min_cross_section"": 10, ""min_days_per_week"": 3, ""nprocs"": 12, ""q_top_frac"": 0.2, ""quintile_frac"": 0.2, ""rank_min_periods"": 26, ""rank_window_weeks"": 52, ""ranking_frame"": ""TS"", ""require_continuous_trading"": false, ""require_finite_positive_prices"": true, ""smooth_window_weeks"": 20, ""tskd_diff_order"": ""avg_then_diff"", ""tskd_min_bars_per_side"": 20, ""turnover_cap"": 0.5, ""vol_min_periods"": 13, ""vol_window_weeks"": 26}",0.16683087356471366,104,MON,walkforward_fold3
2026-08-27T11:14:27.326731+00:00,a2a7d419d3dfcdbe4f68062d23277f52,"{""anchor"": ""MON"", ""avol_lookback_weeks"": 12, ""book_terminal_return"": true, ""book_weighting"": ""risk_parity"", ""clip_forward_return"": null, ""construction"": ""books"", ""cost_multiple"": 1.0, ""cpvv_min_days_week"": 4, ""cpvv_window"": ""week"", ""factors"": [""AVOL"", ""Q"", ""RSJ"", ""OFI"", ""CPVm"", ""CPVv"", ""WRspread"", ""Quad"", ""TKU"", ""TSKD""], ""fee_bp_illiquid"": 5.0, ""fee_bp_liquid"": 1.0, ""funding_weight"": 0.5, ""min_cross_section"": 10, ""min_days_per_week"": 3, ""nprocs"": 12, ""q_top_frac"": 0.2, ""quintile_frac"": 0.2, ""rank_min_periods"": 26, ""rank_window_weeks"": 52, ""ranking_frame"": ""TS"", ""require_continuous_trading"": false, ""require_finite_positive_prices"": true, ""smooth_window_weeks"": 20, ""tskd_diff_order"": ""avg_then_diff"", ""tskd_min_bars_per_side"": 20, ""turnover_cap"": 0.5, ""vol_min_periods"": 13, ""vol_window_weeks"": 26}",0.16683087356471366,104,MON,walkforward_fold3
2026-08-27T11:14:30.693605+00:00,6828ed3f126fa1e6c8128d2f71aab302,"{""anchor"": ""MON"", ""avol_lookback_weeks"": 12, ""book_terminal_return"": true, ""book_weighting"": ""risk_parity"", ""clip_forward_return"": null, ""construction"": ""books"", ""cost_multiple"": 1.0, ""cpvv_min_days_week"": 4, ""cpvv_window"": ""week"", ""factors"": [""AVOL"", ""Q"", ""RSJ"", ""OFI"", ""CPVm"", ""CPVv"", ""WRspread"", ""TopChg"", ""TKU"", ""TSKD""], ""fee_bp_illiquid"": 5.0, ""fee_bp_liquid"": 1.0, ""funding_weight"": 0.5, ""min_cross_section"": 10, ""min_days_per_week"": 3, ""nprocs"": 12, ""q_top_frac"": 0.2, ""quintile_frac"": 0.2, ""rank_min_periods"": 26, ""rank_window_weeks"": 52, ""ranking_frame"": ""TS"", ""require_continuous_trading"": false, ""require_finite_positive_prices"": true, ""smooth_window_weeks"": 20, ""tskd_diff_order"": ""avg_then_diff"", ""tskd_min_bars_per_side"": 20, ""turnover_cap"": 0.5, ""vol_min_periods"": 13, ""vol_window_weeks"": 26}",0.16683087356471366,104,MON,walkforward_fold3
2026-08-27T11:14:33.925300+00:00,d141780ea8f3b33efb6c09771cfd2e2d,"{""anchor"": ""MON"", ""avol_lookback_weeks"": 12, ""book_terminal_return"": true, ""book_weighting"": ""risk_parity"", ""clip_forward_return"": null, ""construction"": ""books"", ""cost_multiple"": 1.0, ""cpvv_min_days_week"": 4, ""cpvv_window"": ""week"", ""factors"": [""AVOL"", ""Q"", ""RSJ"", ""OFI"", ""CPVm"", ""CPVv"", ""WRspread"", ""TopChg"", ""Quad"", ""TSKD""], ""fee_bp_illiquid"": 5.0, ""fee_bp_liquid"": 1.0, ""funding_weight"": 0.5, ""min_cross_section"": 10, ""min_days_per_week"": 3, ""nprocs"": 12, ""q_top_frac"": 0.2, ""quintile_frac"": 0.2, ""rank_min_periods"": 26, ""rank_window_weeks"": 52, ""ranking_frame"": ""TS"", ""require_continuous_trading"": false, ""require_finite_positive_prices"": true, ""smooth_window_weeks"": 20, ""tskd_diff_order"": ""avg_then_diff"", ""tskd_min_bars_per_side"": 20, ""turnover_cap"": 0.5, ""vol_min_periods"": 13, ""vol_window_weeks"": 26}",0.17709861588848963,104,MON,walkforward_fold3
2026-08-27T11:14:37.371592+00:00,3b4970663b2c912806c27cff9f18d795,"{""anchor"": ""MON"", ""avol_lookback_weeks"": 12, ""book_terminal_return"": true, ""book_weighting"": ""risk_parity"", ""clip_forward_return"": null, ""construction"": ""books"", ""cost_multiple"": 1.0, ""cpvv_min_days_week"": 4, ""cpvv_window"": ""week"", ""factors"": [""AVOL"", ""Q"", ""RSJ"", ""OFI"", ""CPVm"", ""CPVv"", ""WRspread"", ""TopChg"", ""Quad"", ""TKU""], ""fee_bp_illiquid"": 5.0, ""fee_bp_liquid"": 1.0, ""funding_weight"": 0.5, ""min_cross_section"": 10, ""min_days_per_week"": 3, ""nprocs"": 12, ""q_top_frac"": 0.2, ""quintile_frac"": 0.2, ""rank_min_periods"": 26, ""rank_window_weeks"": 52, ""ranking_frame"": ""TS"", ""require_continuous_trading"": false, ""require_finite_positive_prices"": true, ""smooth_window_weeks"": 20, ""tskd_diff_order"": ""avg_then_diff"", ""tskd_min_bars_per_side"": 20, ""turnover_cap"": 0.5, ""vol_min_periods"": 13, ""vol_window_weeks"": 26}",0.17532607717413845,104,MON,walkforward_fold3
2026-08-27T11:14:44.345720+00:00,c1abdc7824b4e88846c8feb4b0e75c44,"{""anchor"": ""MON"", ""avol_lookback_weeks"": 12, ""book_terminal_return"": true, ""book_weighting"": ""risk_parity"", ""clip_forward_return"": null, ""construction"": ""books"", ""cost_multiple"": 1.0, ""cpvv_min_days_week"": 4, ""cpvv_window"": ""week"", ""factors"": null, ""fee_bp_illiquid"": 5.0, ""fee_bp_liquid"": 1.0, ""funding_weight"": 0.5, ""min_cross_section"": 10, ""min_days_per_week"": 3, ""nprocs"": 12, ""q_top_frac"": 0.2, ""quintile_frac"": 0.2, ""rank_min_periods"": 26, ""rank_window_weeks"": 52, ""ranking_frame"": ""TS"", ""require_continuous_trading"": false, ""require_finite_positive_prices"": true, ""smooth_window_weeks"": 20, ""tskd_diff_order"": ""avg_then_diff"", ""tskd_min_bars_per_side"": 20, ""turnover_cap"": 0.5, ""vol_min_periods"": 13, ""vol_window_weeks"": 26}",0.20374346822716732,104,MON,walkforward_fold4
2026-08-27T11:14:47.961634+00:00,009bbe3601fa94b9cc09125d2403812a,"{""anchor"": ""MON"", ""avol_lookback_weeks"": 12, ""book_terminal_return"": true, ""book_weighting"": ""risk_parity"", ""clip_forward_return"": null, ""construction"": ""books"", ""cost_multiple"": 1.0, ""cpvv_min_days_week"": 4, ""cpvv_window"": ""week"", ""factors"": [""Q"", ""RSJ"", ""OFI"", ""CPVm"", ""CPVv"", ""WRspread"", ""TopChg"", ""Quad"", ""TKU"", ""TSKD""], ""fee_bp_illiquid"": 5.0, ""fee_bp_liquid"": 1.0, ""funding_weight"": 0.5, ""min_cross_section"": 10, ""min_days_per_week"": 3, ""nprocs"": 12, ""q_top_frac"": 0.2, ""quintile_frac"": 0.2, ""rank_min_periods"": 26, ""rank_window_weeks"": 52, ""ranking_frame"": ""TS"", ""require_continuous_trading"": false, ""require_finite_positive_prices"": true, ""smooth_window_weeks"": 20, ""tskd_diff_order"": ""avg_then_diff"", ""tskd_min_bars_per_side"": 20, ""turnover_cap"": 0.5, ""vol_min_periods"": 13, ""vol_window_weeks"": 26}",0.25638442825565855,104,MON,walkforward_fold4
2026-08-27T11:14:51.249221+00:00,92d578a6547c446bb6facd02d9c80bfa,"{""anchor"": ""MON"", ""avol_lookback_weeks"": 12, ""book_terminal_return"": true, ""book_weighting"": ""risk_parity"", ""clip_forward_return"": null, ""construction"": ""books"", ""cost_multiple"": 1.0, ""cpvv_min_days_week"": 4, ""cpvv_window"": ""week"", ""factors"": [""AVOL"", ""RSJ"", ""OFI"", ""CPVm"", ""CPVv"", ""WRspread"", ""TopChg"", ""Quad"", ""TKU"", ""TSKD""], ""fee_bp_illiquid"": 5.0, ""fee_bp_liquid"": 1.0, ""funding_weight"": 0.5, ""min_cross_section"": 10, ""min_days_per_week"": 3, ""nprocs"": 12, ""q_top_frac"": 0.2, ""quintile_frac"": 0.2, ""rank_min_periods"": 26, ""rank_window_weeks"": 52, ""ranking_frame"": ""TS"", ""require_continuous_trading"": false, ""require_finite_positive_prices"": true, ""smooth_window_weeks"": 20, ""tskd_diff_order"": ""avg_then_diff"", ""tskd_min_bars_per_side"": 20, ""turnover_cap"": 0.5, ""vol_min_periods"": 13, ""vol_window_weeks"": 26}",0.1895176952919952,104,MON,walkforward_fold4
2026-08-27T11:14:54.757684+00:00,7d570c2ad062cce1fa0a773015915db5,"{""anchor"": ""MON"", ""avol_lookback_weeks"": 12, ""book_terminal_return"": true, ""book_weighting"": ""risk_parity"", ""clip_forward_return"": null, ""construction"": ""books"", ""cost_multiple"": 1.0, ""cpvv_min_days_week"": 4, ""cpvv_window"": ""week"", ""factors"": [""AVOL"", ""Q"", ""OFI"", ""CPVm"", ""CPVv"", ""WRspread"", ""TopChg"", ""Quad"", ""TKU"", ""TSKD""], ""fee_bp_illiquid"": 5.0, ""fee_bp_liquid"": 1.0, ""funding_weight"": 0.5, ""min_cross_section"": 10, ""min_days_per_week"": 3, ""nprocs"": 12, ""q_top_frac"": 0.2, ""quintile_frac"": 0.2, ""rank_min_periods"": 26, ""rank_window_weeks"": 52, ""ranking_frame"": ""TS"", ""require_continuous_trading"": false, ""require_finite_positive_prices"": true, ""smooth_window_weeks"": 20, ""tskd_diff_order"": ""avg_then_diff"", ""tskd_min_bars_per_side"": 20, ""turnover_cap"": 0.5, ""vol_min_periods"": 13, ""vol_window_weeks"": 26}",0.21763702342686772,104,MON,walkforward_fold4
2026-08-27T11:14:58.014531+00:00,fb1be2970994fe8c35fd78b587330a3d,"{""anchor"": ""MON"", ""avol_lookback_weeks"": 12, ""book_terminal_return"": true, ""book_weighting"": ""risk_parity"", ""clip_forward_return"": null, ""construction"": ""books"", ""cost_multiple"": 1.0, ""cpvv_min_days_week"": 4, ""cpvv_window"": ""week"", ""factors"": [""AVOL"", ""Q"", ""RSJ"", ""CPVm"", ""CPVv"", ""WRspread"", ""TopChg"", ""Quad"", ""TKU"", ""TSKD""], ""fee_bp_illiquid"": 5.0, ""fee_bp_liquid"": 1.0, ""funding_weight"": 0.5, ""min_cross_section"": 10, ""min_days_per_week"": 3, ""nprocs"": 12, ""q_top_frac"": 0.2, ""quintile_frac"": 0.2, ""rank_min_periods"": 26, ""rank_window_weeks"": 52, ""ranking_frame"": ""TS"", ""require_continuous_trading"": false, ""require_finite_positive_prices"": true, ""smooth_window_weeks"": 20, ""tskd_diff_order"": ""avg_then_diff"", ""tskd_min_bars_per_side"": 20, ""turnover_cap"": 0.5, ""vol_min_periods"": 13, ""vol_window_weeks"": 26}",0.17855505540218572,104,MON,walkforward_fold4
2026-08-27T11:15:01.212039+00:00,ffd0553dbfe4d46806efb1860e9922c1,"{""anchor"": ""MON"", ""avol_lookback_weeks"": 12, ""book_terminal_return"": true, ""book_weighting"": ""risk_parity"", ""clip_forward_return"": null, ""construction"": ""books"", ""cost_multiple"": 1.0, ""cpvv_min_days_week"": 4, ""cpvv_window"": ""week"", ""factors"": [""AVOL"", ""Q"", ""RSJ"", ""OFI"", ""CPVv"", ""WRspread"", ""TopChg"", ""Quad"", ""TKU"", ""TSKD""], ""fee_bp_illiquid"": 5.0, ""fee_bp_liquid"": 1.0, ""funding_weight"": 0.5, ""min_cross_section"": 10, ""min_days_per_week"": 3, ""nprocs"": 12, ""q_top_frac"": 0.2, ""quintile_frac"": 0.2, ""rank_min_periods"": 26, ""rank_window_weeks"": 52, ""ranking_frame"": ""TS"", ""require_continuous_trading"": false, ""require_finite_positive_prices"": true, ""smooth_window_weeks"": 20, ""tskd_diff_order"": ""avg_then_diff"", ""tskd_min_bars_per_side"": 20, ""turnover_cap"": 0.5, ""vol_min_periods"": 13, ""vol_window_weeks"": 26}",0.17792153706918373,104,MON,walkforward_fold4
2026-08-27T11:15:04.675287+00:00,2b333c7dab1635c92da10bb58c52eb7c,"{""anchor"": ""MON"", ""avol_lookback_weeks"": 12, ""book_terminal_return"": true, ""book_weighting"": ""risk_parity"", ""clip_forward_return"": null, ""construction"": ""books"", ""cost_multiple"": 1.0, ""cpvv_min_days_week"": 4, ""cpvv_window"": ""week"", ""factors"": [""AVOL"", ""Q"", ""RSJ"", ""OFI"", ""CPVm"", ""WRspread"", ""TopChg"", ""Quad"", ""TKU"", ""TSKD""], ""fee_bp_illiquid"": 5.0, ""fee_bp_liquid"": 1.0, ""funding_weight"": 0.5, ""min_cross_section"": 10, ""min_days_per_week"": 3, ""nprocs"": 12, ""q_top_frac"": 0.2, ""quintile_frac"": 0.2, ""rank_min_periods"": 26, ""rank_window_weeks"": 52, ""ranking_frame"": ""TS"", ""require_continuous_trading"": false, ""require_finite_positive_prices"": true, ""smooth_window_weeks"": 20, ""tskd_diff_order"": ""avg_then_diff"", ""tskd_min_bars_per_side"": 20, ""turnover_cap"": 0.5, ""vol_min_periods"": 13, ""vol_window_weeks"": 26}",0.16175385060313782,104,MON,walkforward_fold4
2026-08-27T11:15:08.117907+00:00,711a90488e18a43c27fddceb771a7eff,"{""anchor"": ""MON"", ""avol_lookback_weeks"": 12, ""book_terminal_return"": true, ""book_weighting"": ""risk_parity"", ""clip_forward_return"": null, ""construction"": ""books"", ""cost_multiple"": 1.0, ""cpvv_min_days_week"": 4, ""cpvv_window"": ""week"", ""factors"": [""AVOL"", ""Q"", ""RSJ"", ""OFI"", ""CPVm"", ""CPVv"", ""TopChg"", ""Quad"", ""TKU"", ""TSKD""], ""fee_bp_illiquid"": 5.0, ""fee_bp_liquid"": 1.0, ""funding_weight"": 0.5, ""min_cross_section"": 10, ""min_days_per_week"": 3, ""nprocs"": 12, ""q_top_frac"": 0.2, ""quintile_frac"": 0.2, ""rank_min_periods"": 26, ""rank_window_weeks"": 52, ""ranking_frame"": ""TS"", ""require_continuous_trading"": false, ""require_finite_positive_prices"": true, ""smooth_window_weeks"": 20, ""tskd_diff_order"": ""avg_then_diff"", ""tskd_min_bars_per_side"": 20, ""turnover_cap"": 0.5, ""vol_min_periods"": 13, ""vol_window_weeks"": 26}",0.20374346822716732,104,MON,walkforward_fold4
2026-08-27T11:15:11.543118+00:00,a2a7d419d3dfcdbe4f68062d23277f52,"{""anchor"": ""MON"", ""avol_lookback_weeks"": 12, ""book_terminal_return"": true, ""book_weighting"": ""risk_parity"", ""clip_forward_return"": null, ""construction"": ""books"", ""cost_multiple"": 1.0, ""cpvv_min_days_week"": 4, ""cpvv_window"": ""week"", ""factors"": [""AVOL"", ""Q"", ""RSJ"", ""OFI"", ""CPVm"", ""CPVv"", ""WRspread"", ""Quad"", ""TKU"", ""TSKD""], ""fee_bp_illiquid"": 5.0, ""fee_bp_liquid"": 1.0, ""funding_weight"": 0.5, ""min_cross_section"": 10, ""min_days_per_week"": 3, ""nprocs"": 12, ""q_top_frac"": 0.2, ""quintile_frac"": 0.2, ""rank_min_periods"": 26, ""rank_window_weeks"": 52, ""ranking_frame"": ""TS"", ""require_continuous_trading"": false, ""require_finite_positive_prices"": true, ""smooth_window_weeks"": 20, ""tskd_diff_order"": ""avg_then_diff"", ""tskd_min_bars_per_side"": 20, ""turnover_cap"": 0.5, ""vol_min_periods"": 13, ""vol_window_weeks"": 26}",0.20374346822716732,104,MON,walkforward_fold4
2026-08-27T11:15:14.967797+00:00,6828ed3f126fa1e6c8128d2f71aab302,"{""anchor"": ""MON"", ""avol_lookback_weeks"": 12, ""book_terminal_return"": true, ""book_weighting"": ""risk_parity"", ""clip_forward_return"": null, ""construction"": ""books"", ""cost_multiple"": 1.0, ""cpvv_min_days_week"": 4, ""cpvv_window"": ""week"", ""factors"": [""AVOL"", ""Q"", ""RSJ"", ""OFI"", ""CPVm"", ""CPVv"", ""WRspread"", ""TopChg"", ""TKU"", ""TSKD""], ""fee_bp_illiquid"": 5.0, ""fee_bp_liquid"": 1.0, ""funding_weight"": 0.5, ""min_cross_section"": 10, ""min_days_per_week"": 3, ""nprocs"": 12, ""q_top_frac"": 0.2, ""quintile_frac"": 0.2, ""rank_min_periods"": 26, ""rank_window_weeks"": 52, ""ranking_frame"": ""TS"", ""require_continuous_trading"": false, ""require_finite_positive_prices"": true, ""smooth_window_weeks"": 20, ""tskd_diff_order"": ""avg_then_diff"", ""tskd_min_bars_per_side"": 20, ""turnover_cap"": 0.5, ""vol_min_periods"": 13, ""vol_window_weeks"": 26}",0.20374346822716732,104,MON,walkforward_fold4
2026-08-27T11:15:18.448701+00:00,d141780ea8f3b33efb6c09771cfd2e2d,"{""anchor"": ""MON"", ""avol_lookback_weeks"": 12, ""book_terminal_return"": true, ""book_weighting"": ""risk_parity"", ""clip_forward_return"": null, ""construction"": ""books"", ""cost_multiple"": 1.0, ""cpvv_min_days_week"": 4, ""cpvv_window"": ""week"", ""factors"": [""AVOL"", ""Q"", ""RSJ"", ""OFI"", ""CPVm"", ""CPVv"", ""WRspread"", ""TopChg"", ""Quad"", ""TSKD""], ""fee_bp_illiquid"": 5.0, ""fee_bp_liquid"": 1.0, ""funding_weight"": 0.5, ""min_cross_section"": 10, ""min_days_per_week"": 3, ""nprocs"": 12, ""q_top_frac"": 0.2, ""quintile_frac"": 0.2, ""rank_min_periods"": 26, ""rank_window_weeks"": 52, ""ranking_frame"": ""TS"", ""require_continuous_trading"": false, ""require_finite_positive_prices"": true, ""smooth_window_weeks"": 20, ""tskd_diff_order"": ""avg_then_diff"", ""tskd_min_bars_per_side"": 20, ""turnover_cap"": 0.5, ""vol_min_periods"": 13, ""vol_window_weeks"": 26}",0.21663244943846216,104,MON,walkforward_fold4
2026-08-27T11:15:21.791895+00:00,3b4970663b2c912806c27cff9f18d795,"{""anchor"": ""MON"", ""avol_lookback_weeks"": 12, ""book_terminal_return"": true, ""book_weighting"": ""risk_parity"", ""clip_forward_return"": null, ""construction"": ""books"", ""cost_multiple"": 1.0, ""cpvv_min_days_week"": 4, ""cpvv_window"": ""week"", ""factors"": [""AVOL"", ""Q"", ""RSJ"", ""OFI"", ""CPVm"", ""CPVv"", ""WRspread"", ""TopChg"", ""Quad"", ""TKU""], ""fee_bp_illiquid"": 5.0, ""fee_bp_liquid"": 1.0, ""funding_weight"": 0.5, ""min_cross_section"": 10, ""min_days_per_week"": 3, ""nprocs"": 12, ""q_top_frac"": 0.2, ""quintile_frac"": 0.2, ""rank_min_periods"": 26, ""rank_window_weeks"": 52, ""ranking_frame"": ""TS"", ""require_continuous_trading"": false, ""require_finite_positive_prices"": true, ""smooth_window_weeks"": 20, ""tskd_diff_order"": ""avg_then_diff"", ""tskd_min_bars_per_side"": 20, ""turnover_cap"": 0.5, ""vol_min_periods"": 13, ""vol_window_weeks"": 26}",0.20278041832958826,104,MON,walkforward_fold4
2026-08-27T11:15:28.859287+00:00,c1abdc7824b4e88846c8feb4b0e75c44,"{""anchor"": ""MON"", ""avol_lookback_weeks"": 12, ""book_terminal_return"": true, ""book_weighting"": ""risk_parity"", ""clip_forward_return"": null, ""construction"": ""books"", ""cost_multiple"": 1.0, ""cpvv_min_days_week"": 4, ""cpvv_window"": ""week"", ""factors"": null, ""fee_bp_illiquid"": 5.0, ""fee_bp_liquid"": 1.0, ""funding_weight"": 0.5, ""min_cross_section"": 10, ""min_days_per_week"": 3, ""nprocs"": 12, ""q_top_frac"": 0.2, ""quintile_frac"": 0.2, ""rank_min_periods"": 26, ""rank_window_weeks"": 52, ""ranking_frame"": ""TS"", ""require_continuous_trading"": false, ""require_finite_positive_prices"": true, ""smooth_window_weeks"": 20, ""tskd_diff_order"": ""avg_then_diff"", ""tskd_min_bars_per_side"": 20, ""turnover_cap"": 0.5, ""vol_min_periods"": 13, ""vol_window_weeks"": 26}",0.09244220524819331,104,MON,walkforward_fold5
2026-08-27T11:15:32.356869+00:00,009bbe3601fa94b9cc09125d2403812a,"{""anchor"": ""MON"", ""avol_lookback_weeks"": 12, ""book_terminal_return"": true, ""book_weighting"": ""risk_parity"", ""clip_forward_return"": null, ""construction"": ""books"", ""cost_multiple"": 1.0, ""cpvv_min_days_week"": 4, ""cpvv_window"": ""week"", ""factors"": [""Q"", ""RSJ"", ""OFI"", ""CPVm"", ""CPVv"", ""WRspread"", ""TopChg"", ""Quad"", ""TKU"", ""TSKD""], ""fee_bp_illiquid"": 5.0, ""fee_bp_liquid"": 1.0, ""funding_weight"": 0.5, ""min_cross_section"": 10, ""min_days_per_week"": 3, ""nprocs"": 12, ""q_top_frac"": 0.2, ""quintile_frac"": 0.2, ""rank_min_periods"": 26, ""rank_window_weeks"": 52, ""ranking_frame"": ""TS"", ""require_continuous_trading"": false, ""require_finite_positive_prices"": true, ""smooth_window_weeks"": 20, ""tskd_diff_order"": ""avg_then_diff"", ""tskd_min_bars_per_side"": 20, ""turnover_cap"": 0.5, ""vol_min_periods"": 13, ""vol_window_weeks"": 26}",0.13465232752729234,104,MON,walkforward_fold5
2026-08-27T11:15:35.654933+00:00,92d578a6547c446bb6facd02d9c80bfa,"{""anchor"": ""MON"", ""avol_lookback_weeks"": 12, ""book_terminal_return"": true, ""book_weighting"": ""risk_parity"", ""clip_forward_return"": null, ""construction"": ""books"", ""cost_multiple"": 1.0, ""cpvv_min_days_week"": 4, ""cpvv_window"": ""week"", ""factors"": [""AVOL"", ""RSJ"", ""OFI"", ""CPVm"", ""CPVv"", ""WRspread"", ""TopChg"", ""Quad"", ""TKU"", ""TSKD""], ""fee_bp_illiquid"": 5.0, ""fee_bp_liquid"": 1.0, ""funding_weight"": 0.5, ""min_cross_section"": 10, ""min_days_per_week"": 3, ""nprocs"": 12, ""q_top_frac"": 0.2, ""quintile_frac"": 0.2, ""rank_min_periods"": 26, ""rank_window_weeks"": 52, ""ranking_frame"": ""TS"", ""require_continuous_trading"": false, ""require_finite_positive_prices"": true, ""smooth_window_weeks"": 20, ""tskd_diff_order"": ""avg_then_diff"", ""tskd_min_bars_per_side"": 20, ""turnover_cap"": 0.5, ""vol_min_periods"": 13, ""vol_window_weeks"": 26}",0.06129916659905623,104,MON,walkforward_fold5
2026-08-27T11:15:38.931200+00:00,7d570c2ad062cce1fa0a773015915db5,"{""anchor"": ""MON"", ""avol_lookback_weeks"": 12, ""book_terminal_return"": true, ""book_weighting"": ""risk_parity"", ""clip_forward_return"": null, ""construction"": ""books"", ""cost_multiple"": 1.0, ""cpvv_min_days_week"": 4, ""cpvv_window"": ""week"", ""factors"": [""AVOL"", ""Q"", ""OFI"", ""CPVm"", ""CPVv"", ""WRspread"", ""TopChg"", ""Quad"", ""TKU"", ""TSKD""], ""fee_bp_illiquid"": 5.0, ""fee_bp_liquid"": 1.0, ""funding_weight"": 0.5, ""min_cross_section"": 10, ""min_days_per_week"": 3, ""nprocs"": 12, ""q_top_frac"": 0.2, ""quintile_frac"": 0.2, ""rank_min_periods"": 26, ""rank_window_weeks"": 52, ""ranking_frame"": ""TS"", ""require_continuous_trading"": false, ""require_finite_positive_prices"": true, ""smooth_window_weeks"": 20, ""tskd_diff_order"": ""avg_then_diff"", ""tskd_min_bars_per_side"": 20, ""turnover_cap"": 0.5, ""vol_min_periods"": 13, ""vol_window_weeks"": 26}",0.11165407354419171,104,MON,walkforward_fold5
2026-08-27T11:15:42.098722+00:00,fb1be2970994fe8c35fd78b587330a3d,"{""anchor"": ""MON"", ""avol_lookback_weeks"": 12, ""book_terminal_return"": true, ""book_weighting"": ""risk_parity"", ""clip_forward_return"": null, ""construction"": ""books"", ""cost_multiple"": 1.0, ""cpvv_min_days_week"": 4, ""cpvv_window"": ""week"", ""factors"": [""AVOL"", ""Q"", ""RSJ"", ""CPVm"", ""CPVv"", ""WRspread"", ""TopChg"", ""Quad"", ""TKU"", ""TSKD""], ""fee_bp_illiquid"": 5.0, ""fee_bp_liquid"": 1.0, ""funding_weight"": 0.5, ""min_cross_section"": 10, ""min_days_per_week"": 3, ""nprocs"": 12, ""q_top_frac"": 0.2, ""quintile_frac"": 0.2, ""rank_min_periods"": 26, ""rank_window_weeks"": 52, ""ranking_frame"": ""TS"", ""require_continuous_trading"": false, ""require_finite_positive_prices"": true, ""smooth_window_weeks"": 20, ""tskd_diff_order"": ""avg_then_diff"", ""tskd_min_bars_per_side"": 20, ""turnover_cap"": 0.5, ""vol_min_periods"": 13, ""vol_window_weeks"": 26}",0.06509469853266486,104,MON,walkforward_fold5
2026-08-27T11:15:45.378222+00:00,ffd0553dbfe4d46806efb1860e9922c1,"{""anchor"": ""MON"", ""avol_lookback_weeks"": 12, ""book_terminal_return"": true, ""book_weighting"": ""risk_parity"", ""clip_forward_return"": null, ""construction"": ""books"", ""cost_multiple"": 1.0, ""cpvv_min_days_week"": 4, ""cpvv_window"": ""week"", ""factors"": [""AVOL"", ""Q"", ""RSJ"", ""OFI"", ""CPVv"", ""WRspread"", ""TopChg"", ""Quad"", ""TKU"", ""TSKD""], ""fee_bp_illiquid"": 5.0, ""fee_bp_liquid"": 1.0, ""funding_weight"": 0.5, ""min_cross_section"": 10, ""min_days_per_week"": 3, ""nprocs"": 12, ""q_top_frac"": 0.2, ""quintile_frac"": 0.2, ""rank_min_periods"": 26, ""rank_window_weeks"": 52, ""ranking_frame"": ""TS"", ""require_continuous_trading"": false, ""require_finite_positive_prices"": true, ""smooth_window_weeks"": 20, ""tskd_diff_order"": ""avg_then_diff"", ""tskd_min_bars_per_side"": 20, ""turnover_cap"": 0.5, ""vol_min_periods"": 13, ""vol_window_weeks"": 26}",0.06307860312519943,104,MON,walkforward_fold5
2026-08-27T11:15:48.667286+00:00,2b333c7dab1635c92da10bb58c52eb7c,"{""anchor"": ""MON"", ""avol_lookback_weeks"": 12, ""book_terminal_return"": true, ""book_weighting"": ""risk_parity"", ""clip_forward_return"": null, ""construction"": ""books"", ""cost_multiple"": 1.0, ""cpvv_min_days_week"": 4, ""cpvv_window"": ""week"", ""factors"": [""AVOL"", ""Q"", ""RSJ"", ""OFI"", ""CPVm"", ""WRspread"", ""TopChg"", ""Quad"", ""TKU"", ""TSKD""], ""fee_bp_illiquid"": 5.0, ""fee_bp_liquid"": 1.0, ""funding_weight"": 0.5, ""min_cross_section"": 10, ""min_days_per_week"": 3, ""nprocs"": 12, ""q_top_frac"": 0.2, ""quintile_frac"": 0.2, ""rank_min_periods"": 26, ""rank_window_weeks"": 52, ""ranking_frame"": ""TS"", ""require_continuous_trading"": false, ""require_finite_positive_prices"": true, ""smooth_window_weeks"": 20, ""tskd_diff_order"": ""avg_then_diff"", ""tskd_min_bars_per_side"": 20, ""turnover_cap"": 0.5, ""vol_min_periods"": 13, ""vol_window_weeks"": 26}",0.08664469205139777,104,MON,walkforward_fold5
2026-08-27T11:15:52.020975+00:00,711a90488e18a43c27fddceb771a7eff,"{""anchor"": ""MON"", ""avol_lookback_weeks"": 12, ""book_terminal_return"": true, ""book_weighting"": ""risk_parity"", ""clip_forward_return"": null, ""construction"": ""books"", ""cost_multiple"": 1.0, ""cpvv_min_days_week"": 4, ""cpvv_window"": ""week"", ""factors"": [""AVOL"", ""Q"", ""RSJ"", ""OFI"", ""CPVm"", ""CPVv"", ""TopChg"", ""Quad"", ""TKU"", ""TSKD""], ""fee_bp_illiquid"": 5.0, ""fee_bp_liquid"": 1.0, ""funding_weight"": 0.5, ""min_cross_section"": 10, ""min_days_per_week"": 3, ""nprocs"": 12, ""q_top_frac"": 0.2, ""quintile_frac"": 0.2, ""rank_min_periods"": 26, ""rank_window_weeks"": 52, ""ranking_frame"": ""TS"", ""require_continuous_trading"": false, ""require_finite_positive_prices"": true, ""smooth_window_weeks"": 20, ""tskd_diff_order"": ""avg_then_diff"", ""tskd_min_bars_per_side"": 20, ""turnover_cap"": 0.5, ""vol_min_periods"": 13, ""vol_window_weeks"": 26}",0.09244220524819331,104,MON,walkforward_fold5
2026-08-27T11:15:55.212058+00:00,a2a7d419d3dfcdbe4f68062d23277f52,"{""anchor"": ""MON"", ""avol_lookback_weeks"": 12, ""book_terminal_return"": true, ""book_weighting"": ""risk_parity"", ""clip_forward_return"": null, ""construction"": ""books"", ""cost_multiple"": 1.0, ""cpvv_min_days_week"": 4, ""cpvv_window"": ""week"", ""factors"": [""AVOL"", ""Q"", ""RSJ"", ""OFI"", ""CPVm"", ""CPVv"", ""WRspread"", ""Quad"", ""TKU"", ""TSKD""], ""fee_bp_illiquid"": 5.0, ""fee_bp_liquid"": 1.0, ""funding_weight"": 0.5, ""min_cross_section"": 10, ""min_days_per_week"": 3, ""nprocs"": 12, ""q_top_frac"": 0.2, ""quintile_frac"": 0.2, ""rank_min_periods"": 26, ""rank_window_weeks"": 52, ""ranking_frame"": ""TS"", ""require_continuous_trading"": false, ""require_finite_positive_prices"": true, ""smooth_window_weeks"": 20, ""tskd_diff_order"": ""avg_then_diff"", ""tskd_min_bars_per_side"": 20, ""turnover_cap"": 0.5, ""vol_min_periods"": 13, ""vol_window_weeks"": 26}",0.09244220524819331,104,MON,walkforward_fold5
2026-08-27T11:15:58.542649+00:00,6828ed3f126fa1e6c8128d2f71aab302,"{""anchor"": ""MON"", ""avol_lookback_weeks"": 12, ""book_terminal_return"": true, ""book_weighting"": ""risk_parity"", ""clip_forward_return"": null, ""construction"": ""books"", ""cost_multiple"": 1.0, ""cpvv_min_days_week"": 4, ""cpvv_window"": ""week"", ""factors"": [""AVOL"", ""Q"", ""RSJ"", ""OFI"", ""CPVm"", ""CPVv"", ""WRspread"", ""TopChg"", ""TKU"", ""TSKD""], ""fee_bp_illiquid"": 5.0, ""fee_bp_liquid"": 1.0, ""funding_weight"": 0.5, ""min_cross_section"": 10, ""min_days_per_week"": 3, ""nprocs"": 12, ""q_top_frac"": 0.2, ""quintile_frac"": 0.2, ""rank_min_periods"": 26, ""rank_window_weeks"": 52, ""ranking_frame"": ""TS"", ""require_continuous_trading"": false, ""require_finite_positive_prices"": true, ""smooth_window_weeks"": 20, ""tskd_diff_order"": ""avg_then_diff"", ""tskd_min_bars_per_side"": 20, ""turnover_cap"": 0.5, ""vol_min_periods"": 13, ""vol_window_weeks"": 26}",0.09244220524819331,104,MON,walkforward_fold5
2026-08-27T11:16:01.823461+00:00,d141780ea8f3b33efb6c09771cfd2e2d,"{""anchor"": ""MON"", ""avol_lookback_weeks"": 12, ""book_terminal_return"": true, ""book_weighting"": ""risk_parity"", ""clip_forward_return"": null, ""construction"": ""books"", ""cost_multiple"": 1.0, ""cpvv_min_days_week"": 4, ""cpvv_window"": ""week"", ""factors"": [""AVOL"", ""Q"", ""RSJ"", ""OFI"", ""CPVm"", ""CPVv"", ""WRspread"", ""TopChg"", ""Quad"", ""TSKD""], ""fee_bp_illiquid"": 5.0, ""fee_bp_liquid"": 1.0, ""funding_weight"": 0.5, ""min_cross_section"": 10, ""min_days_per_week"": 3, ""nprocs"": 12, ""q_top_frac"": 0.2, ""quintile_frac"": 0.2, ""rank_min_periods"": 26, ""rank_window_weeks"": 52, ""ranking_frame"": ""TS"", ""require_continuous_trading"": false, ""require_finite_positive_prices"": true, ""smooth_window_weeks"": 20, ""tskd_diff_order"": ""avg_then_diff"", ""tskd_min_bars_per_side"": 20, ""turnover_cap"": 0.5, ""vol_min_periods"": 13, ""vol_window_weeks"": 26}",0.11840289224549226,104,MON,walkforward_fold5
2026-08-27T11:16:04.977985+00:00,3b4970663b2c912806c27cff9f18d795,"{""anchor"": ""MON"", ""avol_lookback_weeks"": 12, ""book_terminal_return"": true, ""book_weighting"": ""risk_parity"", ""clip_forward_return"": null, ""construction"": ""books"", ""cost_multiple"": 1.0, ""cpvv_min_days_week"": 4, ""cpvv_window"": ""week"", ""factors"": [""AVOL"", ""Q"", ""RSJ"", ""OFI"", ""CPVm"", ""CPVv"", ""WRspread"", ""TopChg"", ""Quad"", ""TKU""], ""fee_bp_illiquid"": 5.0, ""fee_bp_liquid"": 1.0, ""funding_weight"": 0.5, ""min_cross_section"": 10, ""min_days_per_week"": 3, ""nprocs"": 12, ""q_top_frac"": 0.2, ""quintile_frac"": 0.2, ""rank_min_periods"": 26, ""rank_window_weeks"": 52, ""ranking_frame"": ""TS"", ""require_continuous_trading"": false, ""require_finite_positive_prices"": true, ""smooth_window_weeks"": 20, ""tskd_diff_order"": ""avg_then_diff"", ""tskd_min_bars_per_side"": 20, ""turnover_cap"": 0.5, ""vol_min_periods"": 13, ""vol_window_weeks"": 26}",0.09630033966181109,104,MON,walkforward_fold5
2026-08-27T11:16:11.809023+00:00,c1abdc7824b4e88846c8feb4b0e75c44,"{""anchor"": ""MON"", ""avol_lookback_weeks"": 12, ""book_terminal_return"": true, ""book_weighting"": ""risk_parity"", ""clip_forward_return"": null, ""construction"": ""books"", ""cost_multiple"": 1.0, ""cpvv_min_days_week"": 4, ""cpvv_window"": ""week"", ""factors"": null, ""fee_bp_illiquid"": 5.0, ""fee_bp_liquid"": 1.0, ""funding_weight"": 0.5, ""min_cross_section"": 10, ""min_days_per_week"": 3, ""nprocs"": 12, ""q_top_frac"": 0.2, ""quintile_frac"": 0.2, ""rank_min_periods"": 26, ""rank_window_weeks"": 52, ""ranking_frame"": ""TS"", ""require_continuous_trading"": false, ""require_finite_positive_prices"": true, ""smooth_window_weeks"": 20, ""tskd_diff_order"": ""avg_then_diff"", ""tskd_min_bars_per_side"": 20, ""turnover_cap"": 0.5, ""vol_min_periods"": 13, ""vol_window_weeks"": 26}",0.2480251371100051,104,MON,walkforward_fold6
2026-08-27T11:16:14.968612+00:00,009bbe3601fa94b9cc09125d2403812a,"{""anchor"": ""MON"", ""avol_lookback_weeks"": 12, ""book_terminal_return"": true, ""book_weighting"": ""risk_parity"", ""clip_forward_return"": null, ""construction"": ""books"", ""cost_multiple"": 1.0, ""cpvv_min_days_week"": 4, ""cpvv_window"": ""week"", ""factors"": [""Q"", ""RSJ"", ""OFI"", ""CPVm"", ""CPVv"", ""WRspread"", ""TopChg"", ""Quad"", ""TKU"", ""TSKD""], ""fee_bp_illiquid"": 5.0, ""fee_bp_liquid"": 1.0, ""funding_weight"": 0.5, ""min_cross_section"": 10, ""min_days_per_week"": 3, ""nprocs"": 12, ""q_top_frac"": 0.2, ""quintile_frac"": 0.2, ""rank_min_periods"": 26, ""rank_window_weeks"": 52, ""ranking_frame"": ""TS"", ""require_continuous_trading"": false, ""require_finite_positive_prices"": true, ""smooth_window_weeks"": 20, ""tskd_diff_order"": ""avg_then_diff"", ""tskd_min_bars_per_side"": 20, ""turnover_cap"": 0.5, ""vol_min_periods"": 13, ""vol_window_weeks"": 26}",0.28341624125299997,104,MON,walkforward_fold6
2026-08-27T11:16:18.204057+00:00,92d578a6547c446bb6facd02d9c80bfa,"{""anchor"": ""MON"", ""avol_lookback_weeks"": 12, ""book_terminal_return"": true, ""book_weighting"": ""risk_parity"", ""clip_forward_return"": null, ""construction"": ""books"", ""cost_multiple"": 1.0, ""cpvv_min_days_week"": 4, ""cpvv_window"": ""week"", ""factors"": [""AVOL"", ""RSJ"", ""OFI"", ""CPVm"", ""CPVv"", ""WRspread"", ""TopChg"", ""Quad"", ""TKU"", ""TSKD""], ""fee_bp_illiquid"": 5.0, ""fee_bp_liquid"": 1.0, ""funding_weight"": 0.5, ""min_cross_section"": 10, ""min_days_per_week"": 3, ""nprocs"": 12, ""q_top_frac"": 0.2, ""quintile_frac"": 0.2, ""rank_min_periods"": 26, ""rank_window_weeks"": 52, ""ranking_frame"": ""TS"", ""require_continuous_trading"": false, ""require_finite_positive_prices"": true, ""smooth_window_weeks"": 20, ""tskd_diff_order"": ""avg_then_diff"", ""tskd_min_bars_per_side"": 20, ""turnover_cap"": 0.5, ""vol_min_periods"": 13, ""vol_window_weeks"": 26}",0.20167742053594748,104,MON,walkforward_fold6
2026-08-27T11:16:21.429968+00:00,7d570c2ad062cce1fa0a773015915db5,"{""anchor"": ""MON"", ""avol_lookback_weeks"": 12, ""book_terminal_return"": true, ""book_weighting"": ""risk_parity"", ""clip_forward_return"": null, ""construction"": ""books"", ""cost_multiple"": 1.0, ""cpvv_min_days_week"": 4, ""cpvv_window"": ""week"", ""factors"": [""AVOL"", ""Q"", ""OFI"", ""CPVm"", ""CPVv"", ""WRspread"", ""TopChg"", ""Quad"", ""TKU"", ""TSKD""], ""fee_bp_illiquid"": 5.0, ""fee_bp_liquid"": 1.0, ""funding_weight"": 0.5, ""min_cross_section"": 10, ""min_days_per_week"": 3, ""nprocs"": 12, ""q_top_frac"": 0.2, ""quintile_frac"": 0.2, ""rank_min_periods"": 26, ""rank_window_weeks"": 52, ""ranking_frame"": ""TS"", ""require_continuous_trading"": false, ""require_finite_positive_prices"": true, ""smooth_window_weeks"": 20, ""tskd_diff_order"": ""avg_then_diff"", ""tskd_min_bars_per_side"": 20, ""turnover_cap"": 0.5, ""vol_min_periods"": 13, ""vol_window_weeks"": 26}",0.2724557758589879,104,MON,walkforward_fold6
2026-08-27T11:16:24.733099+00:00,fb1be2970994fe8c35fd78b587330a3d,"{""anchor"": ""MON"", ""avol_lookback_weeks"": 12, ""book_terminal_return"": true, ""book_weighting"": ""risk_parity"", ""clip_forward_return"": null, ""construction"": ""books"", ""cost_multiple"": 1.0, ""cpvv_min_days_week"": 4, ""cpvv_window"": ""week"", ""factors"": [""AVOL"", ""Q"", ""RSJ"", ""CPVm"", ""CPVv"", ""WRspread"", ""TopChg"", ""Quad"", ""TKU"", ""TSKD""], ""fee_bp_illiquid"": 5.0, ""fee_bp_liquid"": 1.0, ""funding_weight"": 0.5, ""min_cross_section"": 10, ""min_days_per_week"": 3, ""nprocs"": 12, ""q_top_frac"": 0.2, ""quintile_frac"": 0.2, ""rank_min_periods"": 26, ""rank_window_weeks"": 52, ""ranking_frame"": ""TS"", ""require_continuous_trading"": false, ""require_finite_positive_prices"": true, ""smooth_window_weeks"": 20, ""tskd_diff_order"": ""avg_then_diff"", ""tskd_min_bars_per_side"": 20, ""turnover_cap"": 0.5, ""vol_min_periods"": 13, ""vol_window_weeks"": 26}",0.20671236827445655,104,MON,walkforward_fold6
2026-08-27T11:16:28.228030+00:00,ffd0553dbfe4d46806efb1860e9922c1,"{""anchor"": ""MON"", ""avol_lookback_weeks"": 12, ""book_terminal_return"": true, ""book_weighting"": ""risk_parity"", ""clip_forward_return"": null, ""construction"": ""books"", ""cost_multiple"": 1.0, ""cpvv_min_days_week"": 4, ""cpvv_window"": ""week"", ""factors"": [""AVOL"", ""Q"", ""RSJ"", ""OFI"", ""CPVv"", ""WRspread"", ""TopChg"", ""Quad"", ""TKU"", ""TSKD""], ""fee_bp_illiquid"": 5.0, ""fee_bp_liquid"": 1.0, ""funding_weight"": 0.5, ""min_cross_section"": 10, ""min_days_per_week"": 3, ""nprocs"": 12, ""q_top_frac"": 0.2, ""quintile_frac"": 0.2, ""rank_min_periods"": 26, ""rank_window_weeks"": 52, ""ranking_frame"": ""TS"", ""require_continuous_trading"": false, ""require_finite_positive_prices"": true, ""smooth_window_weeks"": 20, ""tskd_diff_order"": ""avg_then_diff"", ""tskd_min_bars_per_side"": 20, ""turnover_cap"": 0.5, ""vol_min_periods"": 13, ""vol_window_weeks"": 26}",0.23317327875510624,104,MON,walkforward_fold6
2026-08-27T11:16:31.457160+00:00,2b333c7dab1635c92da10bb58c52eb7c,"{""anchor"": ""MON"", ""avol_lookback_weeks"": 12, ""book_terminal_return"": true, ""book_weighting"": ""risk_parity"", ""clip_forward_return"": null, ""construction"": ""books"", ""cost_multiple"": 1.0, ""cpvv_min_days_week"": 4, ""cpvv_window"": ""week"", ""factors"": [""AVOL"", ""Q"", ""RSJ"", ""OFI"", ""CPVm"", ""WRspread"", ""TopChg"", ""Quad"", ""TKU"", ""TSKD""], ""fee_bp_illiquid"": 5.0, ""fee_bp_liquid"": 1.0, ""funding_weight"": 0.5, ""min_cross_section"": 10, ""min_days_per_week"": 3, ""nprocs"": 12, ""q_top_frac"": 0.2, ""quintile_frac"": 0.2, ""rank_min_periods"": 26, ""rank_window_weeks"": 52, ""ranking_frame"": ""TS"", ""require_continuous_trading"": false, ""require_finite_positive_prices"": true, ""smooth_window_weeks"": 20, ""tskd_diff_order"": ""avg_then_diff"", ""tskd_min_bars_per_side"": 20, ""turnover_cap"": 0.5, ""vol_min_periods"": 13, ""vol_window_weeks"": 26}",0.22142443229698014,104,MON,walkforward_fold6
2026-08-27T11:16:34.549709+00:00,711a90488e18a43c27fddceb771a7eff,"{""anchor"": ""MON"", ""avol_lookback_weeks"": 12, ""book_terminal_return"": true, ""book_weighting"": ""risk_parity"", ""clip_forward_return"": null, ""construction"": ""books"", ""cost_multiple"": 1.0, ""cpvv_min_days_week"": 4, ""cpvv_window"": ""week"", ""factors"": [""AVOL"", ""Q"", ""RSJ"", ""OFI"", ""CPVm"", ""CPVv"", ""TopChg"", ""Quad"", ""TKU"", ""TSKD""], ""fee_bp_illiquid"": 5.0, ""fee_bp_liquid"": 1.0, ""funding_weight"": 0.5, ""min_cross_section"": 10, ""min_days_per_week"": 3, ""nprocs"": 12, ""q_top_frac"": 0.2, ""quintile_frac"": 0.2, ""rank_min_periods"": 26, ""rank_window_weeks"": 52, ""ranking_frame"": ""TS"", ""require_continuous_trading"": false, ""require_finite_positive_prices"": true, ""smooth_window_weeks"": 20, ""tskd_diff_order"": ""avg_then_diff"", ""tskd_min_bars_per_side"": 20, ""turnover_cap"": 0.5, ""vol_min_periods"": 13, ""vol_window_weeks"": 26}",0.2480251371100051,104,MON,walkforward_fold6
2026-08-27T11:16:38.008362+00:00,a2a7d419d3dfcdbe4f68062d23277f52,"{""anchor"": ""MON"", ""avol_lookback_weeks"": 12, ""book_terminal_return"": true, ""book_weighting"": ""risk_parity"", ""clip_forward_return"": null, ""construction"": ""books"", ""cost_multiple"": 1.0, ""cpvv_min_days_week"": 4, ""cpvv_window"": ""week"", ""factors"": [""AVOL"", ""Q"", ""RSJ"", ""OFI"", ""CPVm"", ""CPVv"", ""WRspread"", ""Quad"", ""TKU"", ""TSKD""], ""fee_bp_illiquid"": 5.0, ""fee_bp_liquid"": 1.0, ""funding_weight"": 0.5, ""min_cross_section"": 10, ""min_days_per_week"": 3, ""nprocs"": 12, ""q_top_frac"": 0.2, ""quintile_frac"": 0.2, ""rank_min_periods"": 26, ""rank_window_weeks"": 52, ""ranking_frame"": ""TS"", ""require_continuous_trading"": false, ""require_finite_positive_prices"": true, ""smooth_window_weeks"": 20, ""tskd_diff_order"": ""avg_then_diff"", ""tskd_min_bars_per_side"": 20, ""turnover_cap"": 0.5, ""vol_min_periods"": 13, ""vol_window_weeks"": 26}",0.2480251371100051,104,MON,walkforward_fold6
2026-08-27T11:16:41.302441+00:00,6828ed3f126fa1e6c8128d2f71aab302,"{""anchor"": ""MON"", ""avol_lookback_weeks"": 12, ""book_terminal_return"": true, ""book_weighting"": ""risk_parity"", ""clip_forward_return"": null, ""construction"": ""books"", ""cost_multiple"": 1.0, ""cpvv_min_days_week"": 4, ""cpvv_window"": ""week"", ""factors"": [""AVOL"", ""Q"", ""RSJ"", ""OFI"", ""CPVm"", ""CPVv"", ""WRspread"", ""TopChg"", ""TKU"", ""TSKD""], ""fee_bp_illiquid"": 5.0, ""fee_bp_liquid"": 1.0, ""funding_weight"": 0.5, ""min_cross_section"": 10, ""min_days_per_week"": 3, ""nprocs"": 12, ""q_top_frac"": 0.2, ""quintile_frac"": 0.2, ""rank_min_periods"": 26, ""rank_window_weeks"": 52, ""ranking_frame"": ""TS"", ""require_continuous_trading"": false, ""require_finite_positive_prices"": true, ""smooth_window_weeks"": 20, ""tskd_diff_order"": ""avg_then_diff"", ""tskd_min_bars_per_side"": 20, ""turnover_cap"": 0.5, ""vol_min_periods"": 13, ""vol_window_weeks"": 26}",0.2480251371100051,104,MON,walkforward_fold6
2026-08-27T11:16:44.673754+00:00,d141780ea8f3b33efb6c09771cfd2e2d,"{""anchor"": ""MON"", ""avol_lookback_weeks"": 12, ""book_terminal_return"": true, ""book_weighting"": ""risk_parity"", ""clip_forward_return"": null, ""construction"": ""books"", ""cost_multiple"": 1.0, ""cpvv_min_days_week"": 4, ""cpvv_window"": ""week"", ""factors"": [""AVOL"", ""Q"", ""RSJ"", ""OFI"", ""CPVm"", ""CPVv"", ""WRspread"", ""TopChg"", ""Quad"", ""TSKD""], ""fee_bp_illiquid"": 5.0, ""fee_bp_liquid"": 1.0, ""funding_weight"": 0.5, ""min_cross_section"": 10, ""min_days_per_week"": 3, ""nprocs"": 12, ""q_top_frac"": 0.2, ""quintile_frac"": 0.2, ""rank_min_periods"": 26, ""rank_window_weeks"": 52, ""ranking_frame"": ""TS"", ""require_continuous_trading"": false, ""require_finite_positive_prices"": true, ""smooth_window_weeks"": 20, ""tskd_diff_order"": ""avg_then_diff"", ""tskd_min_bars_per_side"": 20, ""turnover_cap"": 0.5, ""vol_min_periods"": 13, ""vol_window_weeks"": 26}",0.27010519611374584,104,MON,walkforward_fold6
2026-08-27T11:16:47.878132+00:00,3b4970663b2c912806c27cff9f18d795,"{""anchor"": ""MON"", ""avol_lookback_weeks"": 12, ""book_terminal_return"": true, ""book_weighting"": ""risk_parity"", ""clip_forward_return"": null, ""construction"": ""books"", ""cost_multiple"": 1.0, ""cpvv_min_days_week"": 4, ""cpvv_window"": ""week"", ""factors"": [""AVOL"", ""Q"", ""RSJ"", ""OFI"", ""CPVm"", ""CPVv"", ""WRspread"", ""TopChg"", ""Quad"", ""TKU""], ""fee_bp_illiquid"": 5.0, ""fee_bp_liquid"": 1.0, ""funding_weight"": 0.5, ""min_cross_section"": 10, ""min_days_per_week"": 3, ""nprocs"": 12, ""q_top_frac"": 0.2, ""quintile_frac"": 0.2, ""rank_min_periods"": 26, ""rank_window_weeks"": 52, ""ranking_frame"": ""TS"", ""require_continuous_trading"": false, ""require_finite_positive_prices"": true, ""smooth_window_weeks"": 20, ""tskd_diff_order"": ""avg_then_diff"", ""tskd_min_bars_per_side"": 20, ""turnover_cap"": 0.5, ""vol_min_periods"": 13, ""vol_window_weeks"": 26}",0.26810266113669684,104,MON,walkforward_fold6
2026-08-27T11:16:54.874213+00:00,c1abdc7824b4e88846c8feb4b0e75c44,"{""anchor"": ""MON"", ""avol_lookback_weeks"": 12, ""book_terminal_return"": true, ""book_weighting"": ""risk_parity"", ""clip_forward_return"": null, ""construction"": ""books"", ""cost_multiple"": 1.0, ""cpvv_min_days_week"": 4, ""cpvv_window"": ""week"", ""factors"": null, ""fee_bp_illiquid"": 5.0, ""fee_bp_liquid"": 1.0, ""funding_weight"": 0.5, ""min_cross_section"": 10, ""min_days_per_week"": 3, ""nprocs"": 12, ""q_top_frac"": 0.2, ""quintile_frac"": 0.2, ""rank_min_periods"": 26, ""rank_window_weeks"": 52, ""ranking_frame"": ""TS"", ""require_continuous_trading"": false, ""require_finite_positive_prices"": true, ""smooth_window_weeks"": 20, ""tskd_diff_order"": ""avg_then_diff"", ""tskd_min_bars_per_side"": 20, ""turnover_cap"": 0.5, ""vol_min_periods"": 13, ""vol_window_weeks"": 26}",0.3223147499461654,104,MON,walkforward_fold7
2026-08-27T11:16:58.013841+00:00,009bbe3601fa94b9cc09125d2403812a,"{""anchor"": ""MON"", ""avol_lookback_weeks"": 12, ""book_terminal_return"": true, ""book_weighting"": ""risk_parity"", ""clip_forward_return"": null, ""construction"": ""books"", ""cost_multiple"": 1.0, ""cpvv_min_days_week"": 4, ""cpvv_window"": ""week"", ""factors"": [""Q"", ""RSJ"", ""OFI"", ""CPVm"", ""CPVv"", ""WRspread"", ""TopChg"", ""Quad"", ""TKU"", ""TSKD""], ""fee_bp_illiquid"": 5.0, ""fee_bp_liquid"": 1.0, ""funding_weight"": 0.5, ""min_cross_section"": 10, ""min_days_per_week"": 3, ""nprocs"": 12, ""q_top_frac"": 0.2, ""quintile_frac"": 0.2, ""rank_min_periods"": 26, ""rank_window_weeks"": 52, ""ranking_frame"": ""TS"", ""require_continuous_trading"": false, ""require_finite_positive_prices"": true, ""smooth_window_weeks"": 20, ""tskd_diff_order"": ""avg_then_diff"", ""tskd_min_bars_per_side"": 20, ""turnover_cap"": 0.5, ""vol_min_periods"": 13, ""vol_window_weeks"": 26}",0.32454397863413287,104,MON,walkforward_fold7
2026-08-27T11:17:01.305706+00:00,92d578a6547c446bb6facd02d9c80bfa,"{""anchor"": ""MON"", ""avol_lookback_weeks"": 12, ""book_terminal_return"": true, ""book_weighting"": ""risk_parity"", ""clip_forward_return"": null, ""construction"": ""books"", ""cost_multiple"": 1.0, ""cpvv_min_days_week"": 4, ""cpvv_window"": ""week"", ""factors"": [""AVOL"", ""RSJ"", ""OFI"", ""CPVm"", ""CPVv"", ""WRspread"", ""TopChg"", ""Quad"", ""TKU"", ""TSKD""], ""fee_bp_illiquid"": 5.0, ""fee_bp_liquid"": 1.0, ""funding_weight"": 0.5, ""min_cross_section"": 10, ""min_days_per_week"": 3, ""nprocs"": 12, ""q_top_frac"": 0.2, ""quintile_frac"": 0.2, ""rank_min_periods"": 26, ""rank_window_weeks"": 52, ""ranking_frame"": ""TS"", ""require_continuous_trading"": false, ""require_finite_positive_prices"": true, ""smooth_window_weeks"": 20, ""tskd_diff_order"": ""avg_then_diff"", ""tskd_min_bars_per_side"": 20, ""turnover_cap"": 0.5, ""vol_min_periods"": 13, ""vol_window_weeks"": 26}",0.26154389487650825,104,MON,walkforward_fold7
2026-08-27T11:17:04.811684+00:00,7d570c2ad062cce1fa0a773015915db5,"{""anchor"": ""MON"", ""avol_lookback_weeks"": 12, ""book_terminal_return"": true, ""book_weighting"": ""risk_parity"", ""clip_forward_return"": null, ""construction"": ""books"", ""cost_multiple"": 1.0, ""cpvv_min_days_week"": 4, ""cpvv_window"": ""week"", ""factors"": [""AVOL"", ""Q"", ""OFI"", ""CPVm"", ""CPVv"", ""WRspread"", ""TopChg"", ""Quad"", ""TKU"", ""TSKD""], ""fee_bp_illiquid"": 5.0, ""fee_bp_liquid"": 1.0, ""funding_weight"": 0.5, ""min_cross_section"": 10, ""min_days_per_week"": 3, ""nprocs"": 12, ""q_top_frac"": 0.2, ""quintile_frac"": 0.2, ""rank_min_periods"": 26, ""rank_window_weeks"": 52, ""ranking_frame"": ""TS"", ""require_continuous_trading"": false, ""require_finite_positive_prices"": true, ""smooth_window_weeks"": 20, ""tskd_diff_order"": ""avg_then_diff"", ""tskd_min_bars_per_side"": 20, ""turnover_cap"": 0.5, ""vol_min_periods"": 13, ""vol_window_weeks"": 26}",0.3597417899931065,104,MON,walkforward_fold7
2026-08-27T11:17:08.285248+00:00,fb1be2970994fe8c35fd78b587330a3d,"{""anchor"": ""MON"", ""avol_lookback_weeks"": 12, ""book_terminal_return"": true, ""book_weighting"": ""risk_parity"", ""clip_forward_return"": null, ""construction"": ""books"", ""cost_multiple"": 1.0, ""cpvv_min_days_week"": 4, ""cpvv_window"": ""week"", ""factors"": [""AVOL"", ""Q"", ""RSJ"", ""CPVm"", ""CPVv"", ""WRspread"", ""TopChg"", ""Quad"", ""TKU"", ""TSKD""], ""fee_bp_illiquid"": 5.0, ""fee_bp_liquid"": 1.0, ""funding_weight"": 0.5, ""min_cross_section"": 10, ""min_days_per_week"": 3, ""nprocs"": 12, ""q_top_frac"": 0.2, ""quintile_frac"": 0.2, ""rank_min_periods"": 26, ""rank_window_weeks"": 52, ""ranking_frame"": ""TS"", ""require_continuous_trading"": false, ""require_finite_positive_prices"": true, ""smooth_window_weeks"": 20, ""tskd_diff_order"": ""avg_then_diff"", ""tskd_min_bars_per_side"": 20, ""turnover_cap"": 0.5, ""vol_min_periods"": 13, ""vol_window_weeks"": 26}",0.3144492275938929,104,MON,walkforward_fold7
2026-08-27T11:17:11.767319+00:00,ffd0553dbfe4d46806efb1860e9922c1,"{""anchor"": ""MON"", ""avol_lookback_weeks"": 12, ""book_terminal_return"": true, ""book_weighting"": ""risk_parity"", ""clip_forward_return"": null, ""construction"": ""books"", ""cost_multiple"": 1.0, ""cpvv_min_days_week"": 4, ""cpvv_window"": ""week"", ""factors"": [""AVOL"", ""Q"", ""RSJ"", ""OFI"", ""CPVv"", ""WRspread"", ""TopChg"", ""Quad"", ""TKU"", ""TSKD""], ""fee_bp_illiquid"": 5.0, ""fee_bp_liquid"": 1.0, ""funding_weight"": 0.5, ""min_cross_section"": 10, ""min_days_per_week"": 3, ""nprocs"": 12, ""q_top_frac"": 0.2, ""quintile_frac"": 0.2, ""rank_min_periods"": 26, ""rank_window_weeks"": 52, ""ranking_frame"": ""TS"", ""require_continuous_trading"": false, ""require_finite_positive_prices"": true, ""smooth_window_weeks"": 20, ""tskd_diff_order"": ""avg_then_diff"", ""tskd_min_bars_per_side"": 20, ""turnover_cap"": 0.5, ""vol_min_periods"": 13, ""vol_window_weeks"": 26}",0.3319753873999655,104,MON,walkforward_fold7
2026-08-27T11:17:15.025440+00:00,2b333c7dab1635c92da10bb58c52eb7c,"{""anchor"": ""MON"", ""avol_lookback_weeks"": 12, ""book_terminal_return"": true, ""book_weighting"": ""risk_parity"", ""clip_forward_return"": null, ""construction"": ""books"", ""cost_multiple"": 1.0, ""cpvv_min_days_week"": 4, ""cpvv_window"": ""week"", ""factors"": [""AVOL"", ""Q"", ""RSJ"", ""OFI"", ""CPVm"", ""WRspread"", ""TopChg"", ""Quad"", ""TKU"", ""TSKD""], ""fee_bp_illiquid"": 5.0, ""fee_bp_liquid"": 1.0, ""funding_weight"": 0.5, ""min_cross_section"": 10, ""min_days_per_week"": 3, ""nprocs"": 12, ""q_top_frac"": 0.2, ""quintile_frac"": 0.2, ""rank_min_periods"": 26, ""rank_window_weeks"": 52, ""ranking_frame"": ""TS"", ""require_continuous_trading"": false, ""require_finite_positive_prices"": true, ""smooth_window_weeks"": 20, ""tskd_diff_order"": ""avg_then_diff"", ""tskd_min_bars_per_side"": 20, ""turnover_cap"": 0.5, ""vol_min_periods"": 13, ""vol_window_weeks"": 26}",0.27885496260828013,104,MON,walkforward_fold7
2026-08-27T11:17:18.591823+00:00,711a90488e18a43c27fddceb771a7eff,"{""anchor"": ""MON"", ""avol_lookback_weeks"": 12, ""book_terminal_return"": true, ""book_weighting"": ""risk_parity"", ""clip_forward_return"": null, ""construction"": ""books"", ""cost_multiple"": 1.0, ""cpvv_min_days_week"": 4, ""cpvv_window"": ""week"", ""factors"": [""AVOL"", ""Q"", ""RSJ"", ""OFI"", ""CPVm"", ""CPVv"", ""TopChg"", ""Quad"", ""TKU"", ""TSKD""], ""fee_bp_illiquid"": 5.0, ""fee_bp_liquid"": 1.0, ""funding_weight"": 0.5, ""min_cross_section"": 10, ""min_days_per_week"": 3, ""nprocs"": 12, ""q_top_frac"": 0.2, ""quintile_frac"": 0.2, ""rank_min_periods"": 26, ""rank_window_weeks"": 52, ""ranking_frame"": ""TS"", ""require_continuous_trading"": false, ""require_finite_positive_prices"": true, ""smooth_window_weeks"": 20, ""tskd_diff_order"": ""avg_then_diff"", ""tskd_min_bars_per_side"": 20, ""turnover_cap"": 0.5, ""vol_min_periods"": 13, ""vol_window_weeks"": 26}",0.3223147499461654,104,MON,walkforward_fold7
2026-08-27T11:17:21.952553+00:00,a2a7d419d3dfcdbe4f68062d23277f52,"{""anchor"": ""MON"", ""avol_lookback_weeks"": 12, ""book_terminal_return"": true, ""book_weighting"": ""risk_parity"", ""clip_forward_return"": null, ""construction"": ""books"", ""cost_multiple"": 1.0, ""cpvv_min_days_week"": 4, ""cpvv_window"": ""week"", ""factors"": [""AVOL"", ""Q"", ""RSJ"", ""OFI"", ""CPVm"", ""CPVv"", ""WRspread"", ""Quad"", ""TKU"", ""TSKD""], ""fee_bp_illiquid"": 5.0, ""fee_bp_liquid"": 1.0, ""funding_weight"": 0.5, ""min_cross_section"": 10, ""min_days_per_week"": 3, ""nprocs"": 12, ""q_top_frac"": 0.2, ""quintile_frac"": 0.2, ""rank_min_periods"": 26, ""rank_window_weeks"": 52, ""ranking_frame"": ""TS"", ""require_continuous_trading"": false, ""require_finite_positive_prices"": true, ""smooth_window_weeks"": 20, ""tskd_diff_order"": ""avg_then_diff"", ""tskd_min_bars_per_side"": 20, ""turnover_cap"": 0.5, ""vol_min_periods"": 13, ""vol_window_weeks"": 26}",0.3223147499461654,104,MON,walkforward_fold7
2026-08-27T11:17:25.550323+00:00,6828ed3f126fa1e6c8128d2f71aab302,"{""anchor"": ""MON"", ""avol_lookback_weeks"": 12, ""book_terminal_return"": true, ""book_weighting"": ""risk_parity"", ""clip_forward_return"": null, ""construction"": ""books"", ""cost_multiple"": 1.0, ""cpvv_min_days_week"": 4, ""cpvv_window"": ""week"", ""factors"": [""AVOL"", ""Q"", ""RSJ"", ""OFI"", ""CPVm"", ""CPVv"", ""WRspread"", ""TopChg"", ""TKU"", ""TSKD""], ""fee_bp_illiquid"": 5.0, ""fee_bp_liquid"": 1.0, ""funding_weight"": 0.5, ""min_cross_section"": 10, ""min_days_per_week"": 3, ""nprocs"": 12, ""q_top_frac"": 0.2, ""quintile_frac"": 0.2, ""rank_min_periods"": 26, ""rank_window_weeks"": 52, ""ranking_frame"": ""TS"", ""require_continuous_trading"": false, ""require_finite_positive_prices"": true, ""smooth_window_weeks"": 20, ""tskd_diff_order"": ""avg_then_diff"", ""tskd_min_bars_per_side"": 20, ""turnover_cap"": 0.5, ""vol_min_periods"": 13, ""vol_window_weeks"": 26}",0.3223147499461654,104,MON,walkforward_fold7
2026-08-27T11:17:28.861629+00:00,d141780ea8f3b33efb6c09771cfd2e2d,"{""anchor"": ""MON"", ""avol_lookback_weeks"": 12, ""book_terminal_return"": true, ""book_weighting"": ""risk_parity"", ""clip_forward_return"": null, ""construction"": ""books"", ""cost_multiple"": 1.0, ""cpvv_min_days_week"": 4, ""cpvv_window"": ""week"", ""factors"": [""AVOL"", ""Q"", ""RSJ"", ""OFI"", ""CPVm"", ""CPVv"", ""WRspread"", ""TopChg"", ""Quad"", ""TSKD""], ""fee_bp_illiquid"": 5.0, ""fee_bp_liquid"": 1.0, ""funding_weight"": 0.5, ""min_cross_section"": 10, ""min_days_per_week"": 3, ""nprocs"": 12, ""q_top_frac"": 0.2, ""quintile_frac"": 0.2, ""rank_min_periods"": 26, ""rank_window_weeks"": 52, ""ranking_frame"": ""TS"", ""require_continuous_trading"": false, ""require_finite_positive_prices"": true, ""smooth_window_weeks"": 20, ""tskd_diff_order"": ""avg_then_diff"", ""tskd_min_bars_per_side"": 20, ""turnover_cap"": 0.5, ""vol_min_periods"": 13, ""vol_window_weeks"": 26}",0.3353925069045331,104,MON,walkforward_fold7
2026-08-27T11:17:32.020402+00:00,3b4970663b2c912806c27cff9f18d795,"{""anchor"": ""MON"", ""avol_lookback_weeks"": 12, ""book_terminal_return"": true, ""book_weighting"": ""risk_parity"", ""clip_forward_return"": null, ""construction"": ""books"", ""cost_multiple"": 1.0, ""cpvv_min_days_week"": 4, ""cpvv_window"": ""week"", ""factors"": [""AVOL"", ""Q"", ""RSJ"", ""OFI"", ""CPVm"", ""CPVv"", ""WRspread"", ""TopChg"", ""Quad"", ""TKU""], ""fee_bp_illiquid"": 5.0, ""fee_bp_liquid"": 1.0, ""funding_weight"": 0.5, ""min_cross_section"": 10, ""min_days_per_week"": 3, ""nprocs"": 12, ""q_top_frac"": 0.2, ""quintile_frac"": 0.2, ""rank_min_periods"": 26, ""rank_window_weeks"": 52, ""ranking_frame"": ""TS"", ""require_continuous_trading"": false, ""require_finite_positive_prices"": true, ""smooth_window_weeks"": 20, ""tskd_diff_order"": ""avg_then_diff"", ""tskd_min_bars_per_side"": 20, ""turnover_cap"": 0.5, ""vol_min_periods"": 13, ""vol_window_weeks"": 26}",0.3169910043128484,104,MON,walkforward_fold7
2026-08-27T11:17:38.840955+00:00,c1abdc7824b4e88846c8feb4b0e75c44,"{""anchor"": ""MON"", ""avol_lookback_weeks"": 12, ""book_terminal_return"": true, ""book_weighting"": ""risk_parity"", ""clip_forward_return"": null, ""construction"": ""books"", ""cost_multiple"": 1.0, ""cpvv_min_days_week"": 4, ""cpvv_window"": ""week"", ""factors"": null, ""fee_bp_illiquid"": 5.0, ""fee_bp_liquid"": 1.0, ""funding_weight"": 0.5, ""min_cross_section"": 10, ""min_days_per_week"": 3, ""nprocs"": 12, ""q_top_frac"": 0.2, ""quintile_frac"": 0.2, ""rank_min_periods"": 26, ""rank_window_weeks"": 52, ""ranking_frame"": ""TS"", ""require_continuous_trading"": false, ""require_finite_positive_prices"": true, ""smooth_window_weeks"": 20, ""tskd_diff_order"": ""avg_then_diff"", ""tskd_min_bars_per_side"": 20, ""turnover_cap"": 0.5, ""vol_min_periods"": 13, ""vol_window_weeks"": 26}",0.2423274803945183,104,MON,walkforward_fold8
2026-08-27T11:17:42.391231+00:00,009bbe3601fa94b9cc09125d2403812a,"{""anchor"": ""MON"", ""avol_lookback_weeks"": 12, ""book_terminal_return"": true, ""book_weighting"": ""risk_parity"", ""clip_forward_return"": null, ""construction"": ""books"", ""cost_multiple"": 1.0, ""cpvv_min_days_week"": 4, ""cpvv_window"": ""week"", ""factors"": [""Q"", ""RSJ"", ""OFI"", ""CPVm"", ""CPVv"", ""WRspread"", ""TopChg"", ""Quad"", ""TKU"", ""TSKD""], ""fee_bp_illiquid"": 5.0, ""fee_bp_liquid"": 1.0, ""funding_weight"": 0.5, ""min_cross_section"": 10, ""min_days_per_week"": 3, ""nprocs"": 12, ""q_top_frac"": 0.2, ""quintile_frac"": 0.2, ""rank_min_periods"": 26, ""rank_window_weeks"": 52, ""ranking_frame"": ""TS"", ""require_continuous_trading"": false, ""require_finite_positive_prices"": true, ""smooth_window_weeks"": 20, ""tskd_diff_order"": ""avg_then_diff"", ""tskd_min_bars_per_side"": 20, ""turnover_cap"": 0.5, ""vol_min_periods"": 13, ""vol_window_weeks"": 26}",0.20147990700537405,104,MON,walkforward_fold8
2026-08-27T11:17:45.939503+00:00,92d578a6547c446bb6facd02d9c80bfa,"{""anchor"": ""MON"", ""avol_lookback_weeks"": 12, ""book_terminal_return"": true, ""book_weighting"": ""risk_parity"", ""clip_forward_return"": null, ""construction"": ""books"", ""cost_multiple"": 1.0, ""cpvv_min_days_week"": 4, ""cpvv_window"": ""week"", ""factors"": [""AVOL"", ""RSJ"", ""OFI"", ""CPVm"", ""CPVv"", ""WRspread"", ""TopChg"", ""Quad"", ""TKU"", ""TSKD""], ""fee_bp_illiquid"": 5.0, ""fee_bp_liquid"": 1.0, ""funding_weight"": 0.5, ""min_cross_section"": 10, ""min_days_per_week"": 3, ""nprocs"": 12, ""q_top_frac"": 0.2, ""quintile_frac"": 0.2, ""rank_min_periods"": 26, ""rank_window_weeks"": 52, ""ranking_frame"": ""TS"", ""require_continuous_trading"": false, ""require_finite_positive_prices"": true, ""smooth_window_weeks"": 20, ""tskd_diff_order"": ""avg_then_diff"", ""tskd_min_bars_per_side"": 20, ""turnover_cap"": 0.5, ""vol_min_periods"": 13, ""vol_window_weeks"": 26}",0.22795640403299663,104,MON,walkforward_fold8
2026-08-27T11:17:49.416414+00:00,7d570c2ad062cce1fa0a773015915db5,"{""anchor"": ""MON"", ""avol_lookback_weeks"": 12, ""book_terminal_return"": true, ""book_weighting"": ""risk_parity"", ""clip_forward_return"": null, ""construction"": ""books"", ""cost_multiple"": 1.0, ""cpvv_min_days_week"": 4, ""cpvv_window"": ""week"", ""factors"": [""AVOL"", ""Q"", ""OFI"", ""CPVm"", ""CPVv"", ""WRspread"", ""TopChg"", ""Quad"", ""TKU"", ""TSKD""], ""fee_bp_illiquid"": 5.0, ""fee_bp_liquid"": 1.0, ""funding_weight"": 0.5, ""min_cross_section"": 10, ""min_days_per_week"": 3, ""nprocs"": 12, ""q_top_frac"": 0.2, ""quintile_frac"": 0.2, ""rank_min_periods"": 26, ""rank_window_weeks"": 52, ""ranking_frame"": ""TS"", ""require_continuous_trading"": false, ""require_finite_positive_prices"": true, ""smooth_window_weeks"": 20, ""tskd_diff_order"": ""avg_then_diff"", ""tskd_min_bars_per_side"": 20, ""turnover_cap"": 0.5, ""vol_min_periods"": 13, ""vol_window_weeks"": 26}",0.2278987638384566,104,MON,walkforward_fold8
2026-08-27T11:17:52.960606+00:00,fb1be2970994fe8c35fd78b587330a3d,"{""anchor"": ""MON"", ""avol_lookback_weeks"": 12, ""book_terminal_return"": true, ""book_weighting"": ""risk_parity"", ""clip_forward_return"": null, ""construction"": ""books"", ""cost_multiple"": 1.0, ""cpvv_min_days_week"": 4, ""cpvv_window"": ""week"", ""factors"": [""AVOL"", ""Q"", ""RSJ"", ""CPVm"", ""CPVv"", ""WRspread"", ""TopChg"", ""Quad"", ""TKU"", ""TSKD""], ""fee_bp_illiquid"": 5.0, ""fee_bp_liquid"": 1.0, ""funding_weight"": 0.5, ""min_cross_section"": 10, ""min_days_per_week"": 3, ""nprocs"": 12, ""q_top_frac"": 0.2, ""quintile_frac"": 0.2, ""rank_min_periods"": 26, ""rank_window_weeks"": 52, ""ranking_frame"": ""TS"", ""require_continuous_trading"": false, ""require_finite_positive_prices"": true, ""smooth_window_weeks"": 20, ""tskd_diff_order"": ""avg_then_diff"", ""tskd_min_bars_per_side"": 20, ""turnover_cap"": 0.5, ""vol_min_periods"": 13, ""vol_window_weeks"": 26}",0.26038924254014173,104,MON,walkforward_fold8
2026-08-27T11:17:56.036313+00:00,ffd0553dbfe4d46806efb1860e9922c1,"{""anchor"": ""MON"", ""avol_lookback_weeks"": 12, ""book_terminal_return"": true, ""book_weighting"": ""risk_parity"", ""clip_forward_return"": null, ""construction"": ""books"", ""cost_multiple"": 1.0, ""cpvv_min_days_week"": 4, ""cpvv_window"": ""week"", ""factors"": [""AVOL"", ""Q"", ""RSJ"", ""OFI"", ""CPVv"", ""WRspread"", ""TopChg"", ""Quad"", ""TKU"", ""TSKD""], ""fee_bp_illiquid"": 5.0, ""fee_bp_liquid"": 1.0, ""funding_weight"": 0.5, ""min_cross_section"": 10, ""min_days_per_week"": 3, ""nprocs"": 12, ""q_top_frac"": 0.2, ""quintile_frac"": 0.2, ""rank_min_periods"": 26, ""rank_window_weeks"": 52, ""ranking_frame"": ""TS"", ""require_continuous_trading"": false, ""require_finite_positive_prices"": true, ""smooth_window_weeks"": 20, ""tskd_diff_order"": ""avg_then_diff"", ""tskd_min_bars_per_side"": 20, ""turnover_cap"": 0.5, ""vol_min_periods"": 13, ""vol_window_weeks"": 26}",0.24172394734458408,104,MON,walkforward_fold8
2026-08-27T11:17:59.226157+00:00,2b333c7dab1635c92da10bb58c52eb7c,"{""anchor"": ""MON"", ""avol_lookback_weeks"": 12, ""book_terminal_return"": true, ""book_weighting"": ""risk_parity"", ""clip_forward_return"": null, ""construction"": ""books"", ""cost_multiple"": 1.0, ""cpvv_min_days_week"": 4, ""cpvv_window"": ""week"", ""factors"": [""AVOL"", ""Q"", ""RSJ"", ""OFI"", ""CPVm"", ""WRspread"", ""TopChg"", ""Quad"", ""TKU"", ""TSKD""], ""fee_bp_illiquid"": 5.0, ""fee_bp_liquid"": 1.0, ""funding_weight"": 0.5, ""min_cross_section"": 10, ""min_days_per_week"": 3, ""nprocs"": 12, ""q_top_frac"": 0.2, ""quintile_frac"": 0.2, ""rank_min_periods"": 26, ""rank_window_weeks"": 52, ""ranking_frame"": ""TS"", ""require_continuous_trading"": false, ""require_finite_positive_prices"": true, ""smooth_window_weeks"": 20, ""tskd_diff_order"": ""avg_then_diff"", ""tskd_min_bars_per_side"": 20, ""turnover_cap"": 0.5, ""vol_min_periods"": 13, ""vol_window_weeks"": 26}",0.24939417250358845,104,MON,walkforward_fold8
2026-08-27T11:18:02.577468+00:00,711a90488e18a43c27fddceb771a7eff,"{""anchor"": ""MON"", ""avol_lookback_weeks"": 12, ""book_terminal_return"": true, ""book_weighting"": ""risk_parity"", ""clip_forward_return"": null, ""construction"": ""books"", ""cost_multiple"": 1.0, ""cpvv_min_days_week"": 4, ""cpvv_window"": ""week"", ""factors"": [""AVOL"", ""Q"", ""RSJ"", ""OFI"", ""CPVm"", ""CPVv"", ""TopChg"", ""Quad"", ""TKU"", ""TSKD""], ""fee_bp_illiquid"": 5.0, ""fee_bp_liquid"": 1.0, ""funding_weight"": 0.5, ""min_cross_section"": 10, ""min_days_per_week"": 3, ""nprocs"": 12, ""q_top_frac"": 0.2, ""quintile_frac"": 0.2, ""rank_min_periods"": 26, ""rank_window_weeks"": 52, ""ranking_frame"": ""TS"", ""require_continuous_trading"": false, ""require_finite_positive_prices"": true, ""smooth_window_weeks"": 20, ""tskd_diff_order"": ""avg_then_diff"", ""tskd_min_bars_per_side"": 20, ""turnover_cap"": 0.5, ""vol_min_periods"": 13, ""vol_window_weeks"": 26}",0.2423274803945183,104,MON,walkforward_fold8
2026-08-27T11:18:05.838262+00:00,a2a7d419d3dfcdbe4f68062d23277f52,"{""anchor"": ""MON"", ""avol_lookback_weeks"": 12, ""book_terminal_return"": true, ""book_weighting"": ""risk_parity"", ""clip_forward_return"": null, ""construction"": ""books"", ""cost_multiple"": 1.0, ""cpvv_min_days_week"": 4, ""cpvv_window"": ""week"", ""factors"": [""AVOL"", ""Q"", ""RSJ"", ""OFI"", ""CPVm"", ""CPVv"", ""WRspread"", ""Quad"", ""TKU"", ""TSKD""], ""fee_bp_illiquid"": 5.0, ""fee_bp_liquid"": 1.0, ""funding_weight"": 0.5, ""min_cross_section"": 10, ""min_days_per_week"": 3, ""nprocs"": 12, ""q_top_frac"": 0.2, ""quintile_frac"": 0.2, ""rank_min_periods"": 26, ""rank_window_weeks"": 52, ""ranking_frame"": ""TS"", ""require_continuous_trading"": false, ""require_finite_positive_prices"": true, ""smooth_window_weeks"": 20, ""tskd_diff_order"": ""avg_then_diff"", ""tskd_min_bars_per_side"": 20, ""turnover_cap"": 0.5, ""vol_min_periods"": 13, ""vol_window_weeks"": 26}",0.2423274803945183,104,MON,walkforward_fold8
2026-08-27T11:18:09.087663+00:00,6828ed3f126fa1e6c8128d2f71aab302,"{""anchor"": ""MON"", ""avol_lookback_weeks"": 12, ""book_terminal_return"": true, ""book_weighting"": ""risk_parity"", ""clip_forward_return"": null, ""construction"": ""books"", ""cost_multiple"": 1.0, ""cpvv_min_days_week"": 4, ""cpvv_window"": ""week"", ""factors"": [""AVOL"", ""Q"", ""RSJ"", ""OFI"", ""CPVm"", ""CPVv"", ""WRspread"", ""TopChg"", ""TKU"", ""TSKD""], ""fee_bp_illiquid"": 5.0, ""fee_bp_liquid"": 1.0, ""funding_weight"": 0.5, ""min_cross_section"": 10, ""min_days_per_week"": 3, ""nprocs"": 12, ""q_top_frac"": 0.2, ""quintile_frac"": 0.2, ""rank_min_periods"": 26, ""rank_window_weeks"": 52, ""ranking_frame"": ""TS"", ""require_continuous_trading"": false, ""require_finite_positive_prices"": true, ""smooth_window_weeks"": 20, ""tskd_diff_order"": ""avg_then_diff"", ""tskd_min_bars_per_side"": 20, ""turnover_cap"": 0.5, ""vol_min_periods"": 13, ""vol_window_weeks"": 26}",0.2423274803945183,104,MON,walkforward_fold8
2026-08-27T11:18:12.255078+00:00,d141780ea8f3b33efb6c09771cfd2e2d,"{""anchor"": ""MON"", ""avol_lookback_weeks"": 12, ""book_terminal_return"": true, ""book_weighting"": ""risk_parity"", ""clip_forward_return"": null, ""construction"": ""books"", ""cost_multiple"": 1.0, ""cpvv_min_days_week"": 4, ""cpvv_window"": ""week"", ""factors"": [""AVOL"", ""Q"", ""RSJ"", ""OFI"", ""CPVm"", ""CPVv"", ""WRspread"", ""TopChg"", ""Quad"", ""TSKD""], ""fee_bp_illiquid"": 5.0, ""fee_bp_liquid"": 1.0, ""funding_weight"": 0.5, ""min_cross_section"": 10, ""min_days_per_week"": 3, ""nprocs"": 12, ""q_top_frac"": 0.2, ""quintile_frac"": 0.2, ""rank_min_periods"": 26, ""rank_window_weeks"": 52, ""ranking_frame"": ""TS"", ""require_continuous_trading"": false, ""require_finite_positive_prices"": true, ""smooth_window_weeks"": 20, ""tskd_diff_order"": ""avg_then_diff"", ""tskd_min_bars_per_side"": 20, ""turnover_cap"": 0.5, ""vol_min_periods"": 13, ""vol_window_weeks"": 26}",0.2348131408341371,104,MON,walkforward_fold8
2026-08-27T11:18:15.844306+00:00,3b4970663b2c912806c27cff9f18d795,"{""anchor"": ""MON"", ""avol_lookback_weeks"": 12, ""book_terminal_return"": true, ""book_weighting"": ""risk_parity"", ""clip_forward_return"": null, ""construction"": ""books"", ""cost_multiple"": 1.0, ""cpvv_min_days_week"": 4, ""cpvv_window"": ""week"", ""factors"": [""AVOL"", ""Q"", ""RSJ"", ""OFI"", ""CPVm"", ""CPVv"", ""WRspread"", ""TopChg"", ""Quad"", ""TKU""], ""fee_bp_illiquid"": 5.0, ""fee_bp_liquid"": 1.0, ""funding_weight"": 0.5, ""min_cross_section"": 10, ""min_days_per_week"": 3, ""nprocs"": 12, ""q_top_frac"": 0.2, ""quintile_frac"": 0.2, ""rank_min_periods"": 26, ""rank_window_weeks"": 52, ""ranking_frame"": ""TS"", ""require_continuous_trading"": false, ""require_finite_positive_prices"": true, ""smooth_window_weeks"": 20, ""tskd_diff_order"": ""avg_then_diff"", ""tskd_min_bars_per_side"": 20, ""turnover_cap"": 0.5, ""vol_min_periods"": 13, ""vol_window_weeks"": 26}",0.25280974007623924,104,MON,walkforward_fold8
2026-08-27T11:18:22.353176+00:00,c1abdc7824b4e88846c8feb4b0e75c44,"{""anchor"": ""MON"", ""avol_lookback_weeks"": 12, ""book_terminal_return"": true, ""book_weighting"": ""risk_parity"", ""clip_forward_return"": null, ""construction"": ""books"", ""cost_multiple"": 1.0, ""cpvv_min_days_week"": 4, ""cpvv_window"": ""week"", ""factors"": null, ""fee_bp_illiquid"": 5.0, ""fee_bp_liquid"": 1.0, ""funding_weight"": 0.5, ""min_cross_section"": 10, ""min_days_per_week"": 3, ""nprocs"": 12, ""q_top_frac"": 0.2, ""quintile_frac"": 0.2, ""rank_min_periods"": 26, ""rank_window_weeks"": 52, ""ranking_frame"": ""TS"", ""require_continuous_trading"": false, ""require_finite_positive_prices"": true, ""smooth_window_weeks"": 20, ""tskd_diff_order"": ""avg_then_diff"", ""tskd_min_bars_per_side"": 20, ""turnover_cap"": 0.5, ""vol_min_periods"": 13, ""vol_window_weeks"": 26}",0.1712737352498676,104,MON,walkforward_fold9
2026-08-27T11:18:25.647279+00:00,009bbe3601fa94b9cc09125d2403812a,"{""anchor"": ""MON"", ""avol_lookback_weeks"": 12, ""book_terminal_return"": true, ""book_weighting"": ""risk_parity"", ""clip_forward_return"": null, ""construction"": ""books"", ""cost_multiple"": 1.0, ""cpvv_min_days_week"": 4, ""cpvv_window"": ""week"", ""factors"": [""Q"", ""RSJ"", ""OFI"", ""CPVm"", ""CPVv"", ""WRspread"", ""TopChg"", ""Quad"", ""TKU"", ""TSKD""], ""fee_bp_illiquid"": 5.0, ""fee_bp_liquid"": 1.0, ""funding_weight"": 0.5, ""min_cross_section"": 10, ""min_days_per_week"": 3, ""nprocs"": 12, ""q_top_frac"": 0.2, ""quintile_frac"": 0.2, ""rank_min_periods"": 26, ""rank_window_weeks"": 52, ""ranking_frame"": ""TS"", ""require_continuous_trading"": false, ""require_finite_positive_prices"": true, ""smooth_window_weeks"": 20, ""tskd_diff_order"": ""avg_then_diff"", ""tskd_min_bars_per_side"": 20, ""turnover_cap"": 0.5, ""vol_min_periods"": 13, ""vol_window_weeks"": 26}",0.13721287556965933,104,MON,walkforward_fold9
2026-08-27T11:18:28.886890+00:00,92d578a6547c446bb6facd02d9c80bfa,"{""anchor"": ""MON"", ""avol_lookback_weeks"": 12, ""book_terminal_return"": true, ""book_weighting"": ""risk_parity"", ""clip_forward_return"": null, ""construction"": ""books"", ""cost_multiple"": 1.0, ""cpvv_min_days_week"": 4, ""cpvv_window"": ""week"", ""factors"": [""AVOL"", ""RSJ"", ""OFI"", ""CPVm"", ""CPVv"", ""WRspread"", ""TopChg"", ""Quad"", ""TKU"", ""TSKD""], ""fee_bp_illiquid"": 5.0, ""fee_bp_liquid"": 1.0, ""funding_weight"": 0.5, ""min_cross_section"": 10, ""min_days_per_week"": 3, ""nprocs"": 12, ""q_top_frac"": 0.2, ""quintile_frac"": 0.2, ""rank_min_periods"": 26, ""rank_window_weeks"": 52, ""ranking_frame"": ""TS"", ""require_continuous_trading"": false, ""require_finite_positive_prices"": true, ""smooth_window_weeks"": 20, ""tskd_diff_order"": ""avg_then_diff"", ""tskd_min_bars_per_side"": 20, ""turnover_cap"": 0.5, ""vol_min_periods"": 13, ""vol_window_weeks"": 26}",0.17327281769959008,104,MON,walkforward_fold9
2026-08-27T11:18:32.105754+00:00,7d570c2ad062cce1fa0a773015915db5,"{""anchor"": ""MON"", ""avol_lookback_weeks"": 12, ""book_terminal_return"": true, ""book_weighting"": ""risk_parity"", ""clip_forward_return"": null, ""construction"": ""books"", ""cost_multiple"": 1.0, ""cpvv_min_days_week"": 4, ""cpvv_window"": ""week"", ""factors"": [""AVOL"", ""Q"", ""OFI"", ""CPVm"", ""CPVv"", ""WRspread"", ""TopChg"", ""Quad"", ""TKU"", ""TSKD""], ""fee_bp_illiquid"": 5.0, ""fee_bp_liquid"": 1.0, ""funding_weight"": 0.5, ""min_cross_section"": 10, ""min_days_per_week"": 3, ""nprocs"": 12, ""q_top_frac"": 0.2, ""quintile_frac"": 0.2, ""rank_min_periods"": 26, ""rank_window_weeks"": 52, ""ranking_frame"": ""TS"", ""require_continuous_trading"": false, ""require_finite_positive_prices"": true, ""smooth_window_weeks"": 20, ""tskd_diff_order"": ""avg_then_diff"", ""tskd_min_bars_per_side"": 20, ""turnover_cap"": 0.5, ""vol_min_periods"": 13, ""vol_window_weeks"": 26}",0.1846943801490881,104,MON,walkforward_fold9
2026-08-27T11:18:35.531779+00:00,fb1be2970994fe8c35fd78b587330a3d,"{""anchor"": ""MON"", ""avol_lookback_weeks"": 12, ""book_terminal_return"": true, ""book_weighting"": ""risk_parity"", ""clip_forward_return"": null, ""construction"": ""books"", ""cost_multiple"": 1.0, ""cpvv_min_days_week"": 4, ""cpvv_window"": ""week"", ""factors"": [""AVOL"", ""Q"", ""RSJ"", ""CPVm"", ""CPVv"", ""WRspread"", ""TopChg"", ""Quad"", ""TKU"", ""TSKD""], ""fee_bp_illiquid"": 5.0, ""fee_bp_liquid"": 1.0, ""funding_weight"": 0.5, ""min_cross_section"": 10, ""min_days_per_week"": 3, ""nprocs"": 12, ""q_top_frac"": 0.2, ""quintile_frac"": 0.2, ""rank_min_periods"": 26, ""rank_window_weeks"": 52, ""ranking_frame"": ""TS"", ""require_continuous_trading"": false, ""require_finite_positive_prices"": true, ""smooth_window_weeks"": 20, ""tskd_diff_order"": ""avg_then_diff"", ""tskd_min_bars_per_side"": 20, ""turnover_cap"": 0.5, ""vol_min_periods"": 13, ""vol_window_weeks"": 26}",0.17111105909289656,104,MON,walkforward_fold9
2026-08-27T11:18:38.814113+00:00,ffd0553dbfe4d46806efb1860e9922c1,"{""anchor"": ""MON"", ""avol_lookback_weeks"": 12, ""book_terminal_return"": true, ""book_weighting"": ""risk_parity"", ""clip_forward_return"": null, ""construction"": ""books"", ""cost_multiple"": 1.0, ""cpvv_min_days_week"": 4, ""cpvv_window"": ""week"", ""factors"": [""AVOL"", ""Q"", ""RSJ"", ""OFI"", ""CPVv"", ""WRspread"", ""TopChg"", ""Quad"", ""TKU"", ""TSKD""], ""fee_bp_illiquid"": 5.0, ""fee_bp_liquid"": 1.0, ""funding_weight"": 0.5, ""min_cross_section"": 10, ""min_days_per_week"": 3, ""nprocs"": 12, ""q_top_frac"": 0.2, ""quintile_frac"": 0.2, ""rank_min_periods"": 26, ""rank_window_weeks"": 52, ""ranking_frame"": ""TS"", ""require_continuous_trading"": false, ""require_finite_positive_prices"": true, ""smooth_window_weeks"": 20, ""tskd_diff_order"": ""avg_then_diff"", ""tskd_min_bars_per_side"": 20, ""turnover_cap"": 0.5, ""vol_min_periods"": 13, ""vol_window_weeks"": 26}",0.1747902475178132,104,MON,walkforward_fold9
2026-08-27T11:18:41.953486+00:00,2b333c7dab1635c92da10bb58c52eb7c,"{""anchor"": ""MON"", ""avol_lookback_weeks"": 12, ""book_terminal_return"": true, ""book_weighting"": ""risk_parity"", ""clip_forward_return"": null, ""construction"": ""books"", ""cost_multiple"": 1.0, ""cpvv_min_days_week"": 4, ""cpvv_window"": ""week"", ""factors"": [""AVOL"", ""Q"", ""RSJ"", ""OFI"", ""CPVm"", ""WRspread"", ""TopChg"", ""Quad"", ""TKU"", ""TSKD""], ""fee_bp_illiquid"": 5.0, ""fee_bp_liquid"": 1.0, ""funding_weight"": 0.5, ""min_cross_section"": 10, ""min_days_per_week"": 3, ""nprocs"": 12, ""q_top_frac"": 0.2, ""quintile_frac"": 0.2, ""rank_min_periods"": 26, ""rank_window_weeks"": 52, ""ranking_frame"": ""TS"", ""require_continuous_trading"": false, ""require_finite_positive_prices"": true, ""smooth_window_weeks"": 20, ""tskd_diff_order"": ""avg_then_diff"", ""tskd_min_bars_per_side"": 20, ""turnover_cap"": 0.5, ""vol_min_periods"": 13, ""vol_window_weeks"": 26}",0.17637442532790876,104,MON,walkforward_fold9
2026-08-27T11:18:45.309978+00:00,711a90488e18a43c27fddceb771a7eff,"{""anchor"": ""MON"", ""avol_lookback_weeks"": 12, ""book_terminal_return"": true, ""book_weighting"": ""risk_parity"", ""clip_forward_return"": null, ""construction"": ""books"", ""cost_multiple"": 1.0, ""cpvv_min_days_week"": 4, ""cpvv_window"": ""week"", ""factors"": [""AVOL"", ""Q"", ""RSJ"", ""OFI"", ""CPVm"", ""CPVv"", ""TopChg"", ""Quad"", ""TKU"", ""TSKD""], ""fee_bp_illiquid"": 5.0, ""fee_bp_liquid"": 1.0, ""funding_weight"": 0.5, ""min_cross_section"": 10, ""min_days_per_week"": 3, ""nprocs"": 12, ""q_top_frac"": 0.2, ""quintile_frac"": 0.2, ""rank_min_periods"": 26, ""rank_window_weeks"": 52, ""ranking_frame"": ""TS"", ""require_continuous_trading"": false, ""require_finite_positive_prices"": true, ""smooth_window_weeks"": 20, ""tskd_diff_order"": ""avg_then_diff"", ""tskd_min_bars_per_side"": 20, ""turnover_cap"": 0.5, ""vol_min_periods"": 13, ""vol_window_weeks"": 26}",0.1712737352498676,104,MON,walkforward_fold9
2026-08-27T11:18:48.551882+00:00,a2a7d419d3dfcdbe4f68062d23277f52,"{""anchor"": ""MON"", ""avol_lookback_weeks"": 12, ""book_terminal_return"": true, ""book_weighting"": ""risk_parity"", ""clip_forward_return"": null, ""construction"": ""books"", ""cost_multiple"": 1.0, ""cpvv_min_days_week"": 4, ""cpvv_window"": ""week"", ""factors"": [""AVOL"", ""Q"", ""RSJ"", ""OFI"", ""CPVm"", ""CPVv"", ""WRspread"", ""Quad"", ""TKU"", ""TSKD""], ""fee_bp_illiquid"": 5.0, ""fee_bp_liquid"": 1.0, ""funding_weight"": 0.5, ""min_cross_section"": 10, ""min_days_per_week"": 3, ""nprocs"": 12, ""q_top_frac"": 0.2, ""quintile_frac"": 0.2, ""rank_min_periods"": 26, ""rank_window_weeks"": 52, ""ranking_frame"": ""TS"", ""require_continuous_trading"": false, ""require_finite_positive_prices"": true, ""smooth_window_weeks"": 20, ""tskd_diff_order"": ""avg_then_diff"", ""tskd_min_bars_per_side"": 20, ""turnover_cap"": 0.5, ""vol_min_periods"": 13, ""vol_window_weeks"": 26}",0.1712737352498676,104,MON,walkforward_fold9
2026-08-27T11:18:51.636995+00:00,6828ed3f126fa1e6c8128d2f71aab302,"{""anchor"": ""MON"", ""avol_lookback_weeks"": 12, ""book_terminal_return"": true, ""book_weighting"": ""risk_parity"", ""clip_forward_return"": null, ""construction"": ""books"", ""cost_multiple"": 1.0, ""cpvv_min_days_week"": 4, ""cpvv_window"": ""week"", ""factors"": [""AVOL"", ""Q"", ""RSJ"", ""OFI"", ""CPVm"", ""CPVv"", ""WRspread"", ""TopChg"", ""TKU"", ""TSKD""], ""fee_bp_illiquid"": 5.0, ""fee_bp_liquid"": 1.0, ""funding_weight"": 0.5, ""min_cross_section"": 10, ""min_days_per_week"": 3, ""nprocs"": 12, ""q_top_frac"": 0.2, ""quintile_frac"": 0.2, ""rank_min_periods"": 26, ""rank_window_weeks"": 52, ""ranking_frame"": ""TS"", ""require_continuous_trading"": false, ""require_finite_positive_prices"": true, ""smooth_window_weeks"": 20, ""tskd_diff_order"": ""avg_then_diff"", ""tskd_min_bars_per_side"": 20, ""turnover_cap"": 0.5, ""vol_min_periods"": 13, ""vol_window_weeks"": 26}",0.1712737352498676,104,MON,walkforward_fold9
2026-08-27T11:18:54.811566+00:00,d141780ea8f3b33efb6c09771cfd2e2d,"{""anchor"": ""MON"", ""avol_lookback_weeks"": 12, ""book_terminal_return"": true, ""book_weighting"": ""risk_parity"", ""clip_forward_return"": null, ""construction"": ""books"", ""cost_multiple"": 1.0, ""cpvv_min_days_week"": 4, ""cpvv_window"": ""week"", ""factors"": [""AVOL"", ""Q"", ""RSJ"", ""OFI"", ""CPVm"", ""CPVv"", ""WRspread"", ""TopChg"", ""Quad"", ""TSKD""], ""fee_bp_illiquid"": 5.0, ""fee_bp_liquid"": 1.0, ""funding_weight"": 0.5, ""min_cross_section"": 10, ""min_days_per_week"": 3, ""nprocs"": 12, ""q_top_frac"": 0.2, ""quintile_frac"": 0.2, ""rank_min_periods"": 26, ""rank_window_weeks"": 52, ""ranking_frame"": ""TS"", ""require_continuous_trading"": false, ""require_finite_positive_prices"": true, ""smooth_window_weeks"": 20, ""tskd_diff_order"": ""avg_then_diff"", ""tskd_min_bars_per_side"": 20, ""turnover_cap"": 0.5, ""vol_min_periods"": 13, ""vol_window_weeks"": 26}",0.13640342884572731,104,MON,walkforward_fold9
2026-08-27T11:18:58.075550+00:00,3b4970663b2c912806c27cff9f18d795,"{""anchor"": ""MON"", ""avol_lookback_weeks"": 12, ""book_terminal_return"": true, ""book_weighting"": ""risk_parity"", ""clip_forward_return"": null, ""construction"": ""books"", ""cost_multiple"": 1.0, ""cpvv_min_days_week"": 4, ""cpvv_window"": ""week"", ""factors"": [""AVOL"", ""Q"", ""RSJ"", ""OFI"", ""CPVm"", ""CPVv"", ""WRspread"", ""TopChg"", ""Quad"", ""TKU""], ""fee_bp_illiquid"": 5.0, ""fee_bp_liquid"": 1.0, ""funding_weight"": 0.5, ""min_cross_section"": 10, ""min_days_per_week"": 3, ""nprocs"": 12, ""q_top_frac"": 0.2, ""quintile_frac"": 0.2, ""rank_min_periods"": 26, ""rank_window_weeks"": 52, ""ranking_frame"": ""TS"", ""require_continuous_trading"": false, ""require_finite_positive_prices"": true, ""smooth_window_weeks"": 20, ""tskd_diff_order"": ""avg_then_diff"", ""tskd_min_bars_per_side"": 20, ""turnover_cap"": 0.5, ""vol_min_periods"": 13, ""vol_window_weeks"": 26}",0.19542245821431745,104,MON,walkforward_fold9
