hash,config_json,sharpe,anchor,n_weeks
3a609053c05591f568529f01c8bda00d,"{""anchor"": ""MON"", ""avol_lookback_weeks"": 12, ""book_weighting"": ""risk_parity"", ""clip_forward_return"": 1.0, ""construction"": ""books"", ""cost_multiple"": 1.0, ""cpvv_window"": ""week"", ""factors"": [""AVOL""], ""fee_bp_illiquid"": 5.0, ""fee_bp_liquid"": 1.0, ""funding_weight"": 0.5, ""min_cross_section"": 10, ""min_days_per_week"": 3, ""nprocs"": 1, ""q_top_frac"": 0.2, ""quintile_frac"": 0.2, ""rank_min_periods"": 26, ""rank_window_weeks"": 52, ""ranking_frame"": ""XS"", ""require_continuous_trading"": true, ""require_finite_positive_prices"": true, ""smooth_window_weeks"": 20, ""tskd_diff_order"": ""avg_then_diff"", ""tskd_min_bars_per_side"": 20, ""turnover_cap"": 0.5, ""vol_min_periods"": 13, ""vol_window_weeks"": 26}",0.951801248060506,MON,347.0
0ff32fe7b25a8789dcf5cfe59960e952,"{""anchor"": ""MON"", ""avol_lookback_weeks"": 12, ""book_weighting"": ""risk_parity"", ""clip_forward_return"": 1.0, ""construction"": ""books"", ""cost_multiple"": 1.0, ""cpvv_window"": ""week"", ""factors"": [""Q""], ""fee_bp_illiquid"": 5.0, ""fee_bp_liquid"": 1.0, ""funding_weight"": 0.5, ""min_cross_section"": 10, ""min_days_per_week"": 3, ""nprocs"": 1, ""q_top_frac"": 0.2, ""quintile_frac"": 0.2, ""rank_min_periods"": 26, ""rank_window_weeks"": 52, ""ranking_frame"": ""XS"", ""require_continuous_trading"": true, ""require_finite_positive_prices"": true, ""smooth_window_weeks"": 20, ""tskd_diff_order"": ""avg_then_diff"", ""tskd_min_bars_per_side"": 20, ""turnover_cap"": 0.5, ""vol_min_periods"": 13, ""vol_window_weeks"": 26}",0.2157037226822764,MON,347.0
cfe8eceda99659c682d5f9334a261032,"{""anchor"": ""MON"", ""avol_lookback_weeks"": 12, ""book_weighting"": ""risk_parity"", ""clip_forward_return"": 1.0, ""construction"": ""books"", ""cost_multiple"": 1.0, ""cpvv_window"": ""week"", ""factors"": [""RSJ""], ""fee_bp_illiquid"": 5.0, ""fee_bp_liquid"": 1.0, ""funding_weight"": 0.5, ""min_cross_section"": 10, ""min_days_per_week"": 3, ""nprocs"": 1, ""q_top_frac"": 0.2, ""quintile_frac"": 0.2, ""rank_min_periods"": 26, ""rank_window_weeks"": 52, ""ranking_frame"": ""XS"", ""require_continuous_trading"": true, ""require_finite_positive_prices"": true, ""smooth_window_weeks"": 20, ""tskd_diff_order"": ""avg_then_diff"", ""tskd_min_bars_per_side"": 20, ""turnover_cap"": 0.5, ""vol_min_periods"": 13, ""vol_window_weeks"": 26}",1.0649445931422843,MON,347.0
a35d4150a676d4b267d47dd45a6ac512,"{""anchor"": ""MON"", ""avol_lookback_weeks"": 12, ""book_weighting"": ""risk_parity"", ""clip_forward_return"": 1.0, ""construction"": ""books"", ""cost_multiple"": 1.0, ""cpvv_window"": ""week"", ""factors"": [""OFI""], ""fee_bp_illiquid"": 5.0, ""fee_bp_liquid"": 1.0, ""funding_weight"": 0.5, ""min_cross_section"": 10, ""min_days_per_week"": 3, ""nprocs"": 1, ""q_top_frac"": 0.2, ""quintile_frac"": 0.2, ""rank_min_periods"": 26, ""rank_window_weeks"": 52, ""ranking_frame"": ""XS"", ""require_continuous_trading"": true, ""require_finite_positive_prices"": true, ""smooth_window_weeks"": 20, ""tskd_diff_order"": ""avg_then_diff"", ""tskd_min_bars_per_side"": 20, ""turnover_cap"": 0.5, ""vol_min_periods"": 13, ""vol_window_weeks"": 26}",0.5033383180473806,MON,347.0
5b994bafec4babdfed426c5276a9761e,"{""anchor"": ""MON"", ""avol_lookback_weeks"": 12, ""book_weighting"": ""risk_parity"", ""clip_forward_return"": 1.0, ""construction"": ""books"", ""cost_multiple"": 1.0, ""cpvv_window"": ""week"", ""factors"": [""CPVm""], ""fee_bp_illiquid"": 5.0, ""fee_bp_liquid"": 1.0, ""funding_weight"": 0.5, ""min_cross_section"": 10, ""min_days_per_week"": 3, ""nprocs"": 1, ""q_top_frac"": 0.2, ""quintile_frac"": 0.2, ""rank_min_periods"": 26, ""rank_window_weeks"": 52, ""ranking_frame"": ""XS"", ""require_continuous_trading"": true, ""require_finite_positive_prices"": true, ""smooth_window_weeks"": 20, ""tskd_diff_order"": ""avg_then_diff"", ""tskd_min_bars_per_side"": 20, ""turnover_cap"": 0.5, ""vol_min_periods"": 13, ""vol_window_weeks"": 26}",1.0865871437493102,MON,347.0
43ef188416657e822cbe567e244de845,"{""anchor"": ""MON"", ""avol_lookback_weeks"": 12, ""book_weighting"": ""risk_parity"", ""clip_forward_return"": 1.0, ""construction"": ""books"", ""cost_multiple"": 1.0, ""cpvv_window"": ""week"", ""factors"": [""CPVv""], ""fee_bp_illiquid"": 5.0, ""fee_bp_liquid"": 1.0, ""funding_weight"": 0.5, ""min_cross_section"": 10, ""min_days_per_week"": 3, ""nprocs"": 1, ""q_top_frac"": 0.2, ""quintile_frac"": 0.2, ""rank_min_periods"": 26, ""rank_window_weeks"": 52, ""ranking_frame"": ""XS"", ""require_continuous_trading"": true, ""require_finite_positive_prices"": true, ""smooth_window_weeks"": 20, ""tskd_diff_order"": ""avg_then_diff"", ""tskd_min_bars_per_side"": 20, ""turnover_cap"": 0.5, ""vol_min_periods"": 13, ""vol_window_weeks"": 26}",0.2304580755026642,MON,347.0
badf6054486f4d345c4058c8f44945aa,"{""anchor"": ""MON"", ""avol_lookback_weeks"": 12, ""book_weighting"": ""risk_parity"", ""clip_forward_return"": 1.0, ""construction"": ""books"", ""cost_multiple"": 1.0, ""cpvv_window"": ""week"", ""factors"": [""WRspread""], ""fee_bp_illiquid"": 5.0, ""fee_bp_liquid"": 1.0, ""funding_weight"": 0.5, ""min_cross_section"": 10, ""min_days_per_week"": 3, ""nprocs"": 1, ""q_top_frac"": 0.2, ""quintile_frac"": 0.2, ""rank_min_periods"": 26, ""rank_window_weeks"": 52, ""ranking_frame"": ""XS"", ""require_continuous_trading"": true, ""require_finite_positive_prices"": true, ""smooth_window_weeks"": 20, ""tskd_diff_order"": ""avg_then_diff"", ""tskd_min_bars_per_side"": 20, ""turnover_cap"": 0.5, ""vol_min_periods"": 13, ""vol_window_weeks"": 26}",,MON,347.0
7c34bff7af3abceaf4f1782912c65016,"{""anchor"": ""MON"", ""avol_lookback_weeks"": 12, ""book_weighting"": ""risk_parity"", ""clip_forward_return"": 1.0, ""construction"": ""books"", ""cost_multiple"": 1.0, ""cpvv_window"": ""week"", ""factors"": [""TopChg""], ""fee_bp_illiquid"": 5.0, ""fee_bp_liquid"": 1.0, ""funding_weight"": 0.5, ""min_cross_section"": 10, ""min_days_per_week"": 3, ""nprocs"": 1, ""q_top_frac"": 0.2, ""quintile_frac"": 0.2, ""rank_min_periods"": 26, ""rank_window_weeks"": 52, ""ranking_frame"": ""XS"", ""require_continuous_trading"": true, ""require_finite_positive_prices"": true, ""smooth_window_weeks"": 20, ""tskd_diff_order"": ""avg_then_diff"", ""tskd_min_bars_per_side"": 20, ""turnover_cap"": 0.5, ""vol_min_periods"": 13, ""vol_window_weeks"": 26}",,MON,347.0
edf6e3246b8dcab51a2b2aa14f07a703,"{""anchor"": ""MON"", ""avol_lookback_weeks"": 12, ""book_weighting"": ""risk_parity"", ""clip_forward_return"": 1.0, ""construction"": ""books"", ""cost_multiple"": 1.0, ""cpvv_window"": ""week"", ""factors"": [""Quad""], ""fee_bp_illiquid"": 5.0, ""fee_bp_liquid"": 1.0, ""funding_weight"": 0.5, ""min_cross_section"": 10, ""min_days_per_week"": 3, ""nprocs"": 1, ""q_top_frac"": 0.2, ""quintile_frac"": 0.2, ""rank_min_periods"": 26, ""rank_window_weeks"": 52, ""ranking_frame"": ""XS"", ""require_continuous_trading"": true, ""require_finite_positive_prices"": true, ""smooth_window_weeks"": 20, ""tskd_diff_order"": ""avg_then_diff"", ""tskd_min_bars_per_side"": 20, ""turnover_cap"": 0.5, ""vol_min_periods"": 13, ""vol_window_weeks"": 26}",,MON,347.0
a26ce6e8fc2b291bd0e6dd0d351b970d,"{""anchor"": ""MON"", ""avol_lookback_weeks"": 12, ""book_weighting"": ""risk_parity"", ""clip_forward_return"": 1.0, ""construction"": ""books"", ""cost_multiple"": 1.0, ""cpvv_window"": ""week"", ""factors"": [""TKU""], ""fee_bp_illiquid"": 5.0, ""fee_bp_liquid"": 1.0, ""funding_weight"": 0.5, ""min_cross_section"": 10, ""min_days_per_week"": 3, ""nprocs"": 1, ""q_top_frac"": 0.2, ""quintile_frac"": 0.2, ""rank_min_periods"": 26, ""rank_window_weeks"": 52, ""ranking_frame"": ""XS"", ""require_continuous_trading"": true, ""require_finite_positive_prices"": true, ""smooth_window_weeks"": 20, ""tskd_diff_order"": ""avg_then_diff"", ""tskd_min_bars_per_side"": 20, ""turnover_cap"": 0.5, ""vol_min_periods"": 13, ""vol_window_weeks"": 26}",0.7560951990755717,MON,347.0
f574496f20c08a7ed636d8d1c37e67c9,"{""anchor"": ""MON"", ""avol_lookback_weeks"": 12, ""book_weighting"": ""risk_parity"", ""clip_forward_return"": 1.0, ""construction"": ""books"", ""cost_multiple"": 1.0, ""cpvv_window"": ""week"", ""factors"": [""TSKD""], ""fee_bp_illiquid"": 5.0, ""fee_bp_liquid"": 1.0, ""funding_weight"": 0.5, ""min_cross_section"": 10, ""min_days_per_week"": 3, ""nprocs"": 1, ""q_top_frac"": 0.2, ""quintile_frac"": 0.2, ""rank_min_periods"": 26, ""rank_window_weeks"": 52, ""ranking_frame"": ""XS"", ""require_continuous_trading"": true, ""require_finite_positive_prices"": true, ""smooth_window_weeks"": 20, ""tskd_diff_order"": ""avg_then_diff"", ""tskd_min_bars_per_side"": 20, ""turnover_cap"": 0.5, ""vol_min_periods"": 13, ""vol_window_weeks"": 26}",0.3121443747693503,MON,347.0
3953c21c25781d24ffa5299a01dbe3d7,"{""anchor"": ""MON"", ""avol_lookback_weeks"": 12, ""book_weighting"": ""risk_parity"", ""clip_forward_return"": 1.0, ""construction"": ""books"", ""cost_multiple"": 1.0, ""cpvv_window"": ""week"", ""factors"": [""AVOL""], ""fee_bp_illiquid"": 5.0, ""fee_bp_liquid"": 1.0, ""funding_weight"": 0.0, ""min_cross_section"": 10, ""min_days_per_week"": 3, ""nprocs"": 1, ""q_top_frac"": 0.2, ""quintile_frac"": 0.2, ""rank_min_periods"": 26, ""rank_window_weeks"": 52, ""ranking_frame"": ""XS"", ""require_continuous_trading"": true, ""require_finite_positive_prices"": true, ""smooth_window_weeks"": 20, ""tskd_diff_order"": ""avg_then_diff"", ""tskd_min_bars_per_side"": 20, ""turnover_cap"": 0.5, ""vol_min_periods"": 13, ""vol_window_weeks"": 26}",0.8889783838488879,MON,347.0
8da4a3fffa8401c758701d4527b68fd8,"{""anchor"": ""MON"", ""avol_lookback_weeks"": 12, ""book_weighting"": ""risk_parity"", ""clip_forward_return"": 1.0, ""construction"": ""books"", ""cost_multiple"": 1.0, ""cpvv_window"": ""week"", ""factors"": [""Q""], ""fee_bp_illiquid"": 5.0, ""fee_bp_liquid"": 1.0, ""funding_weight"": 0.0, ""min_cross_section"": 10, ""min_days_per_week"": 3, ""nprocs"": 1, ""q_top_frac"": 0.2, ""quintile_frac"": 0.2, ""rank_min_periods"": 26, ""rank_window_weeks"": 52, ""ranking_frame"": ""XS"", ""require_continuous_trading"": true, ""require_finite_positive_prices"": true, ""smooth_window_weeks"": 20, ""tskd_diff_order"": ""avg_then_diff"", ""tskd_min_bars_per_side"": 20, ""turnover_cap"": 0.5, ""vol_min_periods"": 13, ""vol_window_weeks"": 26}",-0.3715103966341601,MON,347.0
197bb9b43da7c310e1c86ffb5f707a2f,"{""anchor"": ""MON"", ""avol_lookback_weeks"": 12, ""book_weighting"": ""risk_parity"", ""clip_forward_return"": 1.0, ""construction"": ""books"", ""cost_multiple"": 1.0, ""cpvv_window"": ""week"", ""factors"": [""RSJ""], ""fee_bp_illiquid"": 5.0, ""fee_bp_liquid"": 1.0, ""funding_weight"": 0.0, ""min_cross_section"": 10, ""min_days_per_week"": 3, ""nprocs"": 1, ""q_top_frac"": 0.2, ""quintile_frac"": 0.2, ""rank_min_periods"": 26, ""rank_window_weeks"": 52, ""ranking_frame"": ""XS"", ""require_continuous_trading"": true, ""require_finite_positive_prices"": true, ""smooth_window_weeks"": 20, ""tskd_diff_order"": ""avg_then_diff"", ""tskd_min_bars_per_side"": 20, ""turnover_cap"": 0.5, ""vol_min_periods"": 13, ""vol_window_weeks"": 26}",0.7819741346661093,MON,347.0
8cf8011694699ec80f5b984eb0b8020f,"{""anchor"": ""MON"", ""avol_lookback_weeks"": 12, ""book_weighting"": ""risk_parity"", ""clip_forward_return"": 1.0, ""construction"": ""books"", ""cost_multiple"": 1.0, ""cpvv_window"": ""week"", ""factors"": [""OFI""], ""fee_bp_illiquid"": 5.0, ""fee_bp_liquid"": 1.0, ""funding_weight"": 0.0, ""min_cross_section"": 10, ""min_days_per_week"": 3, ""nprocs"": 1, ""q_top_frac"": 0.2, ""quintile_frac"": 0.2, ""rank_min_periods"": 26, ""rank_window_weeks"": 52, ""ranking_frame"": ""XS"", ""require_continuous_trading"": true, ""require_finite_positive_prices"": true, ""smooth_window_weeks"": 20, ""tskd_diff_order"": ""avg_then_diff"", ""tskd_min_bars_per_side"": 20, ""turnover_cap"": 0.5, ""vol_min_periods"": 13, ""vol_window_weeks"": 26}",0.0401052869976933,MON,347.0
e4e09ea6fd7208ed2da0cdc8db48ce75,"{""anchor"": ""MON"", ""avol_lookback_weeks"": 12, ""book_weighting"": ""risk_parity"", ""clip_forward_return"": 1.0, ""construction"": ""books"", ""cost_multiple"": 1.0, ""cpvv_window"": ""week"", ""factors"": [""CPVm""], ""fee_bp_illiquid"": 5.0, ""fee_bp_liquid"": 1.0, ""funding_weight"": 0.0, ""min_cross_section"": 10, ""min_days_per_week"": 3, ""nprocs"": 1, ""q_top_frac"": 0.2, ""quintile_frac"": 0.2, ""rank_min_periods"": 26, ""rank_window_weeks"": 52, ""ranking_frame"": ""XS"", ""require_continuous_trading"": true, ""require_finite_positive_prices"": true, ""smooth_window_weeks"": 20, ""tskd_diff_order"": ""avg_then_diff"", ""tskd_min_bars_per_side"": 20, ""turnover_cap"": 0.5, ""vol_min_periods"": 13, ""vol_window_weeks"": 26}",0.6622457893232855,MON,347.0
3bdc50e6bb91cd79f8564d45e5823d81,"{""anchor"": ""MON"", ""avol_lookback_weeks"": 12, ""book_weighting"": ""risk_parity"", ""clip_forward_return"": 1.0, ""construction"": ""books"", ""cost_multiple"": 1.0, ""cpvv_window"": ""week"", ""factors"": [""CPVv""], ""fee_bp_illiquid"": 5.0, ""fee_bp_liquid"": 1.0, ""funding_weight"": 0.0, ""min_cross_section"": 10, ""min_days_per_week"": 3, ""nprocs"": 1, ""q_top_frac"": 0.2, ""quintile_frac"": 0.2, ""rank_min_periods"": 26, ""rank_window_weeks"": 52, ""ranking_frame"": ""XS"", ""require_continuous_trading"": true, ""require_finite_positive_prices"": true, ""smooth_window_weeks"": 20, ""tskd_diff_order"": ""avg_then_diff"", ""tskd_min_bars_per_side"": 20, ""turnover_cap"": 0.5, ""vol_min_periods"": 13, ""vol_window_weeks"": 26}",-0.1336439358550364,MON,347.0
0c0afa1355728d243bf450518691f212,"{""anchor"": ""MON"", ""avol_lookback_weeks"": 12, ""book_weighting"": ""risk_parity"", ""clip_forward_return"": 1.0, ""construction"": ""books"", ""cost_multiple"": 1.0, ""cpvv_window"": ""week"", ""factors"": [""WRspread""], ""fee_bp_illiquid"": 5.0, ""fee_bp_liquid"": 1.0, ""funding_weight"": 0.0, ""min_cross_section"": 10, ""min_days_per_week"": 3, ""nprocs"": 1, ""q_top_frac"": 0.2, ""quintile_frac"": 0.2, ""rank_min_periods"": 26, ""rank_window_weeks"": 52, ""ranking_frame"": ""XS"", ""require_continuous_trading"": true, ""require_finite_positive_prices"": true, ""smooth_window_weeks"": 20, ""tskd_diff_order"": ""avg_then_diff"", ""tskd_min_bars_per_side"": 20, ""turnover_cap"": 0.5, ""vol_min_periods"": 13, ""vol_window_weeks"": 26}",,MON,347.0
7641709a6eb1105e7f6d55921bd3448b,"{""anchor"": ""MON"", ""avol_lookback_weeks"": 12, ""book_weighting"": ""risk_parity"", ""clip_forward_return"": 1.0, ""construction"": ""books"", ""cost_multiple"": 1.0, ""cpvv_window"": ""week"", ""factors"": [""TopChg""], ""fee_bp_illiquid"": 5.0, ""fee_bp_liquid"": 1.0, ""funding_weight"": 0.0, ""min_cross_section"": 10, ""min_days_per_week"": 3, ""nprocs"": 1, ""q_top_frac"": 0.2, ""quintile_frac"": 0.2, ""rank_min_periods"": 26, ""rank_window_weeks"": 52, ""ranking_frame"": ""XS"", ""require_continuous_trading"": true, ""require_finite_positive_prices"": true, ""smooth_window_weeks"": 20, ""tskd_diff_order"": ""avg_then_diff"", ""tskd_min_bars_per_side"": 20, ""turnover_cap"": 0.5, ""vol_min_periods"": 13, ""vol_window_weeks"": 26}",,MON,347.0
3784ff024df8fdafea5594ec37818c2a,"{""anchor"": ""MON"", ""avol_lookback_weeks"": 12, ""book_weighting"": ""risk_parity"", ""clip_forward_return"": 1.0, ""construction"": ""books"", ""cost_multiple"": 1.0, ""cpvv_window"": ""week"", ""factors"": [""Quad""], ""fee_bp_illiquid"": 5.0, ""fee_bp_liquid"": 1.0, ""funding_weight"": 0.0, ""min_cross_section"": 10, ""min_days_per_week"": 3, ""nprocs"": 1, ""q_top_frac"": 0.2, ""quintile_frac"": 0.2, ""rank_min_periods"": 26, ""rank_window_weeks"": 52, ""ranking_frame"": ""XS"", ""require_continuous_trading"": true, ""require_finite_positive_prices"": true, ""smooth_window_weeks"": 20, ""tskd_diff_order"": ""avg_then_diff"", ""tskd_min_bars_per_side"": 20, ""turnover_cap"": 0.5, ""vol_min_periods"": 13, ""vol_window_weeks"": 26}",,MON,347.0
3681656b880c1f09813e01bdfdf2e588,"{""anchor"": ""MON"", ""avol_lookback_weeks"": 12, ""book_weighting"": ""risk_parity"", ""clip_forward_return"": 1.0, ""construction"": ""books"", ""cost_multiple"": 1.0, ""cpvv_window"": ""week"", ""factors"": [""TKU""], ""fee_bp_illiquid"": 5.0, ""fee_bp_liquid"": 1.0, ""funding_weight"": 0.0, ""min_cross_section"": 10, ""min_days_per_week"": 3, ""nprocs"": 1, ""q_top_frac"": 0.2, ""quintile_frac"": 0.2, ""rank_min_periods"": 26, ""rank_window_weeks"": 52, ""ranking_frame"": ""XS"", ""require_continuous_trading"": true, ""require_finite_positive_prices"": true, ""smooth_window_weeks"": 20, ""tskd_diff_order"": ""avg_then_diff"", ""tskd_min_bars_per_side"": 20, ""turnover_cap"": 0.5, ""vol_min_periods"": 13, ""vol_window_weeks"": 26}",0.1601997906224553,MON,347.0
8cf1a86c27fb5b02e231b65faf5e25da,"{""anchor"": ""MON"", ""avol_lookback_weeks"": 12, ""book_weighting"": ""risk_parity"", ""clip_forward_return"": 1.0, ""construction"": ""books"", ""cost_multiple"": 1.0, ""cpvv_window"": ""week"", ""factors"": [""TSKD""], ""fee_bp_illiquid"": 5.0, ""fee_bp_liquid"": 1.0, ""funding_weight"": 0.0, ""min_cross_section"": 10, ""min_days_per_week"": 3, ""nprocs"": 1, ""q_top_frac"": 0.2, ""quintile_frac"": 0.2, ""rank_min_periods"": 26, ""rank_window_weeks"": 52, ""ranking_frame"": ""XS"", ""require_continuous_trading"": true, ""require_finite_positive_prices"": true, ""smooth_window_weeks"": 20, ""tskd_diff_order"": ""avg_then_diff"", ""tskd_min_bars_per_side"": 20, ""turnover_cap"": 0.5, ""vol_min_periods"": 13, ""vol_window_weeks"": 26}",-0.1492058714403238,MON,347.0
9c1c7833211bfcdabc41a85d820e9025,"{""anchor"": ""MON"", ""avol_lookback_weeks"": 12, ""book_weighting"": ""risk_parity"", ""clip_forward_return"": 1.0, ""construction"": ""books"", ""cost_multiple"": 1.0, ""cpvv_window"": ""week"", ""factors"": [""AVOL""], ""fee_bp_illiquid"": 5.0, ""fee_bp_liquid"": 1.0, ""funding_weight"": 0.5, ""min_cross_section"": 10, ""min_days_per_week"": 3, ""nprocs"": 1, ""q_top_frac"": 0.2, ""quintile_frac"": 0.2, ""rank_min_periods"": 26, ""rank_window_weeks"": 52, ""ranking_frame"": ""TS"", ""require_continuous_trading"": true, ""require_finite_positive_prices"": true, ""smooth_window_weeks"": 20, ""tskd_diff_order"": ""avg_then_diff"", ""tskd_min_bars_per_side"": 20, ""turnover_cap"": 0.5, ""vol_min_periods"": 13, ""vol_window_weeks"": 26}",0.4910551027777546,MON,347.0
756540eeff3fd03767b53222fe62d764,"{""anchor"": ""MON"", ""avol_lookback_weeks"": 12, ""book_weighting"": ""risk_parity"", ""clip_forward_return"": 1.0, ""construction"": ""books"", ""cost_multiple"": 1.0, ""cpvv_window"": ""week"", ""factors"": [""Q""], ""fee_bp_illiquid"": 5.0, ""fee_bp_liquid"": 1.0, ""funding_weight"": 0.5, ""min_cross_section"": 10, ""min_days_per_week"": 3, ""nprocs"": 1, ""q_top_frac"": 0.2, ""quintile_frac"": 0.2, ""rank_min_periods"": 26, ""rank_window_weeks"": 52, ""ranking_frame"": ""TS"", ""require_continuous_trading"": true, ""require_finite_positive_prices"": true, ""smooth_window_weeks"": 20, ""tskd_diff_order"": ""avg_then_diff"", ""tskd_min_bars_per_side"": 20, ""turnover_cap"": 0.5, ""vol_min_periods"": 13, ""vol_window_weeks"": 26}",1.0800651374728405,MON,347.0
5200f82f60e43b3eff7334aba1764548,"{""anchor"": ""MON"", ""avol_lookback_weeks"": 12, ""book_weighting"": ""risk_parity"", ""clip_forward_return"": 1.0, ""construction"": ""books"", ""cost_multiple"": 1.0, ""cpvv_window"": ""week"", ""factors"": [""RSJ""], ""fee_bp_illiquid"": 5.0, ""fee_bp_liquid"": 1.0, ""funding_weight"": 0.5, ""min_cross_section"": 10, ""min_days_per_week"": 3, ""nprocs"": 1, ""q_top_frac"": 0.2, ""quintile_frac"": 0.2, ""rank_min_periods"": 26, ""rank_window_weeks"": 52, ""ranking_frame"": ""TS"", ""require_continuous_trading"": true, ""require_finite_positive_prices"": true, ""smooth_window_weeks"": 20, ""tskd_diff_order"": ""avg_then_diff"", ""tskd_min_bars_per_side"": 20, ""turnover_cap"": 0.5, ""vol_min_periods"": 13, ""vol_window_weeks"": 26}",0.8497923185055237,MON,347.0
6940d697407bfdee9750ffac58b4a6fc,"{""anchor"": ""MON"", ""avol_lookback_weeks"": 12, ""book_weighting"": ""risk_parity"", ""clip_forward_return"": 1.0, ""construction"": ""books"", ""cost_multiple"": 1.0, ""cpvv_window"": ""week"", ""factors"": [""OFI""], ""fee_bp_illiquid"": 5.0, ""fee_bp_liquid"": 1.0, ""funding_weight"": 0.5, ""min_cross_section"": 10, ""min_days_per_week"": 3, ""nprocs"": 1, ""q_top_frac"": 0.2, ""quintile_frac"": 0.2, ""rank_min_periods"": 26, ""rank_window_weeks"": 52, ""ranking_frame"": ""TS"", ""require_continuous_trading"": true, ""require_finite_positive_prices"": true, ""smooth_window_weeks"": 20, ""tskd_diff_order"": ""avg_then_diff"", ""tskd_min_bars_per_side"": 20, ""turnover_cap"": 0.5, ""vol_min_periods"": 13, ""vol_window_weeks"": 26}",0.8276490832529001,MON,347.0
0aa1f2836349620502704497c4fc8ece,"{""anchor"": ""MON"", ""avol_lookback_weeks"": 12, ""book_weighting"": ""risk_parity"", ""clip_forward_return"": 1.0, ""construction"": ""books"", ""cost_multiple"": 1.0, ""cpvv_window"": ""week"", ""factors"": [""CPVm""], ""fee_bp_illiquid"": 5.0, ""fee_bp_liquid"": 1.0, ""funding_weight"": 0.5, ""min_cross_section"": 10, ""min_days_per_week"": 3, ""nprocs"": 1, ""q_top_frac"": 0.2, ""quintile_frac"": 0.2, ""rank_min_periods"": 26, ""rank_window_weeks"": 52, ""ranking_frame"": ""TS"", ""require_continuous_trading"": true, ""require_finite_positive_prices"": true, ""smooth_window_weeks"": 20, ""tskd_diff_order"": ""avg_then_diff"", ""tskd_min_bars_per_side"": 20, ""turnover_cap"": 0.5, ""vol_min_periods"": 13, ""vol_window_weeks"": 26}",0.8132490602056643,MON,347.0
d700a18459c408c9084b840a9b798dbe,"{""anchor"": ""MON"", ""avol_lookback_weeks"": 12, ""book_weighting"": ""risk_parity"", ""clip_forward_return"": 1.0, ""construction"": ""books"", ""cost_multiple"": 1.0, ""cpvv_window"": ""week"", ""factors"": [""CPVv""], ""fee_bp_illiquid"": 5.0, ""fee_bp_liquid"": 1.0, ""funding_weight"": 0.5, ""min_cross_section"": 10, ""min_days_per_week"": 3, ""nprocs"": 1, ""q_top_frac"": 0.2, ""quintile_frac"": 0.2, ""rank_min_periods"": 26, ""rank_window_weeks"": 52, ""ranking_frame"": ""TS"", ""require_continuous_trading"": true, ""require_finite_positive_prices"": true, ""smooth_window_weeks"": 20, ""tskd_diff_order"": ""avg_then_diff"", ""tskd_min_bars_per_side"": 20, ""turnover_cap"": 0.5, ""vol_min_periods"": 13, ""vol_window_weeks"": 26}",1.1087102930659922,MON,347.0
0e11a47159178b35ce26d249226576dc,"{""anchor"": ""MON"", ""avol_lookback_weeks"": 12, ""book_weighting"": ""risk_parity"", ""clip_forward_return"": 1.0, ""construction"": ""books"", ""cost_multiple"": 1.0, ""cpvv_window"": ""week"", ""factors"": [""WRspread""], ""fee_bp_illiquid"": 5.0, ""fee_bp_liquid"": 1.0, ""funding_weight"": 0.5, ""min_cross_section"": 10, ""min_days_per_week"": 3, ""nprocs"": 1, ""q_top_frac"": 0.2, ""quintile_frac"": 0.2, ""rank_min_periods"": 26, ""rank_window_weeks"": 52, ""ranking_frame"": ""TS"", ""require_continuous_trading"": true, ""require_finite_positive_prices"": true, ""smooth_window_weeks"": 20, ""tskd_diff_order"": ""avg_then_diff"", ""tskd_min_bars_per_side"": 20, ""turnover_cap"": 0.5, ""vol_min_periods"": 13, ""vol_window_weeks"": 26}",,MON,347.0
987e166e106071a2a4a0f9b8a0f3b51f,"{""anchor"": ""MON"", ""avol_lookback_weeks"": 12, ""book_weighting"": ""risk_parity"", ""clip_forward_return"": 1.0, ""construction"": ""books"", ""cost_multiple"": 1.0, ""cpvv_window"": ""week"", ""factors"": [""TopChg""], ""fee_bp_illiquid"": 5.0, ""fee_bp_liquid"": 1.0, ""funding_weight"": 0.5, ""min_cross_section"": 10, ""min_days_per_week"": 3, ""nprocs"": 1, ""q_top_frac"": 0.2, ""quintile_frac"": 0.2, ""rank_min_periods"": 26, ""rank_window_weeks"": 52, ""ranking_frame"": ""TS"", ""require_continuous_trading"": true, ""require_finite_positive_prices"": true, ""smooth_window_weeks"": 20, ""tskd_diff_order"": ""avg_then_diff"", ""tskd_min_bars_per_side"": 20, ""turnover_cap"": 0.5, ""vol_min_periods"": 13, ""vol_window_weeks"": 26}",,MON,347.0
acf343f875e30d97520903146e89216b,"{""anchor"": ""MON"", ""avol_lookback_weeks"": 12, ""book_weighting"": ""risk_parity"", ""clip_forward_return"": 1.0, ""construction"": ""books"", ""cost_multiple"": 1.0, ""cpvv_window"": ""week"", ""factors"": [""Quad""], ""fee_bp_illiquid"": 5.0, ""fee_bp_liquid"": 1.0, ""funding_weight"": 0.5, ""min_cross_section"": 10, ""min_days_per_week"": 3, ""nprocs"": 1, ""q_top_frac"": 0.2, ""quintile_frac"": 0.2, ""rank_min_periods"": 26, ""rank_window_weeks"": 52, ""ranking_frame"": ""TS"", ""require_continuous_trading"": true, ""require_finite_positive_prices"": true, ""smooth_window_weeks"": 20, ""tskd_diff_order"": ""avg_then_diff"", ""tskd_min_bars_per_side"": 20, ""turnover_cap"": 0.5, ""vol_min_periods"": 13, ""vol_window_weeks"": 26}",,MON,347.0
aca9376a3bdce774130e9dbfc82c7b1b,"{""anchor"": ""MON"", ""avol_lookback_weeks"": 12, ""book_weighting"": ""risk_parity"", ""clip_forward_return"": 1.0, ""construction"": ""books"", ""cost_multiple"": 1.0, ""cpvv_window"": ""week"", ""factors"": [""TKU""], ""fee_bp_illiquid"": 5.0, ""fee_bp_liquid"": 1.0, ""funding_weight"": 0.5, ""min_cross_section"": 10, ""min_days_per_week"": 3, ""nprocs"": 1, ""q_top_frac"": 0.2, ""quintile_frac"": 0.2, ""rank_min_periods"": 26, ""rank_window_weeks"": 52, ""ranking_frame"": ""TS"", ""require_continuous_trading"": true, ""require_finite_positive_prices"": true, ""smooth_window_weeks"": 20, ""tskd_diff_order"": ""avg_then_diff"", ""tskd_min_bars_per_side"": 20, ""turnover_cap"": 0.5, ""vol_min_periods"": 13, ""vol_window_weeks"": 26}",0.9442438837973456,MON,347.0
790c85ac8ed8d75ab7a72b5e1fbb69a4,"{""anchor"": ""MON"", ""avol_lookback_weeks"": 12, ""book_weighting"": ""risk_parity"", ""clip_forward_return"": 1.0, ""construction"": ""books"", ""cost_multiple"": 1.0, ""cpvv_window"": ""week"", ""factors"": [""TSKD""], ""fee_bp_illiquid"": 5.0, ""fee_bp_liquid"": 1.0, ""funding_weight"": 0.5, ""min_cross_section"": 10, ""min_days_per_week"": 3, ""nprocs"": 1, ""q_top_frac"": 0.2, ""quintile_frac"": 0.2, ""rank_min_periods"": 26, ""rank_window_weeks"": 52, ""ranking_frame"": ""TS"", ""require_continuous_trading"": true, ""require_finite_positive_prices"": true, ""smooth_window_weeks"": 20, ""tskd_diff_order"": ""avg_then_diff"", ""tskd_min_bars_per_side"": 20, ""turnover_cap"": 0.5, ""vol_min_periods"": 13, ""vol_window_weeks"": 26}",0.8286801457257675,MON,347.0
13d42bfd3efd0052edac3872f9992749,"{""anchor"": ""MON"", ""avol_lookback_weeks"": 12, ""book_weighting"": ""risk_parity"", ""clip_forward_return"": 1.0, ""construction"": ""books"", ""cost_multiple"": 1.0, ""cpvv_window"": ""week"", ""factors"": [""AVOL""], ""fee_bp_illiquid"": 5.0, ""fee_bp_liquid"": 1.0, ""funding_weight"": 0.0, ""min_cross_section"": 10, ""min_days_per_week"": 3, ""nprocs"": 1, ""q_top_frac"": 0.2, ""quintile_frac"": 0.2, ""rank_min_periods"": 26, ""rank_window_weeks"": 52, ""ranking_frame"": ""TS"", ""require_continuous_trading"": true, ""require_finite_positive_prices"": true, ""smooth_window_weeks"": 20, ""tskd_diff_order"": ""avg_then_diff"", ""tskd_min_bars_per_side"": 20, ""turnover_cap"": 0.5, ""vol_min_periods"": 13, ""vol_window_weeks"": 26}",0.1739504074910316,MON,347.0
1079a798e9fde171b83180819c7189c4,"{""anchor"": ""MON"", ""avol_lookback_weeks"": 12, ""book_weighting"": ""risk_parity"", ""clip_forward_return"": 1.0, ""construction"": ""books"", ""cost_multiple"": 1.0, ""cpvv_window"": ""week"", ""factors"": [""Q""], ""fee_bp_illiquid"": 5.0, ""fee_bp_liquid"": 1.0, ""funding_weight"": 0.0, ""min_cross_section"": 10, ""min_days_per_week"": 3, ""nprocs"": 1, ""q_top_frac"": 0.2, ""quintile_frac"": 0.2, ""rank_min_periods"": 26, ""rank_window_weeks"": 52, ""ranking_frame"": ""TS"", ""require_continuous_trading"": true, ""require_finite_positive_prices"": true, ""smooth_window_weeks"": 20, ""tskd_diff_order"": ""avg_then_diff"", ""tskd_min_bars_per_side"": 20, ""turnover_cap"": 0.5, ""vol_min_periods"": 13, ""vol_window_weeks"": 26}",0.6139370749114793,MON,347.0
176baf1b8cc0030379a6bff39a1dffbf,"{""anchor"": ""MON"", ""avol_lookback_weeks"": 12, ""book_weighting"": ""risk_parity"", ""clip_forward_return"": 1.0, ""construction"": ""books"", ""cost_multiple"": 1.0, ""cpvv_window"": ""week"", ""factors"": [""RSJ""], ""fee_bp_illiquid"": 5.0, ""fee_bp_liquid"": 1.0, ""funding_weight"": 0.0, ""min_cross_section"": 10, ""min_days_per_week"": 3, ""nprocs"": 1, ""q_top_frac"": 0.2, ""quintile_frac"": 0.2, ""rank_min_periods"": 26, ""rank_window_weeks"": 52, ""ranking_frame"": ""TS"", ""require_continuous_trading"": true, ""require_finite_positive_prices"": true, ""smooth_window_weeks"": 20, ""tskd_diff_order"": ""avg_then_diff"", ""tskd_min_bars_per_side"": 20, ""turnover_cap"": 0.5, ""vol_min_periods"": 13, ""vol_window_weeks"": 26}",0.2117998303527215,MON,347.0
1d9b9d74cc523460e083a0e4d29c08d5,"{""anchor"": ""MON"", ""avol_lookback_weeks"": 12, ""book_weighting"": ""risk_parity"", ""clip_forward_return"": 1.0, ""construction"": ""books"", ""cost_multiple"": 1.0, ""cpvv_window"": ""week"", ""factors"": [""OFI""], ""fee_bp_illiquid"": 5.0, ""fee_bp_liquid"": 1.0, ""funding_weight"": 0.0, ""min_cross_section"": 10, ""min_days_per_week"": 3, ""nprocs"": 1, ""q_top_frac"": 0.2, ""quintile_frac"": 0.2, ""rank_min_periods"": 26, ""rank_window_weeks"": 52, ""ranking_frame"": ""TS"", ""require_continuous_trading"": true, ""require_finite_positive_prices"": true, ""smooth_window_weeks"": 20, ""tskd_diff_order"": ""avg_then_diff"", ""tskd_min_bars_per_side"": 20, ""turnover_cap"": 0.5, ""vol_min_periods"": 13, ""vol_window_weeks"": 26}",0.4620757395136084,MON,347.0
56f4974840c6af64dd496c28e67234cc,"{""anchor"": ""MON"", ""avol_lookback_weeks"": 12, ""book_weighting"": ""risk_parity"", ""clip_forward_return"": 1.0, ""construction"": ""books"", ""cost_multiple"": 1.0, ""cpvv_window"": ""week"", ""factors"": [""CPVm""], ""fee_bp_illiquid"": 5.0, ""fee_bp_liquid"": 1.0, ""funding_weight"": 0.0, ""min_cross_section"": 10, ""min_days_per_week"": 3, ""nprocs"": 1, ""q_top_frac"": 0.2, ""quintile_frac"": 0.2, ""rank_min_periods"": 26, ""rank_window_weeks"": 52, ""ranking_frame"": ""TS"", ""require_continuous_trading"": true, ""require_finite_positive_prices"": true, ""smooth_window_weeks"": 20, ""tskd_diff_order"": ""avg_then_diff"", ""tskd_min_bars_per_side"": 20, ""turnover_cap"": 0.5, ""vol_min_periods"": 13, ""vol_window_weeks"": 26}",0.4786733810606553,MON,347.0
3f30615232e8e220598531c740509047,"{""anchor"": ""MON"", ""avol_lookback_weeks"": 12, ""book_weighting"": ""risk_parity"", ""clip_forward_return"": 1.0, ""construction"": ""books"", ""cost_multiple"": 1.0, ""cpvv_window"": ""week"", ""factors"": [""CPVv""], ""fee_bp_illiquid"": 5.0, ""fee_bp_liquid"": 1.0, ""funding_weight"": 0.0, ""min_cross_section"": 10, ""min_days_per_week"": 3, ""nprocs"": 1, ""q_top_frac"": 0.2, ""quintile_frac"": 0.2, ""rank_min_periods"": 26, ""rank_window_weeks"": 52, ""ranking_frame"": ""TS"", ""require_continuous_trading"": true, ""require_finite_positive_prices"": true, ""smooth_window_weeks"": 20, ""tskd_diff_order"": ""avg_then_diff"", ""tskd_min_bars_per_side"": 20, ""turnover_cap"": 0.5, ""vol_min_periods"": 13, ""vol_window_weeks"": 26}",0.6465099156304445,MON,347.0
447920e152a3c06715295db158a966cb,"{""anchor"": ""MON"", ""avol_lookback_weeks"": 12, ""book_weighting"": ""risk_parity"", ""clip_forward_return"": 1.0, ""construction"": ""books"", ""cost_multiple"": 1.0, ""cpvv_window"": ""week"", ""factors"": [""WRspread""], ""fee_bp_illiquid"": 5.0, ""fee_bp_liquid"": 1.0, ""funding_weight"": 0.0, ""min_cross_section"": 10, ""min_days_per_week"": 3, ""nprocs"": 1, ""q_top_frac"": 0.2, ""quintile_frac"": 0.2, ""rank_min_periods"": 26, ""rank_window_weeks"": 52, ""ranking_frame"": ""TS"", ""require_continuous_trading"": true, ""require_finite_positive_prices"": true, ""smooth_window_weeks"": 20, ""tskd_diff_order"": ""avg_then_diff"", ""tskd_min_bars_per_side"": 20, ""turnover_cap"": 0.5, ""vol_min_periods"": 13, ""vol_window_weeks"": 26}",,MON,347.0
119ce82977bf23235073d916a60118d5,"{""anchor"": ""MON"", ""avol_lookback_weeks"": 12, ""book_weighting"": ""risk_parity"", ""clip_forward_return"": 1.0, ""construction"": ""books"", ""cost_multiple"": 1.0, ""cpvv_window"": ""week"", ""factors"": [""TopChg""], ""fee_bp_illiquid"": 5.0, ""fee_bp_liquid"": 1.0, ""funding_weight"": 0.0, ""min_cross_section"": 10, ""min_days_per_week"": 3, ""nprocs"": 1, ""q_top_frac"": 0.2, ""quintile_frac"": 0.2, ""rank_min_periods"": 26, ""rank_window_weeks"": 52, ""ranking_frame"": ""TS"", ""require_continuous_trading"": true, ""require_finite_positive_prices"": true, ""smooth_window_weeks"": 20, ""tskd_diff_order"": ""avg_then_diff"", ""tskd_min_bars_per_side"": 20, ""turnover_cap"": 0.5, ""vol_min_periods"": 13, ""vol_window_weeks"": 26}",,MON,347.0
aca0335330d26033b5461812f82831a4,"{""anchor"": ""MON"", ""avol_lookback_weeks"": 12, ""book_weighting"": ""risk_parity"", ""clip_forward_return"": 1.0, ""construction"": ""books"", ""cost_multiple"": 1.0, ""cpvv_window"": ""week"", ""factors"": [""Quad""], ""fee_bp_illiquid"": 5.0, ""fee_bp_liquid"": 1.0, ""funding_weight"": 0.0, ""min_cross_section"": 10, ""min_days_per_week"": 3, ""nprocs"": 1, ""q_top_frac"": 0.2, ""quintile_frac"": 0.2, ""rank_min_periods"": 26, ""rank_window_weeks"": 52, ""ranking_frame"": ""TS"", ""require_continuous_trading"": true, ""require_finite_positive_prices"": true, ""smooth_window_weeks"": 20, ""tskd_diff_order"": ""avg_then_diff"", ""tskd_min_bars_per_side"": 20, ""turnover_cap"": 0.5, ""vol_min_periods"": 13, ""vol_window_weeks"": 26}",,MON,347.0
7386142faf398da326d9050370ad91b2,"{""anchor"": ""MON"", ""avol_lookback_weeks"": 12, ""book_weighting"": ""risk_parity"", ""clip_forward_return"": 1.0, ""construction"": ""books"", ""cost_multiple"": 1.0, ""cpvv_window"": ""week"", ""factors"": [""TKU""], ""fee_bp_illiquid"": 5.0, ""fee_bp_liquid"": 1.0, ""funding_weight"": 0.0, ""min_cross_section"": 10, ""min_days_per_week"": 3, ""nprocs"": 1, ""q_top_frac"": 0.2, ""quintile_frac"": 0.2, ""rank_min_periods"": 26, ""rank_window_weeks"": 52, ""ranking_frame"": ""TS"", ""require_continuous_trading"": true, ""require_finite_positive_prices"": true, ""smooth_window_weeks"": 20, ""tskd_diff_order"": ""avg_then_diff"", ""tskd_min_bars_per_side"": 20, ""turnover_cap"": 0.5, ""vol_min_periods"": 13, ""vol_window_weeks"": 26}",0.610265442502646,MON,347.0
cd9d92809189c063e729afa0e7a29c10,"{""anchor"": ""MON"", ""avol_lookback_weeks"": 12, ""book_weighting"": ""risk_parity"", ""clip_forward_return"": 1.0, ""construction"": ""books"", ""cost_multiple"": 1.0, ""cpvv_window"": ""week"", ""factors"": [""TSKD""], ""fee_bp_illiquid"": 5.0, ""fee_bp_liquid"": 1.0, ""funding_weight"": 0.0, ""min_cross_section"": 10, ""min_days_per_week"": 3, ""nprocs"": 1, ""q_top_frac"": 0.2, ""quintile_frac"": 0.2, ""rank_min_periods"": 26, ""rank_window_weeks"": 52, ""ranking_frame"": ""TS"", ""require_continuous_trading"": true, ""require_finite_positive_prices"": true, ""smooth_window_weeks"": 20, ""tskd_diff_order"": ""avg_then_diff"", ""tskd_min_bars_per_side"": 20, ""turnover_cap"": 0.5, ""vol_min_periods"": 13, ""vol_window_weeks"": 26}",0.3962155150604607,MON,347.0
3a609053c05591f568529f01c8bda00d,"{""anchor"": ""MON"", ""avol_lookback_weeks"": 12, ""book_weighting"": ""risk_parity"", ""clip_forward_return"": 1.0, ""construction"": ""books"", ""cost_multiple"": 1.0, ""cpvv_window"": ""week"", ""factors"": [""AVOL""], ""fee_bp_illiquid"": 5.0, ""fee_bp_liquid"": 1.0, ""funding_weight"": 0.5, ""min_cross_section"": 10, ""min_days_per_week"": 3, ""nprocs"": 1, ""q_top_frac"": 0.2, ""quintile_frac"": 0.2, ""rank_min_periods"": 26, ""rank_window_weeks"": 52, ""ranking_frame"": ""XS"", ""require_continuous_trading"": true, ""require_finite_positive_prices"": true, ""smooth_window_weeks"": 20, ""tskd_diff_order"": ""avg_then_diff"", ""tskd_min_bars_per_side"": 20, ""turnover_cap"": 0.5, ""vol_min_periods"": 13, ""vol_window_weeks"": 26}",0.951801248060506,MON,347.0
0ff32fe7b25a8789dcf5cfe59960e952,"{""anchor"": ""MON"", ""avol_lookback_weeks"": 12, ""book_weighting"": ""risk_parity"", ""clip_forward_return"": 1.0, ""construction"": ""books"", ""cost_multiple"": 1.0, ""cpvv_window"": ""week"", ""factors"": [""Q""], ""fee_bp_illiquid"": 5.0, ""fee_bp_liquid"": 1.0, ""funding_weight"": 0.5, ""min_cross_section"": 10, ""min_days_per_week"": 3, ""nprocs"": 1, ""q_top_frac"": 0.2, ""quintile_frac"": 0.2, ""rank_min_periods"": 26, ""rank_window_weeks"": 52, ""ranking_frame"": ""XS"", ""require_continuous_trading"": true, ""require_finite_positive_prices"": true, ""smooth_window_weeks"": 20, ""tskd_diff_order"": ""avg_then_diff"", ""tskd_min_bars_per_side"": 20, ""turnover_cap"": 0.5, ""vol_min_periods"": 13, ""vol_window_weeks"": 26}",0.2157037226822764,MON,347.0
cfe8eceda99659c682d5f9334a261032,"{""anchor"": ""MON"", ""avol_lookback_weeks"": 12, ""book_weighting"": ""risk_parity"", ""clip_forward_return"": 1.0, ""construction"": ""books"", ""cost_multiple"": 1.0, ""cpvv_window"": ""week"", ""factors"": [""RSJ""], ""fee_bp_illiquid"": 5.0, ""fee_bp_liquid"": 1.0, ""funding_weight"": 0.5, ""min_cross_section"": 10, ""min_days_per_week"": 3, ""nprocs"": 1, ""q_top_frac"": 0.2, ""quintile_frac"": 0.2, ""rank_min_periods"": 26, ""rank_window_weeks"": 52, ""ranking_frame"": ""XS"", ""require_continuous_trading"": true, ""require_finite_positive_prices"": true, ""smooth_window_weeks"": 20, ""tskd_diff_order"": ""avg_then_diff"", ""tskd_min_bars_per_side"": 20, ""turnover_cap"": 0.5, ""vol_min_periods"": 13, ""vol_window_weeks"": 26}",1.0649445931422843,MON,347.0
a35d4150a676d4b267d47dd45a6ac512,"{""anchor"": ""MON"", ""avol_lookback_weeks"": 12, ""book_weighting"": ""risk_parity"", ""clip_forward_return"": 1.0, ""construction"": ""books"", ""cost_multiple"": 1.0, ""cpvv_window"": ""week"", ""factors"": [""OFI""], ""fee_bp_illiquid"": 5.0, ""fee_bp_liquid"": 1.0, ""funding_weight"": 0.5, ""min_cross_section"": 10, ""min_days_per_week"": 3, ""nprocs"": 1, ""q_top_frac"": 0.2, ""quintile_frac"": 0.2, ""rank_min_periods"": 26, ""rank_window_weeks"": 52, ""ranking_frame"": ""XS"", ""require_continuous_trading"": true, ""require_finite_positive_prices"": true, ""smooth_window_weeks"": 20, ""tskd_diff_order"": ""avg_then_diff"", ""tskd_min_bars_per_side"": 20, ""turnover_cap"": 0.5, ""vol_min_periods"": 13, ""vol_window_weeks"": 26}",0.5033383180473806,MON,347.0
5b994bafec4babdfed426c5276a9761e,"{""anchor"": ""MON"", ""avol_lookback_weeks"": 12, ""book_weighting"": ""risk_parity"", ""clip_forward_return"": 1.0, ""construction"": ""books"", ""cost_multiple"": 1.0, ""cpvv_window"": ""week"", ""factors"": [""CPVm""], ""fee_bp_illiquid"": 5.0, ""fee_bp_liquid"": 1.0, ""funding_weight"": 0.5, ""min_cross_section"": 10, ""min_days_per_week"": 3, ""nprocs"": 1, ""q_top_frac"": 0.2, ""quintile_frac"": 0.2, ""rank_min_periods"": 26, ""rank_window_weeks"": 52, ""ranking_frame"": ""XS"", ""require_continuous_trading"": true, ""require_finite_positive_prices"": true, ""smooth_window_weeks"": 20, ""tskd_diff_order"": ""avg_then_diff"", ""tskd_min_bars_per_side"": 20, ""turnover_cap"": 0.5, ""vol_min_periods"": 13, ""vol_window_weeks"": 26}",1.0865871437493102,MON,347.0
43ef188416657e822cbe567e244de845,"{""anchor"": ""MON"", ""avol_lookback_weeks"": 12, ""book_weighting"": ""risk_parity"", ""clip_forward_return"": 1.0, ""construction"": ""books"", ""cost_multiple"": 1.0, ""cpvv_window"": ""week"", ""factors"": [""CPVv""], ""fee_bp_illiquid"": 5.0, ""fee_bp_liquid"": 1.0, ""funding_weight"": 0.5, ""min_cross_section"": 10, ""min_days_per_week"": 3, ""nprocs"": 1, ""q_top_frac"": 0.2, ""quintile_frac"": 0.2, ""rank_min_periods"": 26, ""rank_window_weeks"": 52, ""ranking_frame"": ""XS"", ""require_continuous_trading"": true, ""require_finite_positive_prices"": true, ""smooth_window_weeks"": 20, ""tskd_diff_order"": ""avg_then_diff"", ""tskd_min_bars_per_side"": 20, ""turnover_cap"": 0.5, ""vol_min_periods"": 13, ""vol_window_weeks"": 26}",0.2304580755026642,MON,347.0
badf6054486f4d345c4058c8f44945aa,"{""anchor"": ""MON"", ""avol_lookback_weeks"": 12, ""book_weighting"": ""risk_parity"", ""clip_forward_return"": 1.0, ""construction"": ""books"", ""cost_multiple"": 1.0, ""cpvv_window"": ""week"", ""factors"": [""WRspread""], ""fee_bp_illiquid"": 5.0, ""fee_bp_liquid"": 1.0, ""funding_weight"": 0.5, ""min_cross_section"": 10, ""min_days_per_week"": 3, ""nprocs"": 1, ""q_top_frac"": 0.2, ""quintile_frac"": 0.2, ""rank_min_periods"": 26, ""rank_window_weeks"": 52, ""ranking_frame"": ""XS"", ""require_continuous_trading"": true, ""require_finite_positive_prices"": true, ""smooth_window_weeks"": 20, ""tskd_diff_order"": ""avg_then_diff"", ""tskd_min_bars_per_side"": 20, ""turnover_cap"": 0.5, ""vol_min_periods"": 13, ""vol_window_weeks"": 26}",,MON,347.0
7c34bff7af3abceaf4f1782912c65016,"{""anchor"": ""MON"", ""avol_lookback_weeks"": 12, ""book_weighting"": ""risk_parity"", ""clip_forward_return"": 1.0, ""construction"": ""books"", ""cost_multiple"": 1.0, ""cpvv_window"": ""week"", ""factors"": [""TopChg""], ""fee_bp_illiquid"": 5.0, ""fee_bp_liquid"": 1.0, ""funding_weight"": 0.5, ""min_cross_section"": 10, ""min_days_per_week"": 3, ""nprocs"": 1, ""q_top_frac"": 0.2, ""quintile_frac"": 0.2, ""rank_min_periods"": 26, ""rank_window_weeks"": 52, ""ranking_frame"": ""XS"", ""require_continuous_trading"": true, ""require_finite_positive_prices"": true, ""smooth_window_weeks"": 20, ""tskd_diff_order"": ""avg_then_diff"", ""tskd_min_bars_per_side"": 20, ""turnover_cap"": 0.5, ""vol_min_periods"": 13, ""vol_window_weeks"": 26}",,MON,347.0
edf6e3246b8dcab51a2b2aa14f07a703,"{""anchor"": ""MON"", ""avol_lookback_weeks"": 12, ""book_weighting"": ""risk_parity"", ""clip_forward_return"": 1.0, ""construction"": ""books"", ""cost_multiple"": 1.0, ""cpvv_window"": ""week"", ""factors"": [""Quad""], ""fee_bp_illiquid"": 5.0, ""fee_bp_liquid"": 1.0, ""funding_weight"": 0.5, ""min_cross_section"": 10, ""min_days_per_week"": 3, ""nprocs"": 1, ""q_top_frac"": 0.2, ""quintile_frac"": 0.2, ""rank_min_periods"": 26, ""rank_window_weeks"": 52, ""ranking_frame"": ""XS"", ""require_continuous_trading"": true, ""require_finite_positive_prices"": true, ""smooth_window_weeks"": 20, ""tskd_diff_order"": ""avg_then_diff"", ""tskd_min_bars_per_side"": 20, ""turnover_cap"": 0.5, ""vol_min_periods"": 13, ""vol_window_weeks"": 26}",,MON,347.0
a26ce6e8fc2b291bd0e6dd0d351b970d,"{""anchor"": ""MON"", ""avol_lookback_weeks"": 12, ""book_weighting"": ""risk_parity"", ""clip_forward_return"": 1.0, ""construction"": ""books"", ""cost_multiple"": 1.0, ""cpvv_window"": ""week"", ""factors"": [""TKU""], ""fee_bp_illiquid"": 5.0, ""fee_bp_liquid"": 1.0, ""funding_weight"": 0.5, ""min_cross_section"": 10, ""min_days_per_week"": 3, ""nprocs"": 1, ""q_top_frac"": 0.2, ""quintile_frac"": 0.2, ""rank_min_periods"": 26, ""rank_window_weeks"": 52, ""ranking_frame"": ""XS"", ""require_continuous_trading"": true, ""require_finite_positive_prices"": true, ""smooth_window_weeks"": 20, ""tskd_diff_order"": ""avg_then_diff"", ""tskd_min_bars_per_side"": 20, ""turnover_cap"": 0.5, ""vol_min_periods"": 13, ""vol_window_weeks"": 26}",0.7560951990755717,MON,347.0
f574496f20c08a7ed636d8d1c37e67c9,"{""anchor"": ""MON"", ""avol_lookback_weeks"": 12, ""book_weighting"": ""risk_parity"", ""clip_forward_return"": 1.0, ""construction"": ""books"", ""cost_multiple"": 1.0, ""cpvv_window"": ""week"", ""factors"": [""TSKD""], ""fee_bp_illiquid"": 5.0, ""fee_bp_liquid"": 1.0, ""funding_weight"": 0.5, ""min_cross_section"": 10, ""min_days_per_week"": 3, ""nprocs"": 1, ""q_top_frac"": 0.2, ""quintile_frac"": 0.2, ""rank_min_periods"": 26, ""rank_window_weeks"": 52, ""ranking_frame"": ""XS"", ""require_continuous_trading"": true, ""require_finite_positive_prices"": true, ""smooth_window_weeks"": 20, ""tskd_diff_order"": ""avg_then_diff"", ""tskd_min_bars_per_side"": 20, ""turnover_cap"": 0.5, ""vol_min_periods"": 13, ""vol_window_weeks"": 26}",0.3121443747693503,MON,347.0
d5efd48b8323b6028562ccf4c1f1b0a8,"{""anchor"": ""MON"", ""avol_lookback_weeks"": 12, ""book_weighting"": ""risk_parity"", ""clip_forward_return"": 1.0, ""construction"": ""books"", ""cost_multiple"": 1.0, ""cpvv_window"": ""week"", ""factors"": [""AVOL""], ""fee_bp_illiquid"": 5.0, ""fee_bp_liquid"": 1.0, ""funding_weight"": 0.5, ""min_cross_section"": 10, ""min_days_per_week"": 3, ""nprocs"": 1, ""q_top_frac"": 0.2, ""quintile_frac"": 0.2, ""rank_min_periods"": 26, ""rank_window_weeks"": 52, ""ranking_frame"": ""XS_standardised"", ""require_continuous_trading"": true, ""require_finite_positive_prices"": true, ""smooth_window_weeks"": 20, ""tskd_diff_order"": ""avg_then_diff"", ""tskd_min_bars_per_side"": 20, ""turnover_cap"": 0.5, ""vol_min_periods"": 13, ""vol_window_weeks"": 26}",0.734450092395122,MON,347.0
3fc55ab72e46887f00a3747d90f71506,"{""anchor"": ""MON"", ""avol_lookback_weeks"": 12, ""book_weighting"": ""risk_parity"", ""clip_forward_return"": 1.0, ""construction"": ""books"", ""cost_multiple"": 1.0, ""cpvv_window"": ""week"", ""factors"": [""Q""], ""fee_bp_illiquid"": 5.0, ""fee_bp_liquid"": 1.0, ""funding_weight"": 0.5, ""min_cross_section"": 10, ""min_days_per_week"": 3, ""nprocs"": 1, ""q_top_frac"": 0.2, ""quintile_frac"": 0.2, ""rank_min_periods"": 26, ""rank_window_weeks"": 52, ""ranking_frame"": ""XS_standardised"", ""require_continuous_trading"": true, ""require_finite_positive_prices"": true, ""smooth_window_weeks"": 20, ""tskd_diff_order"": ""avg_then_diff"", ""tskd_min_bars_per_side"": 20, ""turnover_cap"": 0.5, ""vol_min_periods"": 13, ""vol_window_weeks"": 26}",0.9210585460022844,MON,347.0
0c6f657bad54a14acdb2b1d5ad421f8b,"{""anchor"": ""MON"", ""avol_lookback_weeks"": 12, ""book_weighting"": ""risk_parity"", ""clip_forward_return"": 1.0, ""construction"": ""books"", ""cost_multiple"": 1.0, ""cpvv_window"": ""week"", ""factors"": [""RSJ""], ""fee_bp_illiquid"": 5.0, ""fee_bp_liquid"": 1.0, ""funding_weight"": 0.5, ""min_cross_section"": 10, ""min_days_per_week"": 3, ""nprocs"": 1, ""q_top_frac"": 0.2, ""quintile_frac"": 0.2, ""rank_min_periods"": 26, ""rank_window_weeks"": 52, ""ranking_frame"": ""XS_standardised"", ""require_continuous_trading"": true, ""require_finite_positive_prices"": true, ""smooth_window_weeks"": 20, ""tskd_diff_order"": ""avg_then_diff"", ""tskd_min_bars_per_side"": 20, ""turnover_cap"": 0.5, ""vol_min_periods"": 13, ""vol_window_weeks"": 26}",0.7756432266057568,MON,347.0
c4c403bd887f8bf070f5a539185f0d25,"{""anchor"": ""MON"", ""avol_lookback_weeks"": 12, ""book_weighting"": ""risk_parity"", ""clip_forward_return"": 1.0, ""construction"": ""books"", ""cost_multiple"": 1.0, ""cpvv_window"": ""week"", ""factors"": [""OFI""], ""fee_bp_illiquid"": 5.0, ""fee_bp_liquid"": 1.0, ""funding_weight"": 0.5, ""min_cross_section"": 10, ""min_days_per_week"": 3, ""nprocs"": 1, ""q_top_frac"": 0.2, ""quintile_frac"": 0.2, ""rank_min_periods"": 26, ""rank_window_weeks"": 52, ""ranking_frame"": ""XS_standardised"", ""require_continuous_trading"": true, ""require_finite_positive_prices"": true, ""smooth_window_weeks"": 20, ""tskd_diff_order"": ""avg_then_diff"", ""tskd_min_bars_per_side"": 20, ""turnover_cap"": 0.5, ""vol_min_periods"": 13, ""vol_window_weeks"": 26}",0.7887007014961512,MON,347.0
103b6424b6bab19f7ff2d68c775a1dd3,"{""anchor"": ""MON"", ""avol_lookback_weeks"": 12, ""book_weighting"": ""risk_parity"", ""clip_forward_return"": 1.0, ""construction"": ""books"", ""cost_multiple"": 1.0, ""cpvv_window"": ""week"", ""factors"": [""CPVm""], ""fee_bp_illiquid"": 5.0, ""fee_bp_liquid"": 1.0, ""funding_weight"": 0.5, ""min_cross_section"": 10, ""min_days_per_week"": 3, ""nprocs"": 1, ""q_top_frac"": 0.2, ""quintile_frac"": 0.2, ""rank_min_periods"": 26, ""rank_window_weeks"": 52, ""ranking_frame"": ""XS_standardised"", ""require_continuous_trading"": true, ""require_finite_positive_prices"": true, ""smooth_window_weeks"": 20, ""tskd_diff_order"": ""avg_then_diff"", ""tskd_min_bars_per_side"": 20, ""turnover_cap"": 0.5, ""vol_min_periods"": 13, ""vol_window_weeks"": 26}",0.8956303562182589,MON,347.0
ad0cd5e8e03a11413aaecf4fdfd3f92c,"{""anchor"": ""MON"", ""avol_lookback_weeks"": 12, ""book_weighting"": ""risk_parity"", ""clip_forward_return"": 1.0, ""construction"": ""books"", ""cost_multiple"": 1.0, ""cpvv_window"": ""week"", ""factors"": [""CPVv""], ""fee_bp_illiquid"": 5.0, ""fee_bp_liquid"": 1.0, ""funding_weight"": 0.5, ""min_cross_section"": 10, ""min_days_per_week"": 3, ""nprocs"": 1, ""q_top_frac"": 0.2, ""quintile_frac"": 0.2, ""rank_min_periods"": 26, ""rank_window_weeks"": 52, ""ranking_frame"": ""XS_standardised"", ""require_continuous_trading"": true, ""require_finite_positive_prices"": true, ""smooth_window_weeks"": 20, ""tskd_diff_order"": ""avg_then_diff"", ""tskd_min_bars_per_side"": 20, ""turnover_cap"": 0.5, ""vol_min_periods"": 13, ""vol_window_weeks"": 26}",1.0869086839570603,MON,347.0
3eb4660779f81add3d3f09c707b4bdd3,"{""anchor"": ""MON"", ""avol_lookback_weeks"": 12, ""book_weighting"": ""risk_parity"", ""clip_forward_return"": 1.0, ""construction"": ""books"", ""cost_multiple"": 1.0, ""cpvv_window"": ""week"", ""factors"": [""WRspread""], ""fee_bp_illiquid"": 5.0, ""fee_bp_liquid"": 1.0, ""funding_weight"": 0.5, ""min_cross_section"": 10, ""min_days_per_week"": 3, ""nprocs"": 1, ""q_top_frac"": 0.2, ""quintile_frac"": 0.2, ""rank_min_periods"": 26, ""rank_window_weeks"": 52, ""ranking_frame"": ""XS_standardised"", ""require_continuous_trading"": true, ""require_finite_positive_prices"": true, ""smooth_window_weeks"": 20, ""tskd_diff_order"": ""avg_then_diff"", ""tskd_min_bars_per_side"": 20, ""turnover_cap"": 0.5, ""vol_min_periods"": 13, ""vol_window_weeks"": 26}",,MON,347.0
0ba7d66cef456017b47fd69f8705aaa4,"{""anchor"": ""MON"", ""avol_lookback_weeks"": 12, ""book_weighting"": ""risk_parity"", ""clip_forward_return"": 1.0, ""construction"": ""books"", ""cost_multiple"": 1.0, ""cpvv_window"": ""week"", ""factors"": [""TopChg""], ""fee_bp_illiquid"": 5.0, ""fee_bp_liquid"": 1.0, ""funding_weight"": 0.5, ""min_cross_section"": 10, ""min_days_per_week"": 3, ""nprocs"": 1, ""q_top_frac"": 0.2, ""quintile_frac"": 0.2, ""rank_min_periods"": 26, ""rank_window_weeks"": 52, ""ranking_frame"": ""XS_standardised"", ""require_continuous_trading"": true, ""require_finite_positive_prices"": true, ""smooth_window_weeks"": 20, ""tskd_diff_order"": ""avg_then_diff"", ""tskd_min_bars_per_side"": 20, ""turnover_cap"": 0.5, ""vol_min_periods"": 13, ""vol_window_weeks"": 26}",,MON,347.0
1ad854e8dbd825e81065c3460cf7e7cb,"{""anchor"": ""MON"", ""avol_lookback_weeks"": 12, ""book_weighting"": ""risk_parity"", ""clip_forward_return"": 1.0, ""construction"": ""books"", ""cost_multiple"": 1.0, ""cpvv_window"": ""week"", ""factors"": [""Quad""], ""fee_bp_illiquid"": 5.0, ""fee_bp_liquid"": 1.0, ""funding_weight"": 0.5, ""min_cross_section"": 10, ""min_days_per_week"": 3, ""nprocs"": 1, ""q_top_frac"": 0.2, ""quintile_frac"": 0.2, ""rank_min_periods"": 26, ""rank_window_weeks"": 52, ""ranking_frame"": ""XS_standardised"", ""require_continuous_trading"": true, ""require_finite_positive_prices"": true, ""smooth_window_weeks"": 20, ""tskd_diff_order"": ""avg_then_diff"", ""tskd_min_bars_per_side"": 20, ""turnover_cap"": 0.5, ""vol_min_periods"": 13, ""vol_window_weeks"": 26}",,MON,347.0
7946b61284b438ba766b5d1b1a7d4874,"{""anchor"": ""MON"", ""avol_lookback_weeks"": 12, ""book_weighting"": ""risk_parity"", ""clip_forward_return"": 1.0, ""construction"": ""books"", ""cost_multiple"": 1.0, ""cpvv_window"": ""week"", ""factors"": [""TKU""], ""fee_bp_illiquid"": 5.0, ""fee_bp_liquid"": 1.0, ""funding_weight"": 0.5, ""min_cross_section"": 10, ""min_days_per_week"": 3, ""nprocs"": 1, ""q_top_frac"": 0.2, ""quintile_frac"": 0.2, ""rank_min_periods"": 26, ""rank_window_weeks"": 52, ""ranking_frame"": ""XS_standardised"", ""require_continuous_trading"": true, ""require_finite_positive_prices"": true, ""smooth_window_weeks"": 20, ""tskd_diff_order"": ""avg_then_diff"", ""tskd_min_bars_per_side"": 20, ""turnover_cap"": 0.5, ""vol_min_periods"": 13, ""vol_window_weeks"": 26}",0.7791388693067743,MON,347.0
c5a4419a2eecc61506c741dac862efda,"{""anchor"": ""MON"", ""avol_lookback_weeks"": 12, ""book_weighting"": ""risk_parity"", ""clip_forward_return"": 1.0, ""construction"": ""books"", ""cost_multiple"": 1.0, ""cpvv_window"": ""week"", ""factors"": [""TSKD""], ""fee_bp_illiquid"": 5.0, ""fee_bp_liquid"": 1.0, ""funding_weight"": 0.5, ""min_cross_section"": 10, ""min_days_per_week"": 3, ""nprocs"": 1, ""q_top_frac"": 0.2, ""quintile_frac"": 0.2, ""rank_min_periods"": 26, ""rank_window_weeks"": 52, ""ranking_frame"": ""XS_standardised"", ""require_continuous_trading"": true, ""require_finite_positive_prices"": true, ""smooth_window_weeks"": 20, ""tskd_diff_order"": ""avg_then_diff"", ""tskd_min_bars_per_side"": 20, ""turnover_cap"": 0.5, ""vol_min_periods"": 13, ""vol_window_weeks"": 26}",0.9133908279994464,MON,347.0
9c1c7833211bfcdabc41a85d820e9025,"{""anchor"": ""MON"", ""avol_lookback_weeks"": 12, ""book_weighting"": ""risk_parity"", ""clip_forward_return"": 1.0, ""construction"": ""books"", ""cost_multiple"": 1.0, ""cpvv_window"": ""week"", ""factors"": [""AVOL""], ""fee_bp_illiquid"": 5.0, ""fee_bp_liquid"": 1.0, ""funding_weight"": 0.5, ""min_cross_section"": 10, ""min_days_per_week"": 3, ""nprocs"": 1, ""q_top_frac"": 0.2, ""quintile_frac"": 0.2, ""rank_min_periods"": 26, ""rank_window_weeks"": 52, ""ranking_frame"": ""TS"", ""require_continuous_trading"": true, ""require_finite_positive_prices"": true, ""smooth_window_weeks"": 20, ""tskd_diff_order"": ""avg_then_diff"", ""tskd_min_bars_per_side"": 20, ""turnover_cap"": 0.5, ""vol_min_periods"": 13, ""vol_window_weeks"": 26}",0.4910551027777546,MON,347.0
756540eeff3fd03767b53222fe62d764,"{""anchor"": ""MON"", ""avol_lookback_weeks"": 12, ""book_weighting"": ""risk_parity"", ""clip_forward_return"": 1.0, ""construction"": ""books"", ""cost_multiple"": 1.0, ""cpvv_window"": ""week"", ""factors"": [""Q""], ""fee_bp_illiquid"": 5.0, ""fee_bp_liquid"": 1.0, ""funding_weight"": 0.5, ""min_cross_section"": 10, ""min_days_per_week"": 3, ""nprocs"": 1, ""q_top_frac"": 0.2, ""quintile_frac"": 0.2, ""rank_min_periods"": 26, ""rank_window_weeks"": 52, ""ranking_frame"": ""TS"", ""require_continuous_trading"": true, ""require_finite_positive_prices"": true, ""smooth_window_weeks"": 20, ""tskd_diff_order"": ""avg_then_diff"", ""tskd_min_bars_per_side"": 20, ""turnover_cap"": 0.5, ""vol_min_periods"": 13, ""vol_window_weeks"": 26}",1.0800651374728405,MON,347.0
5200f82f60e43b3eff7334aba1764548,"{""anchor"": ""MON"", ""avol_lookback_weeks"": 12, ""book_weighting"": ""risk_parity"", ""clip_forward_return"": 1.0, ""construction"": ""books"", ""cost_multiple"": 1.0, ""cpvv_window"": ""week"", ""factors"": [""RSJ""], ""fee_bp_illiquid"": 5.0, ""fee_bp_liquid"": 1.0, ""funding_weight"": 0.5, ""min_cross_section"": 10, ""min_days_per_week"": 3, ""nprocs"": 1, ""q_top_frac"": 0.2, ""quintile_frac"": 0.2, ""rank_min_periods"": 26, ""rank_window_weeks"": 52, ""ranking_frame"": ""TS"", ""require_continuous_trading"": true, ""require_finite_positive_prices"": true, ""smooth_window_weeks"": 20, ""tskd_diff_order"": ""avg_then_diff"", ""tskd_min_bars_per_side"": 20, ""turnover_cap"": 0.5, ""vol_min_periods"": 13, ""vol_window_weeks"": 26}",0.8497923185055237,MON,347.0
6940d697407bfdee9750ffac58b4a6fc,"{""anchor"": ""MON"", ""avol_lookback_weeks"": 12, ""book_weighting"": ""risk_parity"", ""clip_forward_return"": 1.0, ""construction"": ""books"", ""cost_multiple"": 1.0, ""cpvv_window"": ""week"", ""factors"": [""OFI""], ""fee_bp_illiquid"": 5.0, ""fee_bp_liquid"": 1.0, ""funding_weight"": 0.5, ""min_cross_section"": 10, ""min_days_per_week"": 3, ""nprocs"": 1, ""q_top_frac"": 0.2, ""quintile_frac"": 0.2, ""rank_min_periods"": 26, ""rank_window_weeks"": 52, ""ranking_frame"": ""TS"", ""require_continuous_trading"": true, ""require_finite_positive_prices"": true, ""smooth_window_weeks"": 20, ""tskd_diff_order"": ""avg_then_diff"", ""tskd_min_bars_per_side"": 20, ""turnover_cap"": 0.5, ""vol_min_periods"": 13, ""vol_window_weeks"": 26}",0.8276490832529001,MON,347.0
0aa1f2836349620502704497c4fc8ece,"{""anchor"": ""MON"", ""avol_lookback_weeks"": 12, ""book_weighting"": ""risk_parity"", ""clip_forward_return"": 1.0, ""construction"": ""books"", ""cost_multiple"": 1.0, ""cpvv_window"": ""week"", ""factors"": [""CPVm""], ""fee_bp_illiquid"": 5.0, ""fee_bp_liquid"": 1.0, ""funding_weight"": 0.5, ""min_cross_section"": 10, ""min_days_per_week"": 3, ""nprocs"": 1, ""q_top_frac"": 0.2, ""quintile_frac"": 0.2, ""rank_min_periods"": 26, ""rank_window_weeks"": 52, ""ranking_frame"": ""TS"", ""require_continuous_trading"": true, ""require_finite_positive_prices"": true, ""smooth_window_weeks"": 20, ""tskd_diff_order"": ""avg_then_diff"", ""tskd_min_bars_per_side"": 20, ""turnover_cap"": 0.5, ""vol_min_periods"": 13, ""vol_window_weeks"": 26}",0.8132490602056643,MON,347.0
d700a18459c408c9084b840a9b798dbe,"{""anchor"": ""MON"", ""avol_lookback_weeks"": 12, ""book_weighting"": ""risk_parity"", ""clip_forward_return"": 1.0, ""construction"": ""books"", ""cost_multiple"": 1.0, ""cpvv_window"": ""week"", ""factors"": [""CPVv""], ""fee_bp_illiquid"": 5.0, ""fee_bp_liquid"": 1.0, ""funding_weight"": 0.5, ""min_cross_section"": 10, ""min_days_per_week"": 3, ""nprocs"": 1, ""q_top_frac"": 0.2, ""quintile_frac"": 0.2, ""rank_min_periods"": 26, ""rank_window_weeks"": 52, ""ranking_frame"": ""TS"", ""require_continuous_trading"": true, ""require_finite_positive_prices"": true, ""smooth_window_weeks"": 20, ""tskd_diff_order"": ""avg_then_diff"", ""tskd_min_bars_per_side"": 20, ""turnover_cap"": 0.5, ""vol_min_periods"": 13, ""vol_window_weeks"": 26}",1.1087102930659922,MON,347.0
0e11a47159178b35ce26d249226576dc,"{""anchor"": ""MON"", ""avol_lookback_weeks"": 12, ""book_weighting"": ""risk_parity"", ""clip_forward_return"": 1.0, ""construction"": ""books"", ""cost_multiple"": 1.0, ""cpvv_window"": ""week"", ""factors"": [""WRspread""], ""fee_bp_illiquid"": 5.0, ""fee_bp_liquid"": 1.0, ""funding_weight"": 0.5, ""min_cross_section"": 10, ""min_days_per_week"": 3, ""nprocs"": 1, ""q_top_frac"": 0.2, ""quintile_frac"": 0.2, ""rank_min_periods"": 26, ""rank_window_weeks"": 52, ""ranking_frame"": ""TS"", ""require_continuous_trading"": true, ""require_finite_positive_prices"": true, ""smooth_window_weeks"": 20, ""tskd_diff_order"": ""avg_then_diff"", ""tskd_min_bars_per_side"": 20, ""turnover_cap"": 0.5, ""vol_min_periods"": 13, ""vol_window_weeks"": 26}",,MON,347.0
987e166e106071a2a4a0f9b8a0f3b51f,"{""anchor"": ""MON"", ""avol_lookback_weeks"": 12, ""book_weighting"": ""risk_parity"", ""clip_forward_return"": 1.0, ""construction"": ""books"", ""cost_multiple"": 1.0, ""cpvv_window"": ""week"", ""factors"": [""TopChg""], ""fee_bp_illiquid"": 5.0, ""fee_bp_liquid"": 1.0, ""funding_weight"": 0.5, ""min_cross_section"": 10, ""min_days_per_week"": 3, ""nprocs"": 1, ""q_top_frac"": 0.2, ""quintile_frac"": 0.2, ""rank_min_periods"": 26, ""rank_window_weeks"": 52, ""ranking_frame"": ""TS"", ""require_continuous_trading"": true, ""require_finite_positive_prices"": true, ""smooth_window_weeks"": 20, ""tskd_diff_order"": ""avg_then_diff"", ""tskd_min_bars_per_side"": 20, ""turnover_cap"": 0.5, ""vol_min_periods"": 13, ""vol_window_weeks"": 26}",,MON,347.0
acf343f875e30d97520903146e89216b,"{""anchor"": ""MON"", ""avol_lookback_weeks"": 12, ""book_weighting"": ""risk_parity"", ""clip_forward_return"": 1.0, ""construction"": ""books"", ""cost_multiple"": 1.0, ""cpvv_window"": ""week"", ""factors"": [""Quad""], ""fee_bp_illiquid"": 5.0, ""fee_bp_liquid"": 1.0, ""funding_weight"": 0.5, ""min_cross_section"": 10, ""min_days_per_week"": 3, ""nprocs"": 1, ""q_top_frac"": 0.2, ""quintile_frac"": 0.2, ""rank_min_periods"": 26, ""rank_window_weeks"": 52, ""ranking_frame"": ""TS"", ""require_continuous_trading"": true, ""require_finite_positive_prices"": true, ""smooth_window_weeks"": 20, ""tskd_diff_order"": ""avg_then_diff"", ""tskd_min_bars_per_side"": 20, ""turnover_cap"": 0.5, ""vol_min_periods"": 13, ""vol_window_weeks"": 26}",,MON,347.0
aca9376a3bdce774130e9dbfc82c7b1b,"{""anchor"": ""MON"", ""avol_lookback_weeks"": 12, ""book_weighting"": ""risk_parity"", ""clip_forward_return"": 1.0, ""construction"": ""books"", ""cost_multiple"": 1.0, ""cpvv_window"": ""week"", ""factors"": [""TKU""], ""fee_bp_illiquid"": 5.0, ""fee_bp_liquid"": 1.0, ""funding_weight"": 0.5, ""min_cross_section"": 10, ""min_days_per_week"": 3, ""nprocs"": 1, ""q_top_frac"": 0.2, ""quintile_frac"": 0.2, ""rank_min_periods"": 26, ""rank_window_weeks"": 52, ""ranking_frame"": ""TS"", ""require_continuous_trading"": true, ""require_finite_positive_prices"": true, ""smooth_window_weeks"": 20, ""tskd_diff_order"": ""avg_then_diff"", ""tskd_min_bars_per_side"": 20, ""turnover_cap"": 0.5, ""vol_min_periods"": 13, ""vol_window_weeks"": 26}",0.9442438837973456,MON,347.0
790c85ac8ed8d75ab7a72b5e1fbb69a4,"{""anchor"": ""MON"", ""avol_lookback_weeks"": 12, ""book_weighting"": ""risk_parity"", ""clip_forward_return"": 1.0, ""construction"": ""books"", ""cost_multiple"": 1.0, ""cpvv_window"": ""week"", ""factors"": [""TSKD""], ""fee_bp_illiquid"": 5.0, ""fee_bp_liquid"": 1.0, ""funding_weight"": 0.5, ""min_cross_section"": 10, ""min_days_per_week"": 3, ""nprocs"": 1, ""q_top_frac"": 0.2, ""quintile_frac"": 0.2, ""rank_min_periods"": 26, ""rank_window_weeks"": 52, ""ranking_frame"": ""TS"", ""require_continuous_trading"": true, ""require_finite_positive_prices"": true, ""smooth_window_weeks"": 20, ""tskd_diff_order"": ""avg_then_diff"", ""tskd_min_bars_per_side"": 20, ""turnover_cap"": 0.5, ""vol_min_periods"": 13, ""vol_window_weeks"": 26}",0.8286801457257675,MON,347.0
9c1c7833211bfcdabc41a85d820e9025,"{""anchor"": ""MON"", ""avol_lookback_weeks"": 12, ""book_weighting"": ""risk_parity"", ""clip_forward_return"": 1.0, ""construction"": ""books"", ""cost_multiple"": 1.0, ""cpvv_window"": ""week"", ""factors"": [""AVOL""], ""fee_bp_illiquid"": 5.0, ""fee_bp_liquid"": 1.0, ""funding_weight"": 0.5, ""min_cross_section"": 10, ""min_days_per_week"": 3, ""nprocs"": 1, ""q_top_frac"": 0.2, ""quintile_frac"": 0.2, ""rank_min_periods"": 26, ""rank_window_weeks"": 52, ""ranking_frame"": ""TS"", ""require_continuous_trading"": true, ""require_finite_positive_prices"": true, ""smooth_window_weeks"": 20, ""tskd_diff_order"": ""avg_then_diff"", ""tskd_min_bars_per_side"": 20, ""turnover_cap"": 0.5, ""vol_min_periods"": 13, ""vol_window_weeks"": 26}",0.4910551027777546,MON,347.0
13d42bfd3efd0052edac3872f9992749,"{""anchor"": ""MON"", ""avol_lookback_weeks"": 12, ""book_weighting"": ""risk_parity"", ""clip_forward_return"": 1.0, ""construction"": ""books"", ""cost_multiple"": 1.0, ""cpvv_window"": ""week"", ""factors"": [""AVOL""], ""fee_bp_illiquid"": 5.0, ""fee_bp_liquid"": 1.0, ""funding_weight"": 0.0, ""min_cross_section"": 10, ""min_days_per_week"": 3, ""nprocs"": 1, ""q_top_frac"": 0.2, ""quintile_frac"": 0.2, ""rank_min_periods"": 26, ""rank_window_weeks"": 52, ""ranking_frame"": ""TS"", ""require_continuous_trading"": true, ""require_finite_positive_prices"": true, ""smooth_window_weeks"": 20, ""tskd_diff_order"": ""avg_then_diff"", ""tskd_min_bars_per_side"": 20, ""turnover_cap"": 0.5, ""vol_min_periods"": 13, ""vol_window_weeks"": 26}",0.1739504074910316,MON,347.0
756540eeff3fd03767b53222fe62d764,"{""anchor"": ""MON"", ""avol_lookback_weeks"": 12, ""book_weighting"": ""risk_parity"", ""clip_forward_return"": 1.0, ""construction"": ""books"", ""cost_multiple"": 1.0, ""cpvv_window"": ""week"", ""factors"": [""Q""], ""fee_bp_illiquid"": 5.0, ""fee_bp_liquid"": 1.0, ""funding_weight"": 0.5, ""min_cross_section"": 10, ""min_days_per_week"": 3, ""nprocs"": 1, ""q_top_frac"": 0.2, ""quintile_frac"": 0.2, ""rank_min_periods"": 26, ""rank_window_weeks"": 52, ""ranking_frame"": ""TS"", ""require_continuous_trading"": true, ""require_finite_positive_prices"": true, ""smooth_window_weeks"": 20, ""tskd_diff_order"": ""avg_then_diff"", ""tskd_min_bars_per_side"": 20, ""turnover_cap"": 0.5, ""vol_min_periods"": 13, ""vol_window_weeks"": 26}",1.0800651374728405,MON,347.0
1079a798e9fde171b83180819c7189c4,"{""anchor"": ""MON"", ""avol_lookback_weeks"": 12, ""book_weighting"": ""risk_parity"", ""clip_forward_return"": 1.0, ""construction"": ""books"", ""cost_multiple"": 1.0, ""cpvv_window"": ""week"", ""factors"": [""Q""], ""fee_bp_illiquid"": 5.0, ""fee_bp_liquid"": 1.0, ""funding_weight"": 0.0, ""min_cross_section"": 10, ""min_days_per_week"": 3, ""nprocs"": 1, ""q_top_frac"": 0.2, ""quintile_frac"": 0.2, ""rank_min_periods"": 26, ""rank_window_weeks"": 52, ""ranking_frame"": ""TS"", ""require_continuous_trading"": true, ""require_finite_positive_prices"": true, ""smooth_window_weeks"": 20, ""tskd_diff_order"": ""avg_then_diff"", ""tskd_min_bars_per_side"": 20, ""turnover_cap"": 0.5, ""vol_min_periods"": 13, ""vol_window_weeks"": 26}",0.6139370749114793,MON,347.0
5200f82f60e43b3eff7334aba1764548,"{""anchor"": ""MON"", ""avol_lookback_weeks"": 12, ""book_weighting"": ""risk_parity"", ""clip_forward_return"": 1.0, ""construction"": ""books"", ""cost_multiple"": 1.0, ""cpvv_window"": ""week"", ""factors"": [""RSJ""], ""fee_bp_illiquid"": 5.0, ""fee_bp_liquid"": 1.0, ""funding_weight"": 0.5, ""min_cross_section"": 10, ""min_days_per_week"": 3, ""nprocs"": 1, ""q_top_frac"": 0.2, ""quintile_frac"": 0.2, ""rank_min_periods"": 26, ""rank_window_weeks"": 52, ""ranking_frame"": ""TS"", ""require_continuous_trading"": true, ""require_finite_positive_prices"": true, ""smooth_window_weeks"": 20, ""tskd_diff_order"": ""avg_then_diff"", ""tskd_min_bars_per_side"": 20, ""turnover_cap"": 0.5, ""vol_min_periods"": 13, ""vol_window_weeks"": 26}",0.8497923185055237,MON,347.0
176baf1b8cc0030379a6bff39a1dffbf,"{""anchor"": ""MON"", ""avol_lookback_weeks"": 12, ""book_weighting"": ""risk_parity"", ""clip_forward_return"": 1.0, ""construction"": ""books"", ""cost_multiple"": 1.0, ""cpvv_window"": ""week"", ""factors"": [""RSJ""], ""fee_bp_illiquid"": 5.0, ""fee_bp_liquid"": 1.0, ""funding_weight"": 0.0, ""min_cross_section"": 10, ""min_days_per_week"": 3, ""nprocs"": 1, ""q_top_frac"": 0.2, ""quintile_frac"": 0.2, ""rank_min_periods"": 26, ""rank_window_weeks"": 52, ""ranking_frame"": ""TS"", ""require_continuous_trading"": true, ""require_finite_positive_prices"": true, ""smooth_window_weeks"": 20, ""tskd_diff_order"": ""avg_then_diff"", ""tskd_min_bars_per_side"": 20, ""turnover_cap"": 0.5, ""vol_min_periods"": 13, ""vol_window_weeks"": 26}",0.2117998303527215,MON,347.0
6940d697407bfdee9750ffac58b4a6fc,"{""anchor"": ""MON"", ""avol_lookback_weeks"": 12, ""book_weighting"": ""risk_parity"", ""clip_forward_return"": 1.0, ""construction"": ""books"", ""cost_multiple"": 1.0, ""cpvv_window"": ""week"", ""factors"": [""OFI""], ""fee_bp_illiquid"": 5.0, ""fee_bp_liquid"": 1.0, ""funding_weight"": 0.5, ""min_cross_section"": 10, ""min_days_per_week"": 3, ""nprocs"": 1, ""q_top_frac"": 0.2, ""quintile_frac"": 0.2, ""rank_min_periods"": 26, ""rank_window_weeks"": 52, ""ranking_frame"": ""TS"", ""require_continuous_trading"": true, ""require_finite_positive_prices"": true, ""smooth_window_weeks"": 20, ""tskd_diff_order"": ""avg_then_diff"", ""tskd_min_bars_per_side"": 20, ""turnover_cap"": 0.5, ""vol_min_periods"": 13, ""vol_window_weeks"": 26}",0.8276490832529001,MON,347.0
1d9b9d74cc523460e083a0e4d29c08d5,"{""anchor"": ""MON"", ""avol_lookback_weeks"": 12, ""book_weighting"": ""risk_parity"", ""clip_forward_return"": 1.0, ""construction"": ""books"", ""cost_multiple"": 1.0, ""cpvv_window"": ""week"", ""factors"": [""OFI""], ""fee_bp_illiquid"": 5.0, ""fee_bp_liquid"": 1.0, ""funding_weight"": 0.0, ""min_cross_section"": 10, ""min_days_per_week"": 3, ""nprocs"": 1, ""q_top_frac"": 0.2, ""quintile_frac"": 0.2, ""rank_min_periods"": 26, ""rank_window_weeks"": 52, ""ranking_frame"": ""TS"", ""require_continuous_trading"": true, ""require_finite_positive_prices"": true, ""smooth_window_weeks"": 20, ""tskd_diff_order"": ""avg_then_diff"", ""tskd_min_bars_per_side"": 20, ""turnover_cap"": 0.5, ""vol_min_periods"": 13, ""vol_window_weeks"": 26}",0.4620757395136084,MON,347.0
0aa1f2836349620502704497c4fc8ece,"{""anchor"": ""MON"", ""avol_lookback_weeks"": 12, ""book_weighting"": ""risk_parity"", ""clip_forward_return"": 1.0, ""construction"": ""books"", ""cost_multiple"": 1.0, ""cpvv_window"": ""week"", ""factors"": [""CPVm""], ""fee_bp_illiquid"": 5.0, ""fee_bp_liquid"": 1.0, ""funding_weight"": 0.5, ""min_cross_section"": 10, ""min_days_per_week"": 3, ""nprocs"": 1, ""q_top_frac"": 0.2, ""quintile_frac"": 0.2, ""rank_min_periods"": 26, ""rank_window_weeks"": 52, ""ranking_frame"": ""TS"", ""require_continuous_trading"": true, ""require_finite_positive_prices"": true, ""smooth_window_weeks"": 20, ""tskd_diff_order"": ""avg_then_diff"", ""tskd_min_bars_per_side"": 20, ""turnover_cap"": 0.5, ""vol_min_periods"": 13, ""vol_window_weeks"": 26}",0.8132490602056643,MON,347.0
56f4974840c6af64dd496c28e67234cc,"{""anchor"": ""MON"", ""avol_lookback_weeks"": 12, ""book_weighting"": ""risk_parity"", ""clip_forward_return"": 1.0, ""construction"": ""books"", ""cost_multiple"": 1.0, ""cpvv_window"": ""week"", ""factors"": [""CPVm""], ""fee_bp_illiquid"": 5.0, ""fee_bp_liquid"": 1.0, ""funding_weight"": 0.0, ""min_cross_section"": 10, ""min_days_per_week"": 3, ""nprocs"": 1, ""q_top_frac"": 0.2, ""quintile_frac"": 0.2, ""rank_min_periods"": 26, ""rank_window_weeks"": 52, ""ranking_frame"": ""TS"", ""require_continuous_trading"": true, ""require_finite_positive_prices"": true, ""smooth_window_weeks"": 20, ""tskd_diff_order"": ""avg_then_diff"", ""tskd_min_bars_per_side"": 20, ""turnover_cap"": 0.5, ""vol_min_periods"": 13, ""vol_window_weeks"": 26}",0.4786733810606553,MON,347.0
d700a18459c408c9084b840a9b798dbe,"{""anchor"": ""MON"", ""avol_lookback_weeks"": 12, ""book_weighting"": ""risk_parity"", ""clip_forward_return"": 1.0, ""construction"": ""books"", ""cost_multiple"": 1.0, ""cpvv_window"": ""week"", ""factors"": [""CPVv""], ""fee_bp_illiquid"": 5.0, ""fee_bp_liquid"": 1.0, ""funding_weight"": 0.5, ""min_cross_section"": 10, ""min_days_per_week"": 3, ""nprocs"": 1, ""q_top_frac"": 0.2, ""quintile_frac"": 0.2, ""rank_min_periods"": 26, ""rank_window_weeks"": 52, ""ranking_frame"": ""TS"", ""require_continuous_trading"": true, ""require_finite_positive_prices"": true, ""smooth_window_weeks"": 20, ""tskd_diff_order"": ""avg_then_diff"", ""tskd_min_bars_per_side"": 20, ""turnover_cap"": 0.5, ""vol_min_periods"": 13, ""vol_window_weeks"": 26}",1.1087102930659922,MON,347.0
3f30615232e8e220598531c740509047,"{""anchor"": ""MON"", ""avol_lookback_weeks"": 12, ""book_weighting"": ""risk_parity"", ""clip_forward_return"": 1.0, ""construction"": ""books"", ""cost_multiple"": 1.0, ""cpvv_window"": ""week"", ""factors"": [""CPVv""], ""fee_bp_illiquid"": 5.0, ""fee_bp_liquid"": 1.0, ""funding_weight"": 0.0, ""min_cross_section"": 10, ""min_days_per_week"": 3, ""nprocs"": 1, ""q_top_frac"": 0.2, ""quintile_frac"": 0.2, ""rank_min_periods"": 26, ""rank_window_weeks"": 52, ""ranking_frame"": ""TS"", ""require_continuous_trading"": true, ""require_finite_positive_prices"": true, ""smooth_window_weeks"": 20, ""tskd_diff_order"": ""avg_then_diff"", ""tskd_min_bars_per_side"": 20, ""turnover_cap"": 0.5, ""vol_min_periods"": 13, ""vol_window_weeks"": 26}",0.6465099156304445,MON,347.0
0e11a47159178b35ce26d249226576dc,"{""anchor"": ""MON"", ""avol_lookback_weeks"": 12, ""book_weighting"": ""risk_parity"", ""clip_forward_return"": 1.0, ""construction"": ""books"", ""cost_multiple"": 1.0, ""cpvv_window"": ""week"", ""factors"": [""WRspread""], ""fee_bp_illiquid"": 5.0, ""fee_bp_liquid"": 1.0, ""funding_weight"": 0.5, ""min_cross_section"": 10, ""min_days_per_week"": 3, ""nprocs"": 1, ""q_top_frac"": 0.2, ""quintile_frac"": 0.2, ""rank_min_periods"": 26, ""rank_window_weeks"": 52, ""ranking_frame"": ""TS"", ""require_continuous_trading"": true, ""require_finite_positive_prices"": true, ""smooth_window_weeks"": 20, ""tskd_diff_order"": ""avg_then_diff"", ""tskd_min_bars_per_side"": 20, ""turnover_cap"": 0.5, ""vol_min_periods"": 13, ""vol_window_weeks"": 26}",,MON,347.0
447920e152a3c06715295db158a966cb,"{""anchor"": ""MON"", ""avol_lookback_weeks"": 12, ""book_weighting"": ""risk_parity"", ""clip_forward_return"": 1.0, ""construction"": ""books"", ""cost_multiple"": 1.0, ""cpvv_window"": ""week"", ""factors"": [""WRspread""], ""fee_bp_illiquid"": 5.0, ""fee_bp_liquid"": 1.0, ""funding_weight"": 0.0, ""min_cross_section"": 10, ""min_days_per_week"": 3, ""nprocs"": 1, ""q_top_frac"": 0.2, ""quintile_frac"": 0.2, ""rank_min_periods"": 26, ""rank_window_weeks"": 52, ""ranking_frame"": ""TS"", ""require_continuous_trading"": true, ""require_finite_positive_prices"": true, ""smooth_window_weeks"": 20, ""tskd_diff_order"": ""avg_then_diff"", ""tskd_min_bars_per_side"": 20, ""turnover_cap"": 0.5, ""vol_min_periods"": 13, ""vol_window_weeks"": 26}",,MON,347.0
987e166e106071a2a4a0f9b8a0f3b51f,"{""anchor"": ""MON"", ""avol_lookback_weeks"": 12, ""book_weighting"": ""risk_parity"", ""clip_forward_return"": 1.0, ""construction"": ""books"", ""cost_multiple"": 1.0, ""cpvv_window"": ""week"", ""factors"": [""TopChg""], ""fee_bp_illiquid"": 5.0, ""fee_bp_liquid"": 1.0, ""funding_weight"": 0.5, ""min_cross_section"": 10, ""min_days_per_week"": 3, ""nprocs"": 1, ""q_top_frac"": 0.2, ""quintile_frac"": 0.2, ""rank_min_periods"": 26, ""rank_window_weeks"": 52, ""ranking_frame"": ""TS"", ""require_continuous_trading"": true, ""require_finite_positive_prices"": true, ""smooth_window_weeks"": 20, ""tskd_diff_order"": ""avg_then_diff"", ""tskd_min_bars_per_side"": 20, ""turnover_cap"": 0.5, ""vol_min_periods"": 13, ""vol_window_weeks"": 26}",,MON,347.0
119ce82977bf23235073d916a60118d5,"{""anchor"": ""MON"", ""avol_lookback_weeks"": 12, ""book_weighting"": ""risk_parity"", ""clip_forward_return"": 1.0, ""construction"": ""books"", ""cost_multiple"": 1.0, ""cpvv_window"": ""week"", ""factors"": [""TopChg""], ""fee_bp_illiquid"": 5.0, ""fee_bp_liquid"": 1.0, ""funding_weight"": 0.0, ""min_cross_section"": 10, ""min_days_per_week"": 3, ""nprocs"": 1, ""q_top_frac"": 0.2, ""quintile_frac"": 0.2, ""rank_min_periods"": 26, ""rank_window_weeks"": 52, ""ranking_frame"": ""TS"", ""require_continuous_trading"": true, ""require_finite_positive_prices"": true, ""smooth_window_weeks"": 20, ""tskd_diff_order"": ""avg_then_diff"", ""tskd_min_bars_per_side"": 20, ""turnover_cap"": 0.5, ""vol_min_periods"": 13, ""vol_window_weeks"": 26}",,MON,347.0
acf343f875e30d97520903146e89216b,"{""anchor"": ""MON"", ""avol_lookback_weeks"": 12, ""book_weighting"": ""risk_parity"", ""clip_forward_return"": 1.0, ""construction"": ""books"", ""cost_multiple"": 1.0, ""cpvv_window"": ""week"", ""factors"": [""Quad""], ""fee_bp_illiquid"": 5.0, ""fee_bp_liquid"": 1.0, ""funding_weight"": 0.5, ""min_cross_section"": 10, ""min_days_per_week"": 3, ""nprocs"": 1, ""q_top_frac"": 0.2, ""quintile_frac"": 0.2, ""rank_min_periods"": 26, ""rank_window_weeks"": 52, ""ranking_frame"": ""TS"", ""require_continuous_trading"": true, ""require_finite_positive_prices"": true, ""smooth_window_weeks"": 20, ""tskd_diff_order"": ""avg_then_diff"", ""tskd_min_bars_per_side"": 20, ""turnover_cap"": 0.5, ""vol_min_periods"": 13, ""vol_window_weeks"": 26}",,MON,347.0
aca0335330d26033b5461812f82831a4,"{""anchor"": ""MON"", ""avol_lookback_weeks"": 12, ""book_weighting"": ""risk_parity"", ""clip_forward_return"": 1.0, ""construction"": ""books"", ""cost_multiple"": 1.0, ""cpvv_window"": ""week"", ""factors"": [""Quad""], ""fee_bp_illiquid"": 5.0, ""fee_bp_liquid"": 1.0, ""funding_weight"": 0.0, ""min_cross_section"": 10, ""min_days_per_week"": 3, ""nprocs"": 1, ""q_top_frac"": 0.2, ""quintile_frac"": 0.2, ""rank_min_periods"": 26, ""rank_window_weeks"": 52, ""ranking_frame"": ""TS"", ""require_continuous_trading"": true, ""require_finite_positive_prices"": true, ""smooth_window_weeks"": 20, ""tskd_diff_order"": ""avg_then_diff"", ""tskd_min_bars_per_side"": 20, ""turnover_cap"": 0.5, ""vol_min_periods"": 13, ""vol_window_weeks"": 26}",,MON,347.0
aca9376a3bdce774130e9dbfc82c7b1b,"{""anchor"": ""MON"", ""avol_lookback_weeks"": 12, ""book_weighting"": ""risk_parity"", ""clip_forward_return"": 1.0, ""construction"": ""books"", ""cost_multiple"": 1.0, ""cpvv_window"": ""week"", ""factors"": [""TKU""], ""fee_bp_illiquid"": 5.0, ""fee_bp_liquid"": 1.0, ""funding_weight"": 0.5, ""min_cross_section"": 10, ""min_days_per_week"": 3, ""nprocs"": 1, ""q_top_frac"": 0.2, ""quintile_frac"": 0.2, ""rank_min_periods"": 26, ""rank_window_weeks"": 52, ""ranking_frame"": ""TS"", ""require_continuous_trading"": true, ""require_finite_positive_prices"": true, ""smooth_window_weeks"": 20, ""tskd_diff_order"": ""avg_then_diff"", ""tskd_min_bars_per_side"": 20, ""turnover_cap"": 0.5, ""vol_min_periods"": 13, ""vol_window_weeks"": 26}",0.9442438837973456,MON,347.0
7386142faf398da326d9050370ad91b2,"{""anchor"": ""MON"", ""avol_lookback_weeks"": 12, ""book_weighting"": ""risk_parity"", ""clip_forward_return"": 1.0, ""construction"": ""books"", ""cost_multiple"": 1.0, ""cpvv_window"": ""week"", ""factors"": [""TKU""], ""fee_bp_illiquid"": 5.0, ""fee_bp_liquid"": 1.0, ""funding_weight"": 0.0, ""min_cross_section"": 10, ""min_days_per_week"": 3, ""nprocs"": 1, ""q_top_frac"": 0.2, ""quintile_frac"": 0.2, ""rank_min_periods"": 26, ""rank_window_weeks"": 52, ""ranking_frame"": ""TS"", ""require_continuous_trading"": true, ""require_finite_positive_prices"": true, ""smooth_window_weeks"": 20, ""tskd_diff_order"": ""avg_then_diff"", ""tskd_min_bars_per_side"": 20, ""turnover_cap"": 0.5, ""vol_min_periods"": 13, ""vol_window_weeks"": 26}",0.610265442502646,MON,347.0
790c85ac8ed8d75ab7a72b5e1fbb69a4,"{""anchor"": ""MON"", ""avol_lookback_weeks"": 12, ""book_weighting"": ""risk_parity"", ""clip_forward_return"": 1.0, ""construction"": ""books"", ""cost_multiple"": 1.0, ""cpvv_window"": ""week"", ""factors"": [""TSKD""], ""fee_bp_illiquid"": 5.0, ""fee_bp_liquid"": 1.0, ""funding_weight"": 0.5, ""min_cross_section"": 10, ""min_days_per_week"": 3, ""nprocs"": 1, ""q_top_frac"": 0.2, ""quintile_frac"": 0.2, ""rank_min_periods"": 26, ""rank_window_weeks"": 52, ""ranking_frame"": ""TS"", ""require_continuous_trading"": true, ""require_finite_positive_prices"": true, ""smooth_window_weeks"": 20, ""tskd_diff_order"": ""avg_then_diff"", ""tskd_min_bars_per_side"": 20, ""turnover_cap"": 0.5, ""vol_min_periods"": 13, ""vol_window_weeks"": 26}",0.8286801457257675,MON,347.0
cd9d92809189c063e729afa0e7a29c10,"{""anchor"": ""MON"", ""avol_lookback_weeks"": 12, ""book_weighting"": ""risk_parity"", ""clip_forward_return"": 1.0, ""construction"": ""books"", ""cost_multiple"": 1.0, ""cpvv_window"": ""week"", ""factors"": [""TSKD""], ""fee_bp_illiquid"": 5.0, ""fee_bp_liquid"": 1.0, ""funding_weight"": 0.0, ""min_cross_section"": 10, ""min_days_per_week"": 3, ""nprocs"": 1, ""q_top_frac"": 0.2, ""quintile_frac"": 0.2, ""rank_min_periods"": 26, ""rank_window_weeks"": 52, ""ranking_frame"": ""TS"", ""require_continuous_trading"": true, ""require_finite_positive_prices"": true, ""smooth_window_weeks"": 20, ""tskd_diff_order"": ""avg_then_diff"", ""tskd_min_bars_per_side"": 20, ""turnover_cap"": 0.5, ""vol_min_periods"": 13, ""vol_window_weeks"": 26}",0.3962155150604607,MON,347.0
9c1c7833211bfcdabc41a85d820e9025,"{""anchor"": ""MON"", ""avol_lookback_weeks"": 12, ""book_weighting"": ""risk_parity"", ""clip_forward_return"": 1.0, ""construction"": ""books"", ""cost_multiple"": 1.0, ""cpvv_window"": ""week"", ""factors"": [""AVOL""], ""fee_bp_illiquid"": 5.0, ""fee_bp_liquid"": 1.0, ""funding_weight"": 0.5, ""min_cross_section"": 10, ""min_days_per_week"": 3, ""nprocs"": 1, ""q_top_frac"": 0.2, ""quintile_frac"": 0.2, ""rank_min_periods"": 26, ""rank_window_weeks"": 52, ""ranking_frame"": ""TS"", ""require_continuous_trading"": true, ""require_finite_positive_prices"": true, ""smooth_window_weeks"": 20, ""tskd_diff_order"": ""avg_then_diff"", ""tskd_min_bars_per_side"": 20, ""turnover_cap"": 0.5, ""vol_min_periods"": 13, ""vol_window_weeks"": 26}",0.4910551027777546,MON,347.0
13d42bfd3efd0052edac3872f9992749,"{""anchor"": ""MON"", ""avol_lookback_weeks"": 12, ""book_weighting"": ""risk_parity"", ""clip_forward_return"": 1.0, ""construction"": ""books"", ""cost_multiple"": 1.0, ""cpvv_window"": ""week"", ""factors"": [""AVOL""], ""fee_bp_illiquid"": 5.0, ""fee_bp_liquid"": 1.0, ""funding_weight"": 0.0, ""min_cross_section"": 10, ""min_days_per_week"": 3, ""nprocs"": 1, ""q_top_frac"": 0.2, ""quintile_frac"": 0.2, ""rank_min_periods"": 26, ""rank_window_weeks"": 52, ""ranking_frame"": ""TS"", ""require_continuous_trading"": true, ""require_finite_positive_prices"": true, ""smooth_window_weeks"": 20, ""tskd_diff_order"": ""avg_then_diff"", ""tskd_min_bars_per_side"": 20, ""turnover_cap"": 0.5, ""vol_min_periods"": 13, ""vol_window_weeks"": 26}",0.1739504074910316,MON,347.0
756540eeff3fd03767b53222fe62d764,"{""anchor"": ""MON"", ""avol_lookback_weeks"": 12, ""book_weighting"": ""risk_parity"", ""clip_forward_return"": 1.0, ""construction"": ""books"", ""cost_multiple"": 1.0, ""cpvv_window"": ""week"", ""factors"": [""Q""], ""fee_bp_illiquid"": 5.0, ""fee_bp_liquid"": 1.0, ""funding_weight"": 0.5, ""min_cross_section"": 10, ""min_days_per_week"": 3, ""nprocs"": 1, ""q_top_frac"": 0.2, ""quintile_frac"": 0.2, ""rank_min_periods"": 26, ""rank_window_weeks"": 52, ""ranking_frame"": ""TS"", ""require_continuous_trading"": true, ""require_finite_positive_prices"": true, ""smooth_window_weeks"": 20, ""tskd_diff_order"": ""avg_then_diff"", ""tskd_min_bars_per_side"": 20, ""turnover_cap"": 0.5, ""vol_min_periods"": 13, ""vol_window_weeks"": 26}",1.0800651374728405,MON,347.0
1079a798e9fde171b83180819c7189c4,"{""anchor"": ""MON"", ""avol_lookback_weeks"": 12, ""book_weighting"": ""risk_parity"", ""clip_forward_return"": 1.0, ""construction"": ""books"", ""cost_multiple"": 1.0, ""cpvv_window"": ""week"", ""factors"": [""Q""], ""fee_bp_illiquid"": 5.0, ""fee_bp_liquid"": 1.0, ""funding_weight"": 0.0, ""min_cross_section"": 10, ""min_days_per_week"": 3, ""nprocs"": 1, ""q_top_frac"": 0.2, ""quintile_frac"": 0.2, ""rank_min_periods"": 26, ""rank_window_weeks"": 52, ""ranking_frame"": ""TS"", ""require_continuous_trading"": true, ""require_finite_positive_prices"": true, ""smooth_window_weeks"": 20, ""tskd_diff_order"": ""avg_then_diff"", ""tskd_min_bars_per_side"": 20, ""turnover_cap"": 0.5, ""vol_min_periods"": 13, ""vol_window_weeks"": 26}",0.6139370749114793,MON,347.0
5200f82f60e43b3eff7334aba1764548,"{""anchor"": ""MON"", ""avol_lookback_weeks"": 12, ""book_weighting"": ""risk_parity"", ""clip_forward_return"": 1.0, ""construction"": ""books"", ""cost_multiple"": 1.0, ""cpvv_window"": ""week"", ""factors"": [""RSJ""], ""fee_bp_illiquid"": 5.0, ""fee_bp_liquid"": 1.0, ""funding_weight"": 0.5, ""min_cross_section"": 10, ""min_days_per_week"": 3, ""nprocs"": 1, ""q_top_frac"": 0.2, ""quintile_frac"": 0.2, ""rank_min_periods"": 26, ""rank_window_weeks"": 52, ""ranking_frame"": ""TS"", ""require_continuous_trading"": true, ""require_finite_positive_prices"": true, ""smooth_window_weeks"": 20, ""tskd_diff_order"": ""avg_then_diff"", ""tskd_min_bars_per_side"": 20, ""turnover_cap"": 0.5, ""vol_min_periods"": 13, ""vol_window_weeks"": 26}",0.8497923185055237,MON,347.0
176baf1b8cc0030379a6bff39a1dffbf,"{""anchor"": ""MON"", ""avol_lookback_weeks"": 12, ""book_weighting"": ""risk_parity"", ""clip_forward_return"": 1.0, ""construction"": ""books"", ""cost_multiple"": 1.0, ""cpvv_window"": ""week"", ""factors"": [""RSJ""], ""fee_bp_illiquid"": 5.0, ""fee_bp_liquid"": 1.0, ""funding_weight"": 0.0, ""min_cross_section"": 10, ""min_days_per_week"": 3, ""nprocs"": 1, ""q_top_frac"": 0.2, ""quintile_frac"": 0.2, ""rank_min_periods"": 26, ""rank_window_weeks"": 52, ""ranking_frame"": ""TS"", ""require_continuous_trading"": true, ""require_finite_positive_prices"": true, ""smooth_window_weeks"": 20, ""tskd_diff_order"": ""avg_then_diff"", ""tskd_min_bars_per_side"": 20, ""turnover_cap"": 0.5, ""vol_min_periods"": 13, ""vol_window_weeks"": 26}",0.2117998303527215,MON,347.0
6940d697407bfdee9750ffac58b4a6fc,"{""anchor"": ""MON"", ""avol_lookback_weeks"": 12, ""book_weighting"": ""risk_parity"", ""clip_forward_return"": 1.0, ""construction"": ""books"", ""cost_multiple"": 1.0, ""cpvv_window"": ""week"", ""factors"": [""OFI""], ""fee_bp_illiquid"": 5.0, ""fee_bp_liquid"": 1.0, ""funding_weight"": 0.5, ""min_cross_section"": 10, ""min_days_per_week"": 3, ""nprocs"": 1, ""q_top_frac"": 0.2, ""quintile_frac"": 0.2, ""rank_min_periods"": 26, ""rank_window_weeks"": 52, ""ranking_frame"": ""TS"", ""require_continuous_trading"": true, ""require_finite_positive_prices"": true, ""smooth_window_weeks"": 20, ""tskd_diff_order"": ""avg_then_diff"", ""tskd_min_bars_per_side"": 20, ""turnover_cap"": 0.5, ""vol_min_periods"": 13, ""vol_window_weeks"": 26}",0.8276490832529001,MON,347.0
1d9b9d74cc523460e083a0e4d29c08d5,"{""anchor"": ""MON"", ""avol_lookback_weeks"": 12, ""book_weighting"": ""risk_parity"", ""clip_forward_return"": 1.0, ""construction"": ""books"", ""cost_multiple"": 1.0, ""cpvv_window"": ""week"", ""factors"": [""OFI""], ""fee_bp_illiquid"": 5.0, ""fee_bp_liquid"": 1.0, ""funding_weight"": 0.0, ""min_cross_section"": 10, ""min_days_per_week"": 3, ""nprocs"": 1, ""q_top_frac"": 0.2, ""quintile_frac"": 0.2, ""rank_min_periods"": 26, ""rank_window_weeks"": 52, ""ranking_frame"": ""TS"", ""require_continuous_trading"": true, ""require_finite_positive_prices"": true, ""smooth_window_weeks"": 20, ""tskd_diff_order"": ""avg_then_diff"", ""tskd_min_bars_per_side"": 20, ""turnover_cap"": 0.5, ""vol_min_periods"": 13, ""vol_window_weeks"": 26}",0.4620757395136084,MON,347.0
0aa1f2836349620502704497c4fc8ece,"{""anchor"": ""MON"", ""avol_lookback_weeks"": 12, ""book_weighting"": ""risk_parity"", ""clip_forward_return"": 1.0, ""construction"": ""books"", ""cost_multiple"": 1.0, ""cpvv_window"": ""week"", ""factors"": [""CPVm""], ""fee_bp_illiquid"": 5.0, ""fee_bp_liquid"": 1.0, ""funding_weight"": 0.5, ""min_cross_section"": 10, ""min_days_per_week"": 3, ""nprocs"": 1, ""q_top_frac"": 0.2, ""quintile_frac"": 0.2, ""rank_min_periods"": 26, ""rank_window_weeks"": 52, ""ranking_frame"": ""TS"", ""require_continuous_trading"": true, ""require_finite_positive_prices"": true, ""smooth_window_weeks"": 20, ""tskd_diff_order"": ""avg_then_diff"", ""tskd_min_bars_per_side"": 20, ""turnover_cap"": 0.5, ""vol_min_periods"": 13, ""vol_window_weeks"": 26}",0.8132490602056643,MON,347.0
56f4974840c6af64dd496c28e67234cc,"{""anchor"": ""MON"", ""avol_lookback_weeks"": 12, ""book_weighting"": ""risk_parity"", ""clip_forward_return"": 1.0, ""construction"": ""books"", ""cost_multiple"": 1.0, ""cpvv_window"": ""week"", ""factors"": [""CPVm""], ""fee_bp_illiquid"": 5.0, ""fee_bp_liquid"": 1.0, ""funding_weight"": 0.0, ""min_cross_section"": 10, ""min_days_per_week"": 3, ""nprocs"": 1, ""q_top_frac"": 0.2, ""quintile_frac"": 0.2, ""rank_min_periods"": 26, ""rank_window_weeks"": 52, ""ranking_frame"": ""TS"", ""require_continuous_trading"": true, ""require_finite_positive_prices"": true, ""smooth_window_weeks"": 20, ""tskd_diff_order"": ""avg_then_diff"", ""tskd_min_bars_per_side"": 20, ""turnover_cap"": 0.5, ""vol_min_periods"": 13, ""vol_window_weeks"": 26}",0.4786733810606553,MON,347.0
d700a18459c408c9084b840a9b798dbe,"{""anchor"": ""MON"", ""avol_lookback_weeks"": 12, ""book_weighting"": ""risk_parity"", ""clip_forward_return"": 1.0, ""construction"": ""books"", ""cost_multiple"": 1.0, ""cpvv_window"": ""week"", ""factors"": [""CPVv""], ""fee_bp_illiquid"": 5.0, ""fee_bp_liquid"": 1.0, ""funding_weight"": 0.5, ""min_cross_section"": 10, ""min_days_per_week"": 3, ""nprocs"": 1, ""q_top_frac"": 0.2, ""quintile_frac"": 0.2, ""rank_min_periods"": 26, ""rank_window_weeks"": 52, ""ranking_frame"": ""TS"", ""require_continuous_trading"": true, ""require_finite_positive_prices"": true, ""smooth_window_weeks"": 20, ""tskd_diff_order"": ""avg_then_diff"", ""tskd_min_bars_per_side"": 20, ""turnover_cap"": 0.5, ""vol_min_periods"": 13, ""vol_window_weeks"": 26}",1.1087102930659922,MON,347.0
3f30615232e8e220598531c740509047,"{""anchor"": ""MON"", ""avol_lookback_weeks"": 12, ""book_weighting"": ""risk_parity"", ""clip_forward_return"": 1.0, ""construction"": ""books"", ""cost_multiple"": 1.0, ""cpvv_window"": ""week"", ""factors"": [""CPVv""], ""fee_bp_illiquid"": 5.0, ""fee_bp_liquid"": 1.0, ""funding_weight"": 0.0, ""min_cross_section"": 10, ""min_days_per_week"": 3, ""nprocs"": 1, ""q_top_frac"": 0.2, ""quintile_frac"": 0.2, ""rank_min_periods"": 26, ""rank_window_weeks"": 52, ""ranking_frame"": ""TS"", ""require_continuous_trading"": true, ""require_finite_positive_prices"": true, ""smooth_window_weeks"": 20, ""tskd_diff_order"": ""avg_then_diff"", ""tskd_min_bars_per_side"": 20, ""turnover_cap"": 0.5, ""vol_min_periods"": 13, ""vol_window_weeks"": 26}",0.6465099156304445,MON,347.0
0e11a47159178b35ce26d249226576dc,"{""anchor"": ""MON"", ""avol_lookback_weeks"": 12, ""book_weighting"": ""risk_parity"", ""clip_forward_return"": 1.0, ""construction"": ""books"", ""cost_multiple"": 1.0, ""cpvv_window"": ""week"", ""factors"": [""WRspread""], ""fee_bp_illiquid"": 5.0, ""fee_bp_liquid"": 1.0, ""funding_weight"": 0.5, ""min_cross_section"": 10, ""min_days_per_week"": 3, ""nprocs"": 1, ""q_top_frac"": 0.2, ""quintile_frac"": 0.2, ""rank_min_periods"": 26, ""rank_window_weeks"": 52, ""ranking_frame"": ""TS"", ""require_continuous_trading"": true, ""require_finite_positive_prices"": true, ""smooth_window_weeks"": 20, ""tskd_diff_order"": ""avg_then_diff"", ""tskd_min_bars_per_side"": 20, ""turnover_cap"": 0.5, ""vol_min_periods"": 13, ""vol_window_weeks"": 26}",,MON,347.0
447920e152a3c06715295db158a966cb,"{""anchor"": ""MON"", ""avol_lookback_weeks"": 12, ""book_weighting"": ""risk_parity"", ""clip_forward_return"": 1.0, ""construction"": ""books"", ""cost_multiple"": 1.0, ""cpvv_window"": ""week"", ""factors"": [""WRspread""], ""fee_bp_illiquid"": 5.0, ""fee_bp_liquid"": 1.0, ""funding_weight"": 0.0, ""min_cross_section"": 10, ""min_days_per_week"": 3, ""nprocs"": 1, ""q_top_frac"": 0.2, ""quintile_frac"": 0.2, ""rank_min_periods"": 26, ""rank_window_weeks"": 52, ""ranking_frame"": ""TS"", ""require_continuous_trading"": true, ""require_finite_positive_prices"": true, ""smooth_window_weeks"": 20, ""tskd_diff_order"": ""avg_then_diff"", ""tskd_min_bars_per_side"": 20, ""turnover_cap"": 0.5, ""vol_min_periods"": 13, ""vol_window_weeks"": 26}",,MON,347.0
987e166e106071a2a4a0f9b8a0f3b51f,"{""anchor"": ""MON"", ""avol_lookback_weeks"": 12, ""book_weighting"": ""risk_parity"", ""clip_forward_return"": 1.0, ""construction"": ""books"", ""cost_multiple"": 1.0, ""cpvv_window"": ""week"", ""factors"": [""TopChg""], ""fee_bp_illiquid"": 5.0, ""fee_bp_liquid"": 1.0, ""funding_weight"": 0.5, ""min_cross_section"": 10, ""min_days_per_week"": 3, ""nprocs"": 1, ""q_top_frac"": 0.2, ""quintile_frac"": 0.2, ""rank_min_periods"": 26, ""rank_window_weeks"": 52, ""ranking_frame"": ""TS"", ""require_continuous_trading"": true, ""require_finite_positive_prices"": true, ""smooth_window_weeks"": 20, ""tskd_diff_order"": ""avg_then_diff"", ""tskd_min_bars_per_side"": 20, ""turnover_cap"": 0.5, ""vol_min_periods"": 13, ""vol_window_weeks"": 26}",,MON,347.0
119ce82977bf23235073d916a60118d5,"{""anchor"": ""MON"", ""avol_lookback_weeks"": 12, ""book_weighting"": ""risk_parity"", ""clip_forward_return"": 1.0, ""construction"": ""books"", ""cost_multiple"": 1.0, ""cpvv_window"": ""week"", ""factors"": [""TopChg""], ""fee_bp_illiquid"": 5.0, ""fee_bp_liquid"": 1.0, ""funding_weight"": 0.0, ""min_cross_section"": 10, ""min_days_per_week"": 3, ""nprocs"": 1, ""q_top_frac"": 0.2, ""quintile_frac"": 0.2, ""rank_min_periods"": 26, ""rank_window_weeks"": 52, ""ranking_frame"": ""TS"", ""require_continuous_trading"": true, ""require_finite_positive_prices"": true, ""smooth_window_weeks"": 20, ""tskd_diff_order"": ""avg_then_diff"", ""tskd_min_bars_per_side"": 20, ""turnover_cap"": 0.5, ""vol_min_periods"": 13, ""vol_window_weeks"": 26}",,MON,347.0
acf343f875e30d97520903146e89216b,"{""anchor"": ""MON"", ""avol_lookback_weeks"": 12, ""book_weighting"": ""risk_parity"", ""clip_forward_return"": 1.0, ""construction"": ""books"", ""cost_multiple"": 1.0, ""cpvv_window"": ""week"", ""factors"": [""Quad""], ""fee_bp_illiquid"": 5.0, ""fee_bp_liquid"": 1.0, ""funding_weight"": 0.5, ""min_cross_section"": 10, ""min_days_per_week"": 3, ""nprocs"": 1, ""q_top_frac"": 0.2, ""quintile_frac"": 0.2, ""rank_min_periods"": 26, ""rank_window_weeks"": 52, ""ranking_frame"": ""TS"", ""require_continuous_trading"": true, ""require_finite_positive_prices"": true, ""smooth_window_weeks"": 20, ""tskd_diff_order"": ""avg_then_diff"", ""tskd_min_bars_per_side"": 20, ""turnover_cap"": 0.5, ""vol_min_periods"": 13, ""vol_window_weeks"": 26}",,MON,347.0
aca0335330d26033b5461812f82831a4,"{""anchor"": ""MON"", ""avol_lookback_weeks"": 12, ""book_weighting"": ""risk_parity"", ""clip_forward_return"": 1.0, ""construction"": ""books"", ""cost_multiple"": 1.0, ""cpvv_window"": ""week"", ""factors"": [""Quad""], ""fee_bp_illiquid"": 5.0, ""fee_bp_liquid"": 1.0, ""funding_weight"": 0.0, ""min_cross_section"": 10, ""min_days_per_week"": 3, ""nprocs"": 1, ""q_top_frac"": 0.2, ""quintile_frac"": 0.2, ""rank_min_periods"": 26, ""rank_window_weeks"": 52, ""ranking_frame"": ""TS"", ""require_continuous_trading"": true, ""require_finite_positive_prices"": true, ""smooth_window_weeks"": 20, ""tskd_diff_order"": ""avg_then_diff"", ""tskd_min_bars_per_side"": 20, ""turnover_cap"": 0.5, ""vol_min_periods"": 13, ""vol_window_weeks"": 26}",,MON,347.0
aca9376a3bdce774130e9dbfc82c7b1b,"{""anchor"": ""MON"", ""avol_lookback_weeks"": 12, ""book_weighting"": ""risk_parity"", ""clip_forward_return"": 1.0, ""construction"": ""books"", ""cost_multiple"": 1.0, ""cpvv_window"": ""week"", ""factors"": [""TKU""], ""fee_bp_illiquid"": 5.0, ""fee_bp_liquid"": 1.0, ""funding_weight"": 0.5, ""min_cross_section"": 10, ""min_days_per_week"": 3, ""nprocs"": 1, ""q_top_frac"": 0.2, ""quintile_frac"": 0.2, ""rank_min_periods"": 26, ""rank_window_weeks"": 52, ""ranking_frame"": ""TS"", ""require_continuous_trading"": true, ""require_finite_positive_prices"": true, ""smooth_window_weeks"": 20, ""tskd_diff_order"": ""avg_then_diff"", ""tskd_min_bars_per_side"": 20, ""turnover_cap"": 0.5, ""vol_min_periods"": 13, ""vol_window_weeks"": 26}",0.9442438837973456,MON,347.0
7386142faf398da326d9050370ad91b2,"{""anchor"": ""MON"", ""avol_lookback_weeks"": 12, ""book_weighting"": ""risk_parity"", ""clip_forward_return"": 1.0, ""construction"": ""books"", ""cost_multiple"": 1.0, ""cpvv_window"": ""week"", ""factors"": [""TKU""], ""fee_bp_illiquid"": 5.0, ""fee_bp_liquid"": 1.0, ""funding_weight"": 0.0, ""min_cross_section"": 10, ""min_days_per_week"": 3, ""nprocs"": 1, ""q_top_frac"": 0.2, ""quintile_frac"": 0.2, ""rank_min_periods"": 26, ""rank_window_weeks"": 52, ""ranking_frame"": ""TS"", ""require_continuous_trading"": true, ""require_finite_positive_prices"": true, ""smooth_window_weeks"": 20, ""tskd_diff_order"": ""avg_then_diff"", ""tskd_min_bars_per_side"": 20, ""turnover_cap"": 0.5, ""vol_min_periods"": 13, ""vol_window_weeks"": 26}",0.610265442502646,MON,347.0
790c85ac8ed8d75ab7a72b5e1fbb69a4,"{""anchor"": ""MON"", ""avol_lookback_weeks"": 12, ""book_weighting"": ""risk_parity"", ""clip_forward_return"": 1.0, ""construction"": ""books"", ""cost_multiple"": 1.0, ""cpvv_window"": ""week"", ""factors"": [""TSKD""], ""fee_bp_illiquid"": 5.0, ""fee_bp_liquid"": 1.0, ""funding_weight"": 0.5, ""min_cross_section"": 10, ""min_days_per_week"": 3, ""nprocs"": 1, ""q_top_frac"": 0.2, ""quintile_frac"": 0.2, ""rank_min_periods"": 26, ""rank_window_weeks"": 52, ""ranking_frame"": ""TS"", ""require_continuous_trading"": true, ""require_finite_positive_prices"": true, ""smooth_window_weeks"": 20, ""tskd_diff_order"": ""avg_then_diff"", ""tskd_min_bars_per_side"": 20, ""turnover_cap"": 0.5, ""vol_min_periods"": 13, ""vol_window_weeks"": 26}",0.8286801457257675,MON,347.0
cd9d92809189c063e729afa0e7a29c10,"{""anchor"": ""MON"", ""avol_lookback_weeks"": 12, ""book_weighting"": ""risk_parity"", ""clip_forward_return"": 1.0, ""construction"": ""books"", ""cost_multiple"": 1.0, ""cpvv_window"": ""week"", ""factors"": [""TSKD""], ""fee_bp_illiquid"": 5.0, ""fee_bp_liquid"": 1.0, ""funding_weight"": 0.0, ""min_cross_section"": 10, ""min_days_per_week"": 3, ""nprocs"": 1, ""q_top_frac"": 0.2, ""quintile_frac"": 0.2, ""rank_min_periods"": 26, ""rank_window_weeks"": 52, ""ranking_frame"": ""TS"", ""require_continuous_trading"": true, ""require_finite_positive_prices"": true, ""smooth_window_weeks"": 20, ""tskd_diff_order"": ""avg_then_diff"", ""tskd_min_bars_per_side"": 20, ""turnover_cap"": 0.5, ""vol_min_periods"": 13, ""vol_window_weeks"": 26}",0.3962155150604607,MON,347.0
34db81ab59bd99afedbd5525ba2480f2,"{""anchor"": ""MON"", ""avol_lookback_weeks"": 12, ""book_weighting"": ""equal"", ""clip_forward_return"": 1.0, ""construction"": ""books"", ""cost_multiple"": 1.0, ""cpvv_window"": ""week"", ""factors"": null, ""fee_bp_illiquid"": 5.0, ""fee_bp_liquid"": 1.0, ""funding_weight"": 0.5, ""min_cross_section"": 10, ""min_days_per_week"": 3, ""nprocs"": 1, ""q_top_frac"": 0.2, ""quintile_frac"": 0.2, ""rank_min_periods"": 26, ""rank_window_weeks"": 52, ""ranking_frame"": ""XS"", ""require_continuous_trading"": true, ""require_finite_positive_prices"": true, ""smooth_window_weeks"": 20, ""tskd_diff_order"": ""avg_then_diff"", ""tskd_min_bars_per_side"": 20, ""turnover_cap"": 0.5, ""vol_min_periods"": 13, ""vol_window_weeks"": 26}",1.339435191413728,MON,347.0
15aeddd2bef7d9f8178f7c8f80d94bf0,"{""anchor"": ""MON"", ""avol_lookback_weeks"": 12, ""book_weighting"": ""risk_parity"", ""clip_forward_return"": 1.0, ""construction"": ""books"", ""cost_multiple"": 1.0, ""cpvv_window"": ""week"", ""factors"": null, ""fee_bp_illiquid"": 5.0, ""fee_bp_liquid"": 1.0, ""funding_weight"": 0.5, ""min_cross_section"": 10, ""min_days_per_week"": 3, ""nprocs"": 1, ""q_top_frac"": 0.2, ""quintile_frac"": 0.2, ""rank_min_periods"": 26, ""rank_window_weeks"": 52, ""ranking_frame"": ""XS"", ""require_continuous_trading"": true, ""require_finite_positive_prices"": true, ""smooth_window_weeks"": 20, ""tskd_diff_order"": ""avg_then_diff"", ""tskd_min_bars_per_side"": 20, ""turnover_cap"": 0.5, ""vol_min_periods"": 13, ""vol_window_weeks"": 26}",1.2545083716840828,MON,347.0
822b39b05c74c54807db6508a7be53a7,"{""anchor"": ""MON"", ""avol_lookback_weeks"": 12, ""book_weighting"": ""equal"", ""clip_forward_return"": 1.0, ""construction"": ""blend"", ""cost_multiple"": 1.0, ""cpvv_window"": ""week"", ""factors"": null, ""fee_bp_illiquid"": 5.0, ""fee_bp_liquid"": 1.0, ""funding_weight"": 0.5, ""min_cross_section"": 10, ""min_days_per_week"": 3, ""nprocs"": 1, ""q_top_frac"": 0.2, ""quintile_frac"": 0.2, ""rank_min_periods"": 26, ""rank_window_weeks"": 52, ""ranking_frame"": ""XS"", ""require_continuous_trading"": true, ""require_finite_positive_prices"": true, ""smooth_window_weeks"": 20, ""tskd_diff_order"": ""avg_then_diff"", ""tskd_min_bars_per_side"": 20, ""turnover_cap"": 0.5, ""vol_min_periods"": 13, ""vol_window_weeks"": 26}",,MON,347.0
5a2a58e55a793b051af658a3948da98f,"{""anchor"": ""MON"", ""avol_lookback_weeks"": 12, ""book_weighting"": ""risk_parity"", ""clip_forward_return"": 1.0, ""construction"": ""blend"", ""cost_multiple"": 1.0, ""cpvv_window"": ""week"", ""factors"": null, ""fee_bp_illiquid"": 5.0, ""fee_bp_liquid"": 1.0, ""funding_weight"": 0.5, ""min_cross_section"": 10, ""min_days_per_week"": 3, ""nprocs"": 1, ""q_top_frac"": 0.2, ""quintile_frac"": 0.2, ""rank_min_periods"": 26, ""rank_window_weeks"": 52, ""ranking_frame"": ""XS"", ""require_continuous_trading"": true, ""require_finite_positive_prices"": true, ""smooth_window_weeks"": 20, ""tskd_diff_order"": ""avg_then_diff"", ""tskd_min_bars_per_side"": 20, ""turnover_cap"": 0.5, ""vol_min_periods"": 13, ""vol_window_weeks"": 26}",,MON,347.0
16eb8dfbe39660f9f03ddc47fa037b0f,"{""anchor"": ""MON"", ""avol_lookback_weeks"": 12, ""book_weighting"": ""equal"", ""clip_forward_return"": 1.0, ""construction"": ""books"", ""cost_multiple"": 1.0, ""cpvv_window"": ""week"", ""factors"": null, ""fee_bp_illiquid"": 5.0, ""fee_bp_liquid"": 1.0, ""funding_weight"": 0.5, ""min_cross_section"": 10, ""min_days_per_week"": 3, ""nprocs"": 1, ""q_top_frac"": 0.2, ""quintile_frac"": 0.2, ""rank_min_periods"": 26, ""rank_window_weeks"": 52, ""ranking_frame"": ""TS"", ""require_continuous_trading"": true, ""require_finite_positive_prices"": true, ""smooth_window_weeks"": 20, ""tskd_diff_order"": ""avg_then_diff"", ""tskd_min_bars_per_side"": 20, ""turnover_cap"": 0.5, ""vol_min_periods"": 13, ""vol_window_weeks"": 26}",1.3215395477595264,MON,347.0
832ae6194afa5f3c8d3134068954f89a,"{""anchor"": ""MON"", ""avol_lookback_weeks"": 12, ""book_weighting"": ""risk_parity"", ""clip_forward_return"": 1.0, ""construction"": ""books"", ""cost_multiple"": 1.0, ""cpvv_window"": ""week"", ""factors"": null, ""fee_bp_illiquid"": 5.0, ""fee_bp_liquid"": 1.0, ""funding_weight"": 0.5, ""min_cross_section"": 10, ""min_days_per_week"": 3, ""nprocs"": 1, ""q_top_frac"": 0.2, ""quintile_frac"": 0.2, ""rank_min_periods"": 26, ""rank_window_weeks"": 52, ""ranking_frame"": ""TS"", ""require_continuous_trading"": true, ""require_finite_positive_prices"": true, ""smooth_window_weeks"": 20, ""tskd_diff_order"": ""avg_then_diff"", ""tskd_min_bars_per_side"": 20, ""turnover_cap"": 0.5, ""vol_min_periods"": 13, ""vol_window_weeks"": 26}",1.584570701823821,MON,347.0
4f59222735fc471bc422824a24fa4ef3,"{""anchor"": ""MON"", ""avol_lookback_weeks"": 12, ""book_weighting"": ""equal"", ""clip_forward_return"": 1.0, ""construction"": ""blend"", ""cost_multiple"": 1.0, ""cpvv_window"": ""week"", ""factors"": null, ""fee_bp_illiquid"": 5.0, ""fee_bp_liquid"": 1.0, ""funding_weight"": 0.5, ""min_cross_section"": 10, ""min_days_per_week"": 3, ""nprocs"": 1, ""q_top_frac"": 0.2, ""quintile_frac"": 0.2, ""rank_min_periods"": 26, ""rank_window_weeks"": 52, ""ranking_frame"": ""TS"", ""require_continuous_trading"": true, ""require_finite_positive_prices"": true, ""smooth_window_weeks"": 20, ""tskd_diff_order"": ""avg_then_diff"", ""tskd_min_bars_per_side"": 20, ""turnover_cap"": 0.5, ""vol_min_periods"": 13, ""vol_window_weeks"": 26}",,MON,347.0
51a240d974851ecf2e8bdcfd8ca95b2f,"{""anchor"": ""MON"", ""avol_lookback_weeks"": 12, ""book_weighting"": ""risk_parity"", ""clip_forward_return"": 1.0, ""construction"": ""blend"", ""cost_multiple"": 1.0, ""cpvv_window"": ""week"", ""factors"": null, ""fee_bp_illiquid"": 5.0, ""fee_bp_liquid"": 1.0, ""funding_weight"": 0.5, ""min_cross_section"": 10, ""min_days_per_week"": 3, ""nprocs"": 1, ""q_top_frac"": 0.2, ""quintile_frac"": 0.2, ""rank_min_periods"": 26, ""rank_window_weeks"": 52, ""ranking_frame"": ""TS"", ""require_continuous_trading"": true, ""require_finite_positive_prices"": true, ""smooth_window_weeks"": 20, ""tskd_diff_order"": ""avg_then_diff"", ""tskd_min_bars_per_side"": 20, ""turnover_cap"": 0.5, ""vol_min_periods"": 13, ""vol_window_weeks"": 26}",,MON,347.0
34db81ab59bd99afedbd5525ba2480f2,"{""anchor"": ""MON"", ""avol_lookback_weeks"": 12, ""book_weighting"": ""equal"", ""clip_forward_return"": 1.0, ""construction"": ""books"", ""cost_multiple"": 1.0, ""cpvv_window"": ""week"", ""factors"": null, ""fee_bp_illiquid"": 5.0, ""fee_bp_liquid"": 1.0, ""funding_weight"": 0.5, ""min_cross_section"": 10, ""min_days_per_week"": 3, ""nprocs"": 1, ""q_top_frac"": 0.2, ""quintile_frac"": 0.2, ""rank_min_periods"": 26, ""rank_window_weeks"": 52, ""ranking_frame"": ""XS"", ""require_continuous_trading"": true, ""require_finite_positive_prices"": true, ""smooth_window_weeks"": 20, ""tskd_diff_order"": ""avg_then_diff"", ""tskd_min_bars_per_side"": 20, ""turnover_cap"": 0.5, ""vol_min_periods"": 13, ""vol_window_weeks"": 26}",1.339435191413728,MON,347.0
15aeddd2bef7d9f8178f7c8f80d94bf0,"{""anchor"": ""MON"", ""avol_lookback_weeks"": 12, ""book_weighting"": ""risk_parity"", ""clip_forward_return"": 1.0, ""construction"": ""books"", ""cost_multiple"": 1.0, ""cpvv_window"": ""week"", ""factors"": null, ""fee_bp_illiquid"": 5.0, ""fee_bp_liquid"": 1.0, ""funding_weight"": 0.5, ""min_cross_section"": 10, ""min_days_per_week"": 3, ""nprocs"": 1, ""q_top_frac"": 0.2, ""quintile_frac"": 0.2, ""rank_min_periods"": 26, ""rank_window_weeks"": 52, ""ranking_frame"": ""XS"", ""require_continuous_trading"": true, ""require_finite_positive_prices"": true, ""smooth_window_weeks"": 20, ""tskd_diff_order"": ""avg_then_diff"", ""tskd_min_bars_per_side"": 20, ""turnover_cap"": 0.5, ""vol_min_periods"": 13, ""vol_window_weeks"": 26}",1.2545083716840828,MON,347.0
822b39b05c74c54807db6508a7be53a7,"{""anchor"": ""MON"", ""avol_lookback_weeks"": 12, ""book_weighting"": ""equal"", ""clip_forward_return"": 1.0, ""construction"": ""blend"", ""cost_multiple"": 1.0, ""cpvv_window"": ""week"", ""factors"": null, ""fee_bp_illiquid"": 5.0, ""fee_bp_liquid"": 1.0, ""funding_weight"": 0.5, ""min_cross_section"": 10, ""min_days_per_week"": 3, ""nprocs"": 1, ""q_top_frac"": 0.2, ""quintile_frac"": 0.2, ""rank_min_periods"": 26, ""rank_window_weeks"": 52, ""ranking_frame"": ""XS"", ""require_continuous_trading"": true, ""require_finite_positive_prices"": true, ""smooth_window_weeks"": 20, ""tskd_diff_order"": ""avg_then_diff"", ""tskd_min_bars_per_side"": 20, ""turnover_cap"": 0.5, ""vol_min_periods"": 13, ""vol_window_weeks"": 26}",0.913466827512204,MON,347.0
5a2a58e55a793b051af658a3948da98f,"{""anchor"": ""MON"", ""avol_lookback_weeks"": 12, ""book_weighting"": ""risk_parity"", ""clip_forward_return"": 1.0, ""construction"": ""blend"", ""cost_multiple"": 1.0, ""cpvv_window"": ""week"", ""factors"": null, ""fee_bp_illiquid"": 5.0, ""fee_bp_liquid"": 1.0, ""funding_weight"": 0.5, ""min_cross_section"": 10, ""min_days_per_week"": 3, ""nprocs"": 1, ""q_top_frac"": 0.2, ""quintile_frac"": 0.2, ""rank_min_periods"": 26, ""rank_window_weeks"": 52, ""ranking_frame"": ""XS"", ""require_continuous_trading"": true, ""require_finite_positive_prices"": true, ""smooth_window_weeks"": 20, ""tskd_diff_order"": ""avg_then_diff"", ""tskd_min_bars_per_side"": 20, ""turnover_cap"": 0.5, ""vol_min_periods"": 13, ""vol_window_weeks"": 26}",0.913466827512204,MON,347.0
16eb8dfbe39660f9f03ddc47fa037b0f,"{""anchor"": ""MON"", ""avol_lookback_weeks"": 12, ""book_weighting"": ""equal"", ""clip_forward_return"": 1.0, ""construction"": ""books"", ""cost_multiple"": 1.0, ""cpvv_window"": ""week"", ""factors"": null, ""fee_bp_illiquid"": 5.0, ""fee_bp_liquid"": 1.0, ""funding_weight"": 0.5, ""min_cross_section"": 10, ""min_days_per_week"": 3, ""nprocs"": 1, ""q_top_frac"": 0.2, ""quintile_frac"": 0.2, ""rank_min_periods"": 26, ""rank_window_weeks"": 52, ""ranking_frame"": ""TS"", ""require_continuous_trading"": true, ""require_finite_positive_prices"": true, ""smooth_window_weeks"": 20, ""tskd_diff_order"": ""avg_then_diff"", ""tskd_min_bars_per_side"": 20, ""turnover_cap"": 0.5, ""vol_min_periods"": 13, ""vol_window_weeks"": 26}",1.3215395477595264,MON,347.0
832ae6194afa5f3c8d3134068954f89a,"{""anchor"": ""MON"", ""avol_lookback_weeks"": 12, ""book_weighting"": ""risk_parity"", ""clip_forward_return"": 1.0, ""construction"": ""books"", ""cost_multiple"": 1.0, ""cpvv_window"": ""week"", ""factors"": null, ""fee_bp_illiquid"": 5.0, ""fee_bp_liquid"": 1.0, ""funding_weight"": 0.5, ""min_cross_section"": 10, ""min_days_per_week"": 3, ""nprocs"": 1, ""q_top_frac"": 0.2, ""quintile_frac"": 0.2, ""rank_min_periods"": 26, ""rank_window_weeks"": 52, ""ranking_frame"": ""TS"", ""require_continuous_trading"": true, ""require_finite_positive_prices"": true, ""smooth_window_weeks"": 20, ""tskd_diff_order"": ""avg_then_diff"", ""tskd_min_bars_per_side"": 20, ""turnover_cap"": 0.5, ""vol_min_periods"": 13, ""vol_window_weeks"": 26}",1.584570701823821,MON,347.0
4f59222735fc471bc422824a24fa4ef3,"{""anchor"": ""MON"", ""avol_lookback_weeks"": 12, ""book_weighting"": ""equal"", ""clip_forward_return"": 1.0, ""construction"": ""blend"", ""cost_multiple"": 1.0, ""cpvv_window"": ""week"", ""factors"": null, ""fee_bp_illiquid"": 5.0, ""fee_bp_liquid"": 1.0, ""funding_weight"": 0.5, ""min_cross_section"": 10, ""min_days_per_week"": 3, ""nprocs"": 1, ""q_top_frac"": 0.2, ""quintile_frac"": 0.2, ""rank_min_periods"": 26, ""rank_window_weeks"": 52, ""ranking_frame"": ""TS"", ""require_continuous_trading"": true, ""require_finite_positive_prices"": true, ""smooth_window_weeks"": 20, ""tskd_diff_order"": ""avg_then_diff"", ""tskd_min_bars_per_side"": 20, ""turnover_cap"": 0.5, ""vol_min_periods"": 13, ""vol_window_weeks"": 26}",1.3536776958140928,MON,347.0
51a240d974851ecf2e8bdcfd8ca95b2f,"{""anchor"": ""MON"", ""avol_lookback_weeks"": 12, ""book_weighting"": ""risk_parity"", ""clip_forward_return"": 1.0, ""construction"": ""blend"", ""cost_multiple"": 1.0, ""cpvv_window"": ""week"", ""factors"": null, ""fee_bp_illiquid"": 5.0, ""fee_bp_liquid"": 1.0, ""funding_weight"": 0.5, ""min_cross_section"": 10, ""min_days_per_week"": 3, ""nprocs"": 1, ""q_top_frac"": 0.2, ""quintile_frac"": 0.2, ""rank_min_periods"": 26, ""rank_window_weeks"": 52, ""ranking_frame"": ""TS"", ""require_continuous_trading"": true, ""require_finite_positive_prices"": true, ""smooth_window_weeks"": 20, ""tskd_diff_order"": ""avg_then_diff"", ""tskd_min_bars_per_side"": 20, ""turnover_cap"": 0.5, ""vol_min_periods"": 13, ""vol_window_weeks"": 26}",1.3536776958140928,MON,347.0
832ae6194afa5f3c8d3134068954f89a,"{""anchor"": ""MON"", ""avol_lookback_weeks"": 12, ""book_weighting"": ""risk_parity"", ""clip_forward_return"": 1.0, ""construction"": ""books"", ""cost_multiple"": 1.0, ""cpvv_window"": ""week"", ""factors"": null, ""fee_bp_illiquid"": 5.0, ""fee_bp_liquid"": 1.0, ""funding_weight"": 0.5, ""min_cross_section"": 10, ""min_days_per_week"": 3, ""nprocs"": 1, ""q_top_frac"": 0.2, ""quintile_frac"": 0.2, ""rank_min_periods"": 26, ""rank_window_weeks"": 52, ""ranking_frame"": ""TS"", ""require_continuous_trading"": true, ""require_finite_positive_prices"": true, ""smooth_window_weeks"": 20, ""tskd_diff_order"": ""avg_then_diff"", ""tskd_min_bars_per_side"": 20, ""turnover_cap"": 0.5, ""vol_min_periods"": 13, ""vol_window_weeks"": 26}",1.584570701823821,MON,347.0
b2d914a9490512d4b4b872df9f1e7f18,"{""anchor"": ""MON"", ""avol_lookback_weeks"": 12, ""book_weighting"": ""risk_parity"", ""clip_forward_return"": 1.0, ""construction"": ""books"", ""cost_multiple"": 1, ""cpvv_window"": ""week"", ""factors"": null, ""fee_bp_illiquid"": 5.0, ""fee_bp_liquid"": 1.0, ""funding_weight"": 0.5, ""min_cross_section"": 10, ""min_days_per_week"": 3, ""nprocs"": 1, ""q_top_frac"": 0.2, ""quintile_frac"": 0.2, ""rank_min_periods"": 26, ""rank_window_weeks"": 52, ""ranking_frame"": ""TS"", ""require_continuous_trading"": true, ""require_finite_positive_prices"": true, ""smooth_window_weeks"": 20, ""tskd_diff_order"": ""avg_then_diff"", ""tskd_min_bars_per_side"": 20, ""turnover_cap"": 1.0, ""vol_min_periods"": 13, ""vol_window_weeks"": 26}",1.411098838074885,MON,347.0
84a1419f1f69bbbf274f4085acd0f9a7,"{""anchor"": ""MON"", ""avol_lookback_weeks"": 12, ""book_weighting"": ""risk_parity"", ""clip_forward_return"": 1.0, ""construction"": ""books"", ""cost_multiple"": 2, ""cpvv_window"": ""week"", ""factors"": null, ""fee_bp_illiquid"": 5.0, ""fee_bp_liquid"": 1.0, ""funding_weight"": 0.5, ""min_cross_section"": 10, ""min_days_per_week"": 3, ""nprocs"": 1, ""q_top_frac"": 0.2, ""quintile_frac"": 0.2, ""rank_min_periods"": 26, ""rank_window_weeks"": 52, ""ranking_frame"": ""TS"", ""require_continuous_trading"": true, ""require_finite_positive_prices"": true, ""smooth_window_weeks"": 20, ""tskd_diff_order"": ""avg_then_diff"", ""tskd_min_bars_per_side"": 20, ""turnover_cap"": 1.0, ""vol_min_periods"": 13, ""vol_window_weeks"": 26}",1.3469822497994706,MON,347.0
07f58d0e2beada05812d8a25a671e1b8,"{""anchor"": ""MON"", ""avol_lookback_weeks"": 12, ""book_weighting"": ""risk_parity"", ""clip_forward_return"": 1.0, ""construction"": ""books"", ""cost_multiple"": 4, ""cpvv_window"": ""week"", ""factors"": null, ""fee_bp_illiquid"": 5.0, ""fee_bp_liquid"": 1.0, ""funding_weight"": 0.5, ""min_cross_section"": 10, ""min_days_per_week"": 3, ""nprocs"": 1, ""q_top_frac"": 0.2, ""quintile_frac"": 0.2, ""rank_min_periods"": 26, ""rank_window_weeks"": 52, ""ranking_frame"": ""TS"", ""require_continuous_trading"": true, ""require_finite_positive_prices"": true, ""smooth_window_weeks"": 20, ""tskd_diff_order"": ""avg_then_diff"", ""tskd_min_bars_per_side"": 20, ""turnover_cap"": 1.0, ""vol_min_periods"": 13, ""vol_window_weeks"": 26}",1.218638624675029,MON,347.0
604240c8416118bb3394a3ebff17002b,"{""anchor"": ""MON"", ""avol_lookback_weeks"": 12, ""book_weighting"": ""risk_parity"", ""clip_forward_return"": 1.0, ""construction"": ""books"", ""cost_multiple"": 8, ""cpvv_window"": ""week"", ""factors"": null, ""fee_bp_illiquid"": 5.0, ""fee_bp_liquid"": 1.0, ""funding_weight"": 0.5, ""min_cross_section"": 10, ""min_days_per_week"": 3, ""nprocs"": 1, ""q_top_frac"": 0.2, ""quintile_frac"": 0.2, ""rank_min_periods"": 26, ""rank_window_weeks"": 52, ""ranking_frame"": ""TS"", ""require_continuous_trading"": true, ""require_finite_positive_prices"": true, ""smooth_window_weeks"": 20, ""tskd_diff_order"": ""avg_then_diff"", ""tskd_min_bars_per_side"": 20, ""turnover_cap"": 1.0, ""vol_min_periods"": 13, ""vol_window_weeks"": 26}",0.9615933414431368,MON,347.0
30e5b03ad46a76504ccdda1fd4861c88,"{""anchor"": ""MON"", ""avol_lookback_weeks"": 12, ""book_weighting"": ""risk_parity"", ""clip_forward_return"": 1.0, ""construction"": ""books"", ""cost_multiple"": 16, ""cpvv_window"": ""week"", ""factors"": null, ""fee_bp_illiquid"": 5.0, ""fee_bp_liquid"": 1.0, ""funding_weight"": 0.5, ""min_cross_section"": 10, ""min_days_per_week"": 3, ""nprocs"": 1, ""q_top_frac"": 0.2, ""quintile_frac"": 0.2, ""rank_min_periods"": 26, ""rank_window_weeks"": 52, ""ranking_frame"": ""TS"", ""require_continuous_trading"": true, ""require_finite_positive_prices"": true, ""smooth_window_weeks"": 20, ""tskd_diff_order"": ""avg_then_diff"", ""tskd_min_bars_per_side"": 20, ""turnover_cap"": 1.0, ""vol_min_periods"": 13, ""vol_window_weeks"": 26}",0.4467447014780646,MON,347.0
4490085994a12e441d518629bec5594d,"{""anchor"": ""MON"", ""avol_lookback_weeks"": 12, ""book_weighting"": ""risk_parity"", ""clip_forward_return"": 1.0, ""construction"": ""books"", ""cost_multiple"": 32, ""cpvv_window"": ""week"", ""factors"": null, ""fee_bp_illiquid"": 5.0, ""fee_bp_liquid"": 1.0, ""funding_weight"": 0.5, ""min_cross_section"": 10, ""min_days_per_week"": 3, ""nprocs"": 1, ""q_top_frac"": 0.2, ""quintile_frac"": 0.2, ""rank_min_periods"": 26, ""rank_window_weeks"": 52, ""ranking_frame"": ""TS"", ""require_continuous_trading"": true, ""require_finite_positive_prices"": true, ""smooth_window_weeks"": 20, ""tskd_diff_order"": ""avg_then_diff"", ""tskd_min_bars_per_side"": 20, ""turnover_cap"": 1.0, ""vol_min_periods"": 13, ""vol_window_weeks"": 26}",-0.5805876796062225,MON,347.0
2d38d7a9ea1b5d8e225d662d94873329,"{""anchor"": ""MON"", ""avol_lookback_weeks"": 12, ""book_weighting"": ""risk_parity"", ""clip_forward_return"": 1.0, ""construction"": ""books"", ""cost_multiple"": 1, ""cpvv_window"": ""week"", ""factors"": null, ""fee_bp_illiquid"": 5.0, ""fee_bp_liquid"": 1.0, ""funding_weight"": 0.5, ""min_cross_section"": 10, ""min_days_per_week"": 3, ""nprocs"": 1, ""q_top_frac"": 0.2, ""quintile_frac"": 0.2, ""rank_min_periods"": 26, ""rank_window_weeks"": 52, ""ranking_frame"": ""TS"", ""require_continuous_trading"": true, ""require_finite_positive_prices"": true, ""smooth_window_weeks"": 20, ""tskd_diff_order"": ""avg_then_diff"", ""tskd_min_bars_per_side"": 20, ""turnover_cap"": 0.5, ""vol_min_periods"": 13, ""vol_window_weeks"": 26}",1.584570701823821,MON,347.0
f27e52befc54aa3dc89232ccd0645133,"{""anchor"": ""MON"", ""avol_lookback_weeks"": 12, ""book_weighting"": ""risk_parity"", ""clip_forward_return"": 1.0, ""construction"": ""books"", ""cost_multiple"": 2, ""cpvv_window"": ""week"", ""factors"": null, ""fee_bp_illiquid"": 5.0, ""fee_bp_liquid"": 1.0, ""funding_weight"": 0.5, ""min_cross_section"": 10, ""min_days_per_week"": 3, ""nprocs"": 1, ""q_top_frac"": 0.2, ""quintile_frac"": 0.2, ""rank_min_periods"": 26, ""rank_window_weeks"": 52, ""ranking_frame"": ""TS"", ""require_continuous_trading"": true, ""require_finite_positive_prices"": true, ""smooth_window_weeks"": 20, ""tskd_diff_order"": ""avg_then_diff"", ""tskd_min_bars_per_side"": 20, ""turnover_cap"": 0.5, ""vol_min_periods"": 13, ""vol_window_weeks"": 26}",1.5436191253294436,MON,347.0
0d5b4547609c2f39f65daf36f099520b,"{""anchor"": ""MON"", ""avol_lookback_weeks"": 12, ""book_weighting"": ""risk_parity"", ""clip_forward_return"": 1.0, ""construction"": ""books"", ""cost_multiple"": 4, ""cpvv_window"": ""week"", ""factors"": null, ""fee_bp_illiquid"": 5.0, ""fee_bp_liquid"": 1.0, ""funding_weight"": 0.5, ""min_cross_section"": 10, ""min_days_per_week"": 3, ""nprocs"": 1, ""q_top_frac"": 0.2, ""quintile_frac"": 0.2, ""rank_min_periods"": 26, ""rank_window_weeks"": 52, ""ranking_frame"": ""TS"", ""require_continuous_trading"": true, ""require_finite_positive_prices"": true, ""smooth_window_weeks"": 20, ""tskd_diff_order"": ""avg_then_diff"", ""tskd_min_bars_per_side"": 20, ""turnover_cap"": 0.5, ""vol_min_periods"": 13, ""vol_window_weeks"": 26}",1.4616725778772366,MON,347.0
356ba552fc6a9a6d3666a508017ef675,"{""anchor"": ""MON"", ""avol_lookback_weeks"": 12, ""book_weighting"": ""risk_parity"", ""clip_forward_return"": 1.0, ""construction"": ""books"", ""cost_multiple"": 8, ""cpvv_window"": ""week"", ""factors"": null, ""fee_bp_illiquid"": 5.0, ""fee_bp_liquid"": 1.0, ""funding_weight"": 0.5, ""min_cross_section"": 10, ""min_days_per_week"": 3, ""nprocs"": 1, ""q_top_frac"": 0.2, ""quintile_frac"": 0.2, ""rank_min_periods"": 26, ""rank_window_weeks"": 52, ""ranking_frame"": ""TS"", ""require_continuous_trading"": true, ""require_finite_positive_prices"": true, ""smooth_window_weeks"": 20, ""tskd_diff_order"": ""avg_then_diff"", ""tskd_min_bars_per_side"": 20, ""turnover_cap"": 0.5, ""vol_min_periods"": 13, ""vol_window_weeks"": 26}",1.2976262682529405,MON,347.0
6f956ea73e90c267f6f25d4b1592d74c,"{""anchor"": ""MON"", ""avol_lookback_weeks"": 12, ""book_weighting"": ""risk_parity"", ""clip_forward_return"": 1.0, ""construction"": ""books"", ""cost_multiple"": 16, ""cpvv_window"": ""week"", ""factors"": null, ""fee_bp_illiquid"": 5.0, ""fee_bp_liquid"": 1.0, ""funding_weight"": 0.5, ""min_cross_section"": 10, ""min_days_per_week"": 3, ""nprocs"": 1, ""q_top_frac"": 0.2, ""quintile_frac"": 0.2, ""rank_min_periods"": 26, ""rank_window_weeks"": 52, ""ranking_frame"": ""TS"", ""require_continuous_trading"": true, ""require_finite_positive_prices"": true, ""smooth_window_weeks"": 20, ""tskd_diff_order"": ""avg_then_diff"", ""tskd_min_bars_per_side"": 20, ""turnover_cap"": 0.5, ""vol_min_periods"": 13, ""vol_window_weeks"": 26}",0.96908437545887,MON,347.0
3d10e9b5a2dec51040de965a1011061e,"{""anchor"": ""MON"", ""avol_lookback_weeks"": 12, ""book_weighting"": ""risk_parity"", ""clip_forward_return"": 1.0, ""construction"": ""books"", ""cost_multiple"": 32, ""cpvv_window"": ""week"", ""factors"": null, ""fee_bp_illiquid"": 5.0, ""fee_bp_liquid"": 1.0, ""funding_weight"": 0.5, ""min_cross_section"": 10, ""min_days_per_week"": 3, ""nprocs"": 1, ""q_top_frac"": 0.2, ""quintile_frac"": 0.2, ""rank_min_periods"": 26, ""rank_window_weeks"": 52, ""ranking_frame"": ""TS"", ""require_continuous_trading"": true, ""require_finite_positive_prices"": true, ""smooth_window_weeks"": 20, ""tskd_diff_order"": ""avg_then_diff"", ""tskd_min_bars_per_side"": 20, ""turnover_cap"": 0.5, ""vol_min_periods"": 13, ""vol_window_weeks"": 26}",0.3115176303559532,MON,347.0
